date,Spot price,Demand,Gas,Hydro Pump,Hydro R-o-R,Nuclear,Solar,Wind Offshore,Wind Onshore,Net Imports,Residual load,RES_pen
2022-10-03 00:00:00,197.95,7628.782499999999,2363.63,,5.06,4903.53,0.0,5.19,102.34,891.3074999999999,7521.2525,1.409530288745288
2022-10-03 01:00:00,189.91,7366.6425,2124.52,,4.9,4906.47,0.0,3.51,61.77,955.585,7301.3625,0.8861567532291679
2022-10-03 02:00:00,210.98,7245.1575,2104.01,,6.62,4907.98,0.0,3.51,44.06,948.195,7197.587500000001,0.6565764788412122
2022-10-03 03:00:00,188.41,6996.5225,2042.03,,6.54,4910.65,0.0,3.51,40.46,857.995,6952.5525,0.6284550646410413
2022-10-03 04:00:00,194.1,7132.8025,2112.24,,6.49,4913.58,0.0,4.12,40.27,824.9825,7088.412499999999,0.6223360313144798
2022-10-03 05:00:00,203.13,7625.9025,2528.87,113.76,5.03,4912.93,0.0,7.89,43.16,804.605,7574.8525,0.6694289626703199
2022-10-03 06:00:00,294.68,8641.397500000001,3084.45,31.56,5.06,4912.89,0.0,12.86,44.44,666.0325,8584.097500000002,0.6630871916261228
2022-10-03 07:00:00,316.63,9573.64,3551.46,375.01,5.14,4912.63,0.35,10.72,49.58,653.6525,9512.99,0.6335103471615813
2022-10-03 08:00:00,376.31,9907.18,3712.97,491.71,0.56,4278.79,262.93,16.21,45.75,805.9975,9582.29,3.2793388229546654
2022-10-03 09:00:00,370.89,10057.535,3892.65,564.64,0.0,3879.48,1105.34,35.82,31.64,583.5125,8884.735,11.660908960296931
2022-10-03 10:00:00,275.13,10214.2725,3462.37,28.95,0.0,3876.39,2142.58,62.85,24.32,860.9649999999999,7984.522499999999,21.829748521003335
2022-10-03 11:00:00,267.75,10262.465,3436.46,47.14,0.0,3870.36,2777.2,105.98,15.2,679.685,7364.085000000001,28.242532374044632
2022-10-03 12:00:00,237.66,9926.815,3455.38,60.74,0.0,3864.42,2822.98,142.22,13.87,439.4125,6947.745000000001,30.010330604529244
2022-10-03 13:00:00,189.53,9817.5275,3359.38,15.08,0.0,3860.14,2999.98,168.08,14.38,462.465,6635.0875,32.41590105044269
2022-10-03 14:00:00,213.51,9491.91,3535.89,,0.0,3858.42,2662.25,140.98,14.21,411.68,6674.469999999999,29.682540184220034
2022-10-03 15:00:00,185.24,9344.75,3748.31,69.73,0.0,3859.5,1867.6,109.35,14.31,519.9775,7353.49,21.308863265469913
2022-10-03 16:00:00,225.1,9421.0475,3780.98,5.21,0.0,3862.55,1387.28,50.54,17.88,570.0775,7965.347500000001,15.451572662169466
2022-10-03 17:00:00,333.5,9676.365,3941.22,163.32,0.0,3859.56,828.7,25.91,20.59,530.7025,8801.164999999999,9.04471875544174
2022-10-03 18:00:00,391.11,9964.0025,4024.88,362.03,0.0,3857.85,213.74,37.37,34.87,385.92999999999995,9678.022500000001,2.8701317567915106
2022-10-03 19:00:00,469.17,10148.7,4042.79,493.64,1.17,3860.21,1.87,110.13,64.31,280.03000000000003,9972.390000000001,1.7372668420585886
2022-10-03 20:00:00,379.85,9840.057499999999,3848.56,174.3,1.23,3864.67,0.0,326.43,87.45,739.6775,9426.1775,4.2060729828052335
2022-10-03 21:00:00,321.3,9187.7875,3829.5,147.89,1.23,3866.5,0.0,316.38,117.59,621.95,8753.817500000001,4.723335188150575
2022-10-03 22:00:00,318.42,8859.635,3800.25,,5.44,3866.19,0.0,525.11,143.47,380.74750000000006,8191.055,7.546360544198491
2022-10-03 23:00:00,284.3,8586.4275,3857.21,,5.05,3865.42,0.0,583.04,261.1,357.1575,7742.287499999999,9.831096809470528
2022-10-04 00:00:00,223.28,7966.675,3116.07,,5.1,3866.35,0.0,556.44,268.86,271.2425,7141.375,10.359403389745408
2022-10-04 01:00:00,196.63,7717.0675,2954.59,,5.06,3868.91,0.0,552.85,286.92,369.3325,6877.297500000001,10.881983344061718
2022-10-04 02:00:00,206.26,7510.465,3067.32,,5.1,3869.25,0.0,404.67,209.91,404.88,6895.885,8.182982012431987
2022-10-04 03:00:00,169.1,7343.0625,2670.77,,6.38,3870.28,0.0,305.83,192.42,83.32249999999999,6844.8125,6.785316072142924
2022-10-04 04:00:00,187.69,7459.8225,2714.11,,6.48,3871.42,0.0,475.51,208.02,56.19,6776.2925000000005,9.162818552318102
2022-10-04 05:00:00,196.92,7748.81,3124.16,,6.45,3870.17,0.0,498.7,290.41,298.13250000000005,6959.700000000001,10.183628195813291
2022-10-04 06:00:00,329.97,8775.72,4040.17,332.53,6.58,3870.01,0.0,380.65,482.35,-1083.6525000000001,7912.719999999999,9.833950946475047
2022-10-04 07:00:00,427.5,9735.975,4190.8,325.26,5.0,3867.38,0.0,594.7,649.59,-631.375,8491.685000000001,12.78033273503681
2022-10-04 08:00:00,497.39,10033.865,4005.73,391.94,0.92,3869.12,238.24,701.78,724.5,-673.5175,8369.345,16.589021279437187
2022-10-04 09:00:00,209.0,10158.8025,3847.08,406.14,0.0,3872.52,1151.45,721.2,511.44,-1294.1375,7774.7125,23.468218818113655
2022-10-04 10:00:00,184.79,10130.375,3491.47,146.81,0.0,3872.15,2174.96,879.3,314.96,-1235.045,6761.155,33.25859111829523
2022-10-04 11:00:00,154.0,10104.125,2712.83,,0.0,3865.9,3021.52,709.41,248.19,-1009.8925,6125.005,39.38114383976841
2022-10-04 12:00:00,147.51,9957.08,2419.32,,0.0,3857.34,3503.05,715.14,373.05,-443.24249999999995,5365.839999999999,46.11030543090947
2022-10-04 13:00:00,148.73,9885.56,2110.06,,0.0,3850.04,3675.6,913.51,389.97,197.13249999999996,4906.48,50.36720226269428
2022-10-04 14:00:00,134.92,9722.3325,2000.44,,0.0,3848.47,3512.25,1195.04,401.87,-7.492500000000028,4613.172500000001,52.550763924192054
2022-10-04 15:00:00,139.66,9620.2125,2023.64,,0.0,3845.6,2963.25,1531.62,425.9,192.61750000000006,4699.442499999999,51.150325421605814
2022-10-04 16:00:00,165.27,9467.42,2508.37,,0.0,3844.32,1851.56,1671.24,472.41,-445.64,5472.21,42.19956440086106
2022-10-04 17:00:00,183.9,9866.6975,3140.51,177.38,0.0,3846.76,737.28,1771.31,437.27,-421.6475,6920.837500000001,29.856595887327035
2022-10-04 18:00:00,377.37,10130.2475,3903.72,551.69,0.0,3846.6,176.37,1902.63,347.58,-614.245,7703.6675,23.95380764389024
2022-10-04 19:00:00,252.0,10346.135,3860.6,515.57,1.11,3844.55,1.11,1846.37,353.56,-1091.765,8145.095,21.274031317008717
2022-10-04 20:00:00,252.0,9870.744999999999,3832.1,514.7,1.17,3851.04,0.0,1750.39,397.22,-477.64000000000004,7723.134999999998,21.75732429517732
2022-10-04 21:00:00,169.1,9339.1,3576.95,513.5,1.17,3855.53,0.0,1784.94,542.38,-419.7600000000001,7011.780000000001,24.920174320866035
2022-10-04 22:00:00,164.9,9054.855,3015.22,10.57,5.28,3857.27,0.0,1758.44,691.49,-88.08000000000001,6604.924999999999,27.056534864445652
2022-10-04 23:00:00,147.03,8696.7525,2881.18,,5.15,3857.24,0.0,1828.53,705.5,-124.25249999999997,6162.722500000001,29.13765799360163
2022-10-05 00:00:00,192.31,8207.0175,1801.85,,5.05,3854.74,0.0,1925.59,643.65,683.0475,5637.7775,31.305404186112675
2022-10-05 01:00:00,177.19,7846.305,1475.08,,5.07,3855.71,0.0,1865.8,696.81,470.75750000000005,5283.695000000001,32.660086499314
2022-10-05 02:00:00,157.72,7501.9025,1453.73,,5.09,3857.64,0.0,1879.57,572.69,533.88,5049.6425,32.6885080151335
2022-10-05 03:00:00,110.97,7481.95,1430.46,,6.37,3853.64,0.0,1987.93,641.32,157.34499999999997,4852.7,35.141239917401215
2022-10-05 04:00:00,122.32,7476.51,1440.43,,6.5,3853.37,0.0,1979.71,632.5,-92.72999999999999,4864.3,34.93889528670462
2022-10-05 05:00:00,101.15,7797.3875,1467.62,,6.47,3853.78,0.0,1968.01,796.11,213.1375,5033.2675,35.449309143607394
2022-10-05 06:00:00,178.0,8665.4725,1579.97,63.05,6.4,3852.7,0.0,2032.49,943.7,-197.03,5689.282499999999,34.34538624408536
2022-10-05 07:00:00,227.02,9526.7175,1699.17,451.92,4.91,3851.04,0.0,2057.54,1017.92,-375.65500000000003,6451.257500000001,32.2824729504155
2022-10-05 08:00:00,234.14,9933.95,1583.53,667.24,2.85,3846.22,89.69,2079.73,1152.2,-242.0425,6612.330000000001,33.43705172665455
2022-10-05 09:00:00,190.5,10109.4725,1705.29,628.26,2.63,3851.47,340.0,2114.42,1105.26,234.265,6549.7925,35.21133273768736
2022-10-05 10:00:00,107.23,10200.91,1798.34,728.9,2.76,3849.86,624.13,2150.34,1128.82,129.0075,6297.62,38.26413525852105
2022-10-05 11:00:00,57.18,10104.6675,1735.75,333.1,2.78,3849.36,1169.38,2147.43,1297.69,-345.43749999999994,5490.1675,45.66701477312341
2022-10-05 12:00:00,32.38,9862.745,1744.38,,2.78,3846.4,1896.58,2096.24,1573.1,-17.952499999999958,4296.825000000001,56.43378187309922
2022-10-05 13:00:00,50.95,9658.96,1780.07,,2.78,3844.03,2270.49,2053.63,1671.68,-219.3875,3663.159999999999,62.07500600478727
2022-10-05 14:00:00,24.97,9445.535,1702.75,,2.78,3843.14,2040.86,2005.94,1690.73,-155.885,3708.004999999999,60.74330358206286
2022-10-05 15:00:00,36.89,9261.4575,1450.18,,2.78,3843.83,1464.64,2094.52,1685.06,2.4349999999999454,4017.237500000001,56.624132864616605
2022-10-05 16:00:00,81.93,9369.39,1741.38,,2.78,3845.86,886.83,2106.82,1708.99,97.73999999999997,4666.749999999999,50.191527943654826
2022-10-05 17:00:00,180.64,9729.625,1723.08,26.69,2.5,3848.32,395.22,2123.04,1579.57,347.395,5631.795,42.11703945424413
2022-10-05 18:00:00,209.6,9909.2425,1903.62,443.59,2.64,3853.65,68.97,2127.11,1436.81,316.8725,6276.3525,36.661631804852895
2022-10-05 19:00:00,241.1,10166.31,1956.91,93.45,3.81,3849.81,0.11,2130.54,1501.62,-199.43999999999994,6534.04,35.72849932768133
2022-10-05 20:00:00,188.14,9589.7975,1933.05,308.31,3.87,3846.32,0.0,2089.62,1432.87,366.13,6067.307500000001,36.731641100867876
2022-10-05 21:00:00,190.67,9054.355,1610.55,4.47,3.87,3844.18,0.0,2125.16,1481.54,436.835,5447.655,39.83386999957479
2022-10-05 22:00:00,182.4,8872.45,1457.71,67.39,3.87,3847.53,0.0,2141.71,1467.24,363.155,5263.500000000001,40.67591251570873
2022-10-05 23:00:00,159.43,8406.1525,1249.52,86.05,2.65,3854.64,0.0,2143.52,1300.43,324.3575000000001,4962.2025,40.96939711717102
2022-10-06 00:00:00,137.08,8109.9325,1035.5,,2.64,3857.46,0.0,2144.92,1269.18,-313.39250000000004,4695.8324999999995,42.09776098629675
2022-10-06 01:00:00,155.17,7880.845,1018.56,,2.64,3861.64,0.0,2094.53,1114.3,-527.6025000000001,4672.015,40.716826685463296
2022-10-06 02:00:00,149.22,7774.5325,1043.87,,2.64,3861.14,0.0,1853.39,887.81,-548.4524999999999,5033.3325,35.25871169745576
2022-10-06 03:00:00,87.1,7621.2675,1032.35,,2.64,3860.84,0.0,1773.32,706.33,-606.3475,5141.6175,32.53592660275997
2022-10-06 04:00:00,148.79,7892.665,1048.51,,2.64,3864.45,0.0,1478.86,710.77,-251.59999999999997,5703.035,27.742593914729692
2022-10-06 05:00:00,139.63,8207.5975,1187.61,,2.64,3865.52,0.0,1108.21,548.68,-20.982499999999973,6550.7075,20.187271610236735
2022-10-06 06:00:00,212.83,8932.15,1622.79,23.44,2.64,3866.57,0.0,1155.99,648.04,42.102500000000084,7128.12,20.197041025956796
2022-10-06 07:00:00,273.68,9784.0225,2178.09,315.67,2.64,3867.27,0.0,944.29,577.95,-131.0875,8261.7825,15.55842701710876
2022-10-06 08:00:00,309.02,9970.8625,2302.63,355.95,2.64,3866.1,251.96,940.86,509.39,-69.58000000000003,8268.6525,17.071843082782458
2022-10-06 09:00:00,176.0,10158.275,2326.99,259.29,0.08,3731.58,1227.67,919.6,373.29,50.762499999999996,7637.715,24.81287423307599
2022-10-06 10:00:00,150.01,10194.18,1964.94,244.63,0.06,3419.03,2368.24,717.05,252.71,66.94250000000001,6856.18,32.74417363632975
2022-10-06 11:00:00,173.32,10160.1975,1715.21,84.66,2.64,3415.78,3185.58,724.7,329.49,36.27749999999996,5920.427500000001,41.72920851194083
2022-10-06 12:00:00,191.55,9976.33,1454.8,,2.64,3413.26,3639.22,854.85,407.77,62.33500000000001,5074.49,49.134701839253516
2022-10-06 13:00:00,171.0,9893.95,1476.8,,2.64,3415.92,3741.14,1146.57,325.73,17.192500000000017,4680.510000000001,52.69321150804278
2022-10-06 14:00:00,172.54,9726.6275,1429.32,,2.64,3413.83,3490.0,1217.21,276.56,-212.78249999999997,4742.8575,51.23841742680081
2022-10-06 15:00:00,174.07,9654.74,1529.38,,2.64,3408.3,2958.83,1182.06,247.66,-265.26,5266.1900000000005,45.45487501475958
2022-10-06 16:00:00,150.0,9694.29,1706.23,3.53,2.64,3406.46,2065.62,1281.22,222.99,-322.08000000000004,6124.460000000001,36.82404797050635
2022-10-06 17:00:00,120.5,9777.4175,2241.94,265.19,2.64,3405.51,1032.35,1346.99,180.74,-560.975,7217.3375,26.183601140076103
2022-10-06 18:00:00,249.6,10071.4825,3245.96,527.68,3.79,3408.27,208.59,1476.99,130.22,-1006.0375,8255.6825,18.02912331923329
2022-10-06 19:00:00,380.58,10359.1775,3462.11,538.47,3.85,3413.02,1.99,1389.77,133.59,-808.155,8833.8275,14.724624614261122
2022-10-06 20:00:00,192.59,9998.3,3217.85,283.92,2.65,3416.77,0.0,1387.68,172.71,-486.505,8437.91,15.606553114029387
2022-10-06 21:00:00,200.0,9347.525,3103.96,153.11,2.64,3419.78,0.0,1355.46,251.98,-243.5649999999999,7740.084999999999,17.196423652250196
2022-10-06 22:00:00,173.45,8998.365,2936.71,157.66,0.05,3418.73,0.0,1402.61,298.32,-294.43500000000006,7297.4349999999995,18.902656204766085
2022-10-06 23:00:00,167.55,8588.8225,1868.36,32.84,0.0,3418.39,0.0,1250.12,293.61,-74.93749999999994,7045.092500000001,17.973709434558696
2022-10-07 00:00:00,155.18,8140.7625,1570.13,0.64,0.0,3420.69,0.0,1332.42,288.31,-12.24000000000003,6520.032499999999,19.908823037154075
2022-10-07 01:00:00,147.47,7750.995,1525.22,8.07,0.0,3426.12,0.0,1414.98,322.61,523.125,6013.405,22.41763799357373
2022-10-07 02:00:00,105.46,7588.7425,1422.58,,0.0,3427.53,0.0,1472.12,342.24,580.1975,5774.382500000001,23.908572467704627
2022-10-07 03:00:00,160.0,7637.75,1425.11,,0.0,3427.44,0.0,1490.31,457.55,644.635,5689.89,25.503060456286207
2022-10-07 04:00:00,151.0,7635.02,1449.34,,0.0,3427.29,0.0,1326.76,519.09,272.05999999999995,5789.17,24.17609908029055
2022-10-07 05:00:00,122.69,7963.5725,1569.34,0.04,0.0,3429.16,0.0,1249.76,600.02,520.8425,6113.7925000000005,23.228017325138936
2022-10-07 06:00:00,159.67,8616.575,2092.45,460.49,0.0,3422.75,0.0,1107.08,670.08,-318.5375,6839.415000000001,20.624900264896432
2022-10-07 07:00:00,335.77,9505.83,2572.4,530.98,0.0,3419.42,0.0,1135.21,707.43,-489.44000000000005,7663.1900000000005,19.384314678465742
2022-10-07 08:00:00,350.74,9810.4925,2517.51,201.4,0.0,3418.23,228.61,1193.47,704.62,-205.64749999999998,7683.7925000000005,21.677810772496894
2022-10-07 09:00:00,173.98,10050.2575,2137.56,,0.0,3417.99,1119.79,1552.88,539.9,580.0225,6837.6875,31.96505164171167
2022-10-07 10:00:00,155.3,10082.1775,1595.59,74.13,0.0,3412.98,2197.46,1403.24,353.37,105.5,6128.1075,39.2184128874938
2022-10-07 11:00:00,189.8,10015.970000000001,1449.58,,0.0,3408.99,3031.58,1669.92,310.84,-120.94750000000005,5003.630000000001,50.043480561543205
2022-10-07 12:00:00,70.0,9876.6525,1323.91,,0.0,3405.91,3473.13,1635.74,421.6,-188.92,4346.1825,55.9953891260222
2022-10-07 13:00:00,16.94,9483.355,1228.61,,0.0,3405.01,3600.95,1479.1,441.67,-119.55000000000003,3961.635,58.225385425305696
2022-10-07 14:00:00,106.59,9423.0075,1261.81,,0.0,3406.45,3390.13,1785.48,370.42,-235.40249999999992,3876.977499999999,58.85626218593162
2022-10-07 15:00:00,151.19,9184.215,1274.61,,0.0,3406.79,2869.35,1988.55,382.26,-24.51000000000004,3944.0550000000003,57.056155588692114
2022-10-07 16:00:00,135.1,9178.9225,1368.68,9.56,0.0,3411.36,1937.32,1991.23,421.44,-645.45,4828.932500000001,47.39107449703383
2022-10-07 17:00:00,106.51,9483.925,1795.52,318.69,0.0,3410.03,876.71,2030.88,435.41,-757.7775,6140.924999999999,35.24911890382938
2022-10-07 18:00:00,268.46,9620.9175,2382.48,617.57,0.0,3407.03,150.96,2091.41,424.95,-1056.6599999999999,6953.5975,27.72417495524725
2022-10-07 19:00:00,270.13,9852.31,2561.81,515.76,0.0,3407.35,0.81,2062.64,524.78,-1168.86,7264.08,26.27028585174441
2022-10-07 20:00:00,213.03,9604.3975,2345.46,419.6,0.0,3408.43,0.0,2023.91,679.46,-751.0875000000001,6901.027499999999,28.147210691769057
2022-10-07 21:00:00,154.3,8984.442500000001,1896.08,272.5,0.0,3411.59,0.0,2025.36,688.33,562.7325000000001,6270.7525000000005,30.204322638828174
2022-10-07 22:00:00,169.68,8881.91,1497.79,1.92,0.0,3415.97,0.0,2109.88,768.73,236.7025,6003.299999999999,32.40980825070284
2022-10-07 23:00:00,149.0,8432.0575,1496.86,14.91,0.0,3417.7,0.0,1683.79,846.84,700.8125,5901.427500000001,30.012010710315955
2022-10-08 00:00:00,133.6,7809.395,1302.27,55.91,0.0,3419.19,0.0,1317.99,880.68,737.5475,5610.725,28.154165591572717
2022-10-08 01:00:00,126.64,7567.845,999.89,,0.0,3432.14,0.0,1384.85,925.87,202.50249999999997,5257.125,30.533394909647328
2022-10-08 02:00:00,131.14,7319.094999999999,1016.75,,0.0,3496.8,0.0,1389.76,927.03,689.5475,5002.304999999999,31.654050125049615
2022-10-08 03:00:00,127.38,7290.605,1012.02,,0.0,3505.53,0.0,1353.07,911.82,-7.025000000000011,5025.715,31.065871762357173
2022-10-08 04:00:00,131.36,7118.01,1089.0,,0.0,3501.41,0.0,1029.2,678.33,70.36249999999998,5410.48,23.988867675094586
2022-10-08 05:00:00,139.59,7233.38,1064.71,,0.0,3496.19,0.0,1206.5,489.12,584.3975,5537.76,23.44159991594524
2022-10-08 06:00:00,163.81,7613.6,1176.1,17.64,0.0,3495.72,0.0,1267.26,442.41,626.0550000000001,5903.93,22.455474414206158
2022-10-08 07:00:00,168.84,8039.4425,1203.25,239.47,0.0,3493.5,0.0,1279.68,399.6,478.64,6360.1625,20.888015555805023
2022-10-08 08:00:00,174.47,8334.51,1227.52,504.95,0.0,3492.41,173.44,1109.5,394.68,529.76,6656.89,20.12859784198471
2022-10-08 09:00:00,167.5,8740.557499999999,1185.63,168.62,0.0,3493.29,1007.07,921.65,351.3,1149.095,6460.5374999999985,26.085521432700375
2022-10-08 10:00:00,100.0,9021.5175,1230.68,287.0,2.67,3492.78,2065.88,791.06,370.36,653.6775,5794.2175,35.773360745573015
2022-10-08 11:00:00,3.79,9013.4075,1071.2,,4.2,3515.36,2553.74,733.38,479.94,318.4,5246.3475,41.79396083001906
2022-10-08 12:00:00,-76.37,8761.075,970.51,,4.26,3641.84,2904.06,541.66,427.01,31.147499999999965,4888.345000000001,44.20382201955809
2022-10-08 13:00:00,-41.78,8559.325,1027.08,,4.26,3678.91,3038.95,310.23,423.1,366.03,4787.045000000001,44.07216690568473
2022-10-08 14:00:00,-32.91,8307.73,1100.48,,4.26,3681.26,2892.12,215.12,370.12,301.6875,4830.37,41.856921204709344
2022-10-08 15:00:00,50.01,8323.805,1216.09,,4.26,3683.12,2603.07,160.46,278.81,765.565,5281.465,36.54987112264163
2022-10-08 16:00:00,144.31,8267.3975,1569.98,,2.99,3686.93,1943.62,158.82,224.91,835.98,5940.047499999999,28.150938672054902
2022-10-08 17:00:00,176.6,8479.6525,2292.0,,2.98,3762.76,974.75,163.64,176.53,693.75,7164.7325,15.50676752378709
2022-10-08 18:00:00,250.64,8709.602499999999,3021.59,284.35,2.98,3837.44,179.06,105.86,121.2,658.2874999999999,8303.482499999998,4.662899368828831
2022-10-08 19:00:00,326.53,9120.45,3281.53,488.29,2.98,3850.98,0.63,35.26,99.2,716.845,8985.36,1.4811769156127164
2022-10-08 20:00:00,278.75,8816.11,3312.75,398.52,2.98,3852.63,0.0,12.75,81.23,562.3625,8722.130000000001,1.0660030330837522
2022-10-08 21:00:00,248.78,8320.58,3024.93,,2.98,3868.63,0.0,4.35,51.08,724.5825,8265.15,0.6661795211391514
2022-10-08 22:00:00,248.9,8162.5375,2945.42,,2.98,3872.6,0.0,2.96,29.86,444.1225,8129.717500000001,0.4020808480206063
2022-10-08 23:00:00,234.37,8032.6175,2802.65,,2.98,3875.79,0.0,0.88,24.93,439.5875,8006.8075,0.3213149387481727
2022-10-09 00:00:00,216.13,7617.1425,2424.53,,2.98,3868.74,0.0,60.64,29.8,776.71,7526.7025,1.1873218861272452
2022-10-09 01:00:00,195.02,7377.67,2342.5,52.61,2.98,3843.01,0.0,199.2,46.43,894.5649999999999,7132.04,3.3293709260511783
2022-10-09 02:00:00,190.34,7057.125,2184.85,,2.98,3851.27,0.0,203.52,74.1,891.9225,6779.505,3.933896593867899
2022-10-09 03:00:00,162.1,6988.065,2167.85,,2.98,3873.0,0.0,139.34,129.7,609.5825,6719.025,3.8499928091682025
2022-10-09 04:00:00,141.95,6948.7675,2103.42,,2.98,3874.06,0.0,141.07,222.48,33.259999999999984,6585.2175,5.23186306060751
2022-10-09 05:00:00,147.12,7018.4925,2065.57,,2.98,3875.53,0.0,190.62,363.15,-688.4875,6464.7225,7.890155898862897
2022-10-09 06:00:00,153.0,7230.2525000000005,2163.38,,2.98,3874.5,0.0,271.2,500.71,-501.69000000000005,6458.342500000001,10.67611400846651
2022-10-09 07:00:00,195.68,7545.6275000000005,2236.41,256.9,2.98,3875.0,0.0,389.34,558.37,-432.07,6597.9175000000005,12.55972415812999
2022-10-09 08:00:00,196.7,7710.1975,1913.41,349.81,2.98,3872.12,218.27,348.47,553.41,-324.565,6590.047500000001,14.52816221633752
2022-10-09 09:00:00,150.85,7940.0275,1553.26,90.35,2.98,3870.04,1147.65,333.26,463.33,202.87249999999997,5995.7875,24.486565065423264
2022-10-09 10:00:00,116.0,8220.3625,1075.91,,4.02,3866.55,2296.6,385.01,319.21,791.3425,5219.5425,36.504716184961424
2022-10-09 11:00:00,88.1,8366.317500000001,1120.06,,4.07,3859.98,3108.72,315.23,178.7,509.58500000000004,4763.667500000001,43.06135883559283
2022-10-09 12:00:00,96.96,8295.925,1076.67,,4.07,3855.82,3545.45,243.21,254.33,-18.722499999999933,4252.9349999999995,48.73464984314588
2022-10-09 13:00:00,60.72,7969.065,1018.47,,4.07,3852.19,3674.9,101.13,242.68,-76.26750000000006,3950.3549999999996,50.428877164385035
2022-10-09 14:00:00,62.27,7668.215,973.21,,4.07,3849.04,3474.94,57.13,244.09,-348.4300000000001,3892.055,49.244315658859335
2022-10-09 15:00:00,79.25,7497.045,1080.25,,2.99,3849.25,2963.69,26.72,291.48,-98.72999999999999,4215.155000000001,43.7757809910438
2022-10-09 16:00:00,133.76,7474.91,1529.21,,2.98,3850.29,2112.72,28.68,313.16,557.095,5020.35,32.83731844263007
2022-10-09 17:00:00,192.85,7784.555,1915.07,140.86,2.98,3848.16,1007.81,101.07,284.35,343.50249999999994,6391.325000000001,17.897362148510734
2022-10-09 18:00:00,200.64,8444.225,2294.42,591.24,2.98,3845.98,164.18,143.56,247.11,210.60250000000002,7889.375,6.570762858640077
2022-10-09 19:00:00,270.88,8907.3775,2374.95,626.54,2.98,3846.49,0.05,187.33,396.4,709.3725,8323.5975,6.553893107146294
2022-10-09 20:00:00,202.75,8691.9575,2117.25,281.84,2.98,3851.59,0.0,403.5,585.76,695.8475,7702.6975,11.38132578305865
2022-10-09 21:00:00,176.45,8181.86,2030.9,237.23,2.98,3856.28,0.0,546.42,729.47,272.47499999999997,6905.969999999999,15.594131407772805
2022-10-09 22:00:00,168.91,7883.7625,1924.36,,2.98,3855.74,0.0,556.91,1002.61,471.7674999999999,6324.2425,19.781417819220202
2022-10-09 23:00:00,155.86,7630.4675,1728.98,,2.98,3854.01,0.0,559.3,1207.73,505.9625,5863.4375,23.15755882585176
2022-10-10 00:00:00,133.31,7181.9475,1229.56,,2.98,3852.77,0.0,696.37,1163.5,702.9625000000001,5322.0775,25.89645775049177
2022-10-10 01:00:00,131.27,6899.9325,1382.03,,2.98,3853.48,0.0,872.29,852.42,732.1625,5175.2225,24.996041627943463
2022-10-10 02:00:00,131.9,6878.2875,1483.92,,2.98,3856.31,0.0,647.63,708.35,758.4350000000001,5522.307500000001,19.713918617097644
2022-10-10 03:00:00,99.58,6736.9775,1442.0,,2.98,3858.91,0.0,818.06,825.3,491.0875,5093.6175,24.39313475516283
2022-10-10 04:00:00,94.63,6772.985,1505.87,,2.98,3864.71,0.0,606.57,773.57,643.8175,5392.844999999999,20.377130615230953
2022-10-10 05:00:00,141.4,7183.0125,1894.86,,2.98,3863.38,0.0,333.84,697.04,55.07000000000002,6152.1325,14.35163867527726
2022-10-10 06:00:00,179.17,8222.2875,2523.3,34.64,2.98,3859.66,0.0,362.72,689.38,474.83500000000004,7170.1875,12.795709223254475
2022-10-10 07:00:00,227.26,9182.7825,3110.15,595.47,2.98,3857.71,0.0,321.83,670.1,-502.4825,8190.852499999999,10.802063535752918
2022-10-10 08:00:00,266.67,9568.6,3329.02,435.99,2.94,3856.88,208.3,272.91,630.43,523.74,8456.960000000001,11.61758250945802
2022-10-10 09:00:00,265.0,9830.0625,3335.51,254.57,2.9,3856.18,903.39,165.17,459.54,632.0375,8301.9625,15.54517074535386
2022-10-10 10:00:00,219.76,9878.217499999999,3184.22,4.61,2.9,3851.29,1735.53,294.01,208.91,688.4225000000001,7639.767499999999,22.660464805517798
2022-10-10 11:00:00,169.58,10036.5925,2733.74,,2.9,3847.85,2215.32,399.12,159.17,-9.56000000000003,7262.9825,27.634976711468557
2022-10-10 12:00:00,149.52,9853.78,2898.99,,0.05,3843.78,2131.88,455.88,108.26,151.86999999999995,7157.76,27.360261747268567
2022-10-10 13:00:00,142.08,10177.3575,2756.15,,0.0,3842.33,1981.22,673.46,126.15,367.91999999999996,7396.5275,27.32369379772696
2022-10-10 14:00:00,134.96,9880.279999999999,2772.82,,0.0,3840.68,1217.88,628.27,154.53,245.27000000000004,7879.5999999999985,20.24922370621076
2022-10-10 15:00:00,150.0,9810.365,2750.66,,0.0,3841.1,742.14,720.71,221.21,72.3825,8126.305,17.166129904442904
2022-10-10 16:00:00,160.5,9784.5725,3179.55,30.96,0.0,3844.22,440.27,618.06,302.12,-78.38749999999997,8424.122500000001,13.904031065230493
2022-10-10 17:00:00,212.45,10040.4,3613.01,248.86,0.0,3849.84,259.23,505.99,253.18,-97.94749999999998,9022.0,10.143022190350983
2022-10-10 18:00:00,250.23,10245.42,3749.97,610.71,0.0,3846.72,80.81,520.35,366.71,24.027499999999975,9277.55,9.446855277772897
2022-10-10 19:00:00,280.41,10336.83,3796.21,516.37,0.0,3846.29,0.1,465.97,404.31,-153.9925,9466.45,8.420182976792692
2022-10-10 20:00:00,241.21,10019.2275,3801.11,561.66,0.0,3849.3,0.0,388.73,370.85,93.49000000000004,9259.647500000001,7.581223203086266
2022-10-10 21:00:00,206.5,9387.335,3782.17,201.83,0.0,3853.57,0.0,337.83,295.38,142.3524999999999,8754.125,6.745364898557472
2022-10-10 22:00:00,183.13,9126.5375,3610.8,,2.66,3855.46,0.0,220.78,281.64,690.5775,8624.1175,5.5050450403562134
2022-10-10 23:00:00,159.34,8795.07,3181.73,,2.96,3855.9,0.0,166.04,242.79,793.03,8386.24,4.648399614784192
2022-10-11 00:00:00,169.2,8294.994999999999,3235.6,,2.96,3858.69,0.0,97.6,157.14,714.9375,8040.254999999999,3.0710084816205434
2022-10-11 01:00:00,174.3,7857.295,3262.15,,2.96,3860.49,0.0,59.96,80.41,336.655,7716.925,1.7864926797326561
2022-10-11 02:00:00,174.3,7674.2425,3250.3,,2.96,3864.83,0.0,31.02,61.28,408.62,7581.9425,1.2027245685811987
2022-10-11 03:00:00,171.54,7652.875,3185.98,,2.96,3868.82,0.0,6.51,49.76,431.03000000000003,7596.605,0.7352792251278114
2022-10-11 04:00:00,170.31,7704.2775,3050.84,,2.96,3872.49,0.0,2.03,32.76,819.9875,7669.4875,0.45156732737106103
2022-10-11 05:00:00,168.95,8173.7675,3238.23,,2.96,3874.84,0.0,3.41,31.69,676.4175,8138.6675,0.42942253985080936
2022-10-11 06:00:00,255.62,9191.65,3372.28,53.29,2.96,3876.09,0.0,0.71,31.56,585.1575,9159.38,0.351079512383522
2022-10-11 07:00:00,310.42,10144.9625,3753.46,391.13,2.96,3876.61,0.0,0.0,39.01,592.105,10105.9525,0.38452581761637855
2022-10-11 08:00:00,349.79,10368.9375,3710.42,350.55,4.02,3875.61,203.77,0.0,52.94,661.0725,10112.2275,2.475759932008463
2022-10-11 09:00:00,301.4,10432.067500000001,3707.87,269.58,4.11,3874.75,976.79,0.0,42.11,840.075,9413.167500000001,9.766999686303793
2022-10-11 10:00:00,261.51,10334.76,3445.95,25.23,2.97,3872.27,2031.28,0.0,29.99,391.395,8273.49,19.945020493944707
2022-10-11 11:00:00,227.78,10251.654999999999,3360.61,,2.96,3866.13,2848.73,0.0,25.47,-213.12249999999995,7377.454999999999,28.03644874900687
2022-10-11 12:00:00,181.8,9947.85,3238.56,31.75,0.05,3861.61,3302.89,0.0,64.58,-855.5225,6580.380000000001,33.85123418628145
2022-10-11 13:00:00,211.97,9736.9225,3281.13,,0.0,3859.23,3250.91,0.0,84.22,-481.6625,6401.792500000001,34.25240367272102
2022-10-11 14:00:00,208.06,9638.59,3403.83,,0.0,3861.69,3119.29,0.0,50.49,-443.4674999999999,6468.81,32.88634540944266
2022-10-11 15:00:00,207.29,9243.4075,3222.19,,0.0,3865.16,2385.3,0.0,28.89,579.4975,6829.217499999999,26.117965696092053
2022-10-11 16:00:00,256.82,9373.515,3322.77,,0.0,3861.68,1852.16,0.0,27.81,-242.43749999999997,7493.544999999999,20.05619023386638
2022-10-11 17:00:00,323.9,9546.805,3833.83,452.23,0.0,3865.37,866.31,0.0,33.39,-439.56,8647.105,9.424095286328777
2022-10-11 18:00:00,443.19,9984.369999999999,4049.95,530.78,0.0,3864.73,131.99,0.0,39.63,453.1500000000001,9812.749999999998,1.7188866197867267
2022-10-11 19:00:00,485.03,10231.7225,4100.57,606.99,0.0,3866.3,0.0,0.0,73.9,726.4300000000001,10157.8225,0.7222635289414857
2022-10-11 20:00:00,351.65,9865.3875,4095.92,497.29,0.0,3867.72,0.0,0.0,163.44,63.95249999999999,9701.9475,1.6567012699703887
2022-10-11 21:00:00,295.02,9367.5975,4052.42,181.47,0.0,3868.34,0.0,0.0,263.61,-454.2525,9103.9875,2.814061983342047
2022-10-11 22:00:00,262.03,9070.0625,3877.59,102.17,2.39,3870.06,0.0,0.0,239.81,-188.03500000000003,8830.2525,2.6439729604950353
2022-10-11 23:00:00,258.54,8677.0325,3865.81,69.53,2.66,3870.87,0.0,,187.99,-420.65749999999997,,
2022-10-12 00:00:00,236.57,8105.3975,3472.56,,2.66,3872.04,0.0,6.14,101.44,-215.38749999999996,7997.8175,1.3272637153205626
2022-10-12 01:00:00,222.21,7839.495,3659.82,,2.66,3873.81,0.0,17.6,121.03,-478.6875,7700.865,1.7683537013544877
2022-10-12 02:00:00,207.87,7599.1675000000005,3666.7,,2.66,3874.22,0.0,22.04,131.24,58.15499999999997,7445.887500000001,2.017063053288403
2022-10-12 03:00:00,198.99,7529.175,3622.52,,2.66,3874.63,0.0,28.32,128.69,-703.6875,7372.165,2.085354637128238
2022-10-12 04:00:00,219.9,7647.860000000001,3779.64,,2.66,3876.73,0.0,15.92,126.47,-797.2475000000001,7505.47,1.8618280146341588
2022-10-12 05:00:00,236.28,8008.72,3763.29,,2.66,3882.35,0.0,8.78,102.05,-1143.8075,7897.89,1.3838665854218901
2022-10-12 06:00:00,298.46,8943.5325,3754.46,11.12,2.66,3882.62,0.0,10.11,83.03,-989.4749999999999,8850.3925,1.0414229500479817
2022-10-12 07:00:00,463.99,10005.9675,4086.24,387.26,2.54,3881.34,0.0,13.05,78.42,-982.9075,9914.497500000001,0.9141544783150654
2022-10-12 08:00:00,477.59,10350.7325,4135.45,493.02,3.61,3881.87,191.71,6.94,99.53,-994.8199999999999,10052.5525,2.880762303537455
2022-10-12 09:00:00,339.83,10378.2825,3931.83,375.8,3.67,3880.74,934.07,5.24,116.14,-754.6124999999998,9322.832499999999,10.169794472254925
2022-10-12 10:00:00,283.17,10321.0575,3780.43,,2.54,3871.72,1831.98,10.47,74.81,-722.2925,8403.7975,18.576197254980894
2022-10-12 11:00:00,215.0,10302.1875,3592.81,39.8,2.53,3865.05,2516.75,55.22,13.48,-1173.55,7716.7375,25.09612642945976
2022-10-12 12:00:00,190.9,9966.325,3391.32,,0.05,3861.36,2889.8,75.23,23.62,-1049.9425,6977.675000000001,29.9874828484923
2022-10-12 13:00:00,200.01,9807.5275,3451.14,,0.0,3857.79,2693.43,82.39,59.85,-960.4150000000001,6971.8575,28.91319958062824
2022-10-12 14:00:00,219.39,9627.545,3576.84,,0.0,3857.11,2222.63,88.14,100.54,-823.8874999999999,7216.235000000001,25.045948889358606
2022-10-12 15:00:00,225.21,9525.7525,3381.54,,0.0,3853.77,2025.13,127.51,140.62,-358.4425,7232.4925,24.074318538089248
2022-10-12 16:00:00,239.73,9513.075,3436.7,,0.0,3853.23,1422.1,207.61,134.15,-720.865,7749.215,18.541428507606636
2022-10-12 17:00:00,295.09,9738.95,3811.53,225.63,0.0,3854.66,582.44,247.73,116.25,-688.2175,8792.53,9.717885398323228
2022-10-12 18:00:00,378.4,10065.425,4089.52,448.78,0.0,3857.9,89.5,286.94,116.49,-362.685,9572.494999999999,4.897259678553067
2022-10-12 19:00:00,479.97,10210.795,4017.79,501.54,0.0,3859.38,0.0,269.27,138.28,-590.9775,9803.245,3.991364041683336
2022-10-12 20:00:00,320.0,9722.5225,4045.54,467.26,0.0,3856.63,0.0,221.17,187.77,-861.7950000000001,9313.582499999999,4.206110091285466
2022-10-12 21:00:00,273.02,9160.59,3773.42,281.88,0.0,3855.51,0.0,400.66,312.82,-533.66,8447.11,7.7885813031693365
2022-10-12 22:00:00,242.29,8895.5425,3564.47,,2.57,3854.07,0.0,571.27,527.79,-786.415,7796.4825,12.355176764092803
2022-10-12 23:00:00,228.57,8542.7725,3039.57,,2.83,3845.26,0.0,1011.66,665.39,-755.5999999999999,6865.722499999999,19.63121457348888
2022-10-13 00:00:00,218.66,7845.0,3409.07,,2.83,3839.98,0.0,901.89,697.17,-801.325,6245.9400000000005,20.383173996175906
2022-10-13 01:00:00,210.0,7699.8099999999995,3608.86,,2.83,3839.51,0.0,1177.95,702.03,-1342.3925,5819.83,24.41592714625426
2022-10-13 02:00:00,193.8,7427.94,3736.73,,2.83,3839.02,0.0,893.8,675.27,-1009.3349999999999,5858.87,21.123891684639347
2022-10-13 03:00:00,182.96,7271.275,3708.65,,2.83,3840.66,0.0,675.22,628.48,-1049.46,5967.575,17.929455288102844
2022-10-13 04:00:00,195.02,7348.7075,3745.13,,2.83,3840.62,0.0,469.14,465.92,-1194.125,6413.647500000001,12.724142306657328
2022-10-13 05:00:00,218.46,7627.9625,3745.15,,2.83,3843.99,0.0,267.23,436.83,-1091.2025,6923.9025,9.229987693306043
2022-10-13 06:00:00,260.88,8761.34,3802.52,38.43,2.83,3845.28,0.0,411.5,418.69,-1043.8875,7931.15,9.475605329778322
2022-10-13 07:00:00,302.44,9768.3675,4043.47,189.92,2.83,3845.1,0.0,197.73,369.61,-379.85,9201.0275,5.807930547248556
2022-10-13 08:00:00,333.32,10223.64,4050.09,202.91,3.92,3845.27,48.39,245.59,450.05,103.88999999999997,9479.609999999999,7.277544983978309
2022-10-13 09:00:00,301.56,10494.285,3976.54,332.41,3.98,3846.61,247.91,496.9,472.01,-143.035,9277.465,11.595072937317786
2022-10-13 10:00:00,274.9,10536.205,3582.25,,2.84,3843.53,411.62,658.42,479.71,-117.0,8986.455,14.708806444065962
2022-10-13 11:00:00,277.7,10593.307499999999,3865.48,81.92,2.83,3840.6,504.27,146.03,367.63,153.41250000000002,9575.377499999999,9.609180135665845
2022-10-13 12:00:00,262.7,10407.3725,3795.88,80.74,0.05,3838.55,692.63,11.47,294.21,20.417500000000018,9409.0625,9.592334664681216
2022-10-13 13:00:00,254.99,10394.0875,3805.65,14.91,0.0,3836.94,741.59,1.24,455.96,-3.97999999999998,9195.2975,11.533383762643908
2022-10-13 14:00:00,255.0,10333.55,3835.85,,0.0,3834.93,680.81,1.38,622.84,34.7575,9028.519999999999,12.62905777782079
2022-10-13 15:00:00,263.58,10159.48,3902.55,73.51,0.0,3832.03,458.8,0.46,581.92,-251.08749999999998,9118.3,10.248359167988914
2022-10-13 16:00:00,267.57,10159.380000000001,4036.8,105.27,0.0,3833.3,269.16,0.0,502.16,347.6925,9388.060000000001,7.592195586738561
2022-10-13 17:00:00,292.8,10317.895,4094.62,143.77,0.0,3838.96,111.36,0.0,338.75,487.3725,9867.785,4.362420823239624
2022-10-13 18:00:00,319.74,10419.605,4038.51,488.44,0.0,3842.69,15.67,1.58,208.61,487.73249999999996,10193.744999999999,2.1676445508251034
2022-10-13 19:00:00,344.81,10513.1075,4057.59,505.31,0.0,3841.79,0.0,1.17,188.44,664.47,10323.4975,1.8035580821369894
2022-10-13 20:00:00,290.1,9924.1775,4067.32,460.43,0.0,3838.8,0.0,0.16,191.88,-90.53749999999998,9732.137499999999,1.93507220119753
2022-10-13 21:00:00,253.32,9374.9875,4055.24,105.46,0.0,3837.06,0.0,1.83,221.24,-25.034999999999997,9151.9175,2.379416505888675
2022-10-13 22:00:00,225.9,9114.425,3843.03,,2.63,3835.43,0.0,0.02,230.77,-272.2625,8883.634999999998,2.532139986888916
2022-10-13 23:00:00,202.06,8722.935000000001,3805.86,,2.92,3833.51,0.0,8.04,165.25,-291.955,8549.645,1.9866019866019862
2022-10-14 00:00:00,231.32,8221.955,3736.3,,2.92,3831.71,0.0,26.29,163.16,-525.3125,8032.505,2.3041965080081317
2022-10-14 01:00:00,219.6,7803.24,3692.25,,2.92,3830.09,0.0,39.53,150.33,-657.065,7613.38,2.4330918951614975
2022-10-14 02:00:00,212.12,7594.7125,3662.98,,2.92,3831.07,0.0,146.21,185.27,-729.005,7263.2325,4.3646155137538125
2022-10-14 03:00:00,211.62,7478.2625,3366.69,,2.92,3831.02,0.0,337.61,205.45,-775.7775,6935.202499999999,7.26184725395772
2022-10-14 04:00:00,218.92,7428.445,3263.0,,2.92,3830.32,0.0,488.92,160.92,-1097.325,6778.605,8.747995037992474
2022-10-14 05:00:00,229.49,7817.805,3269.05,,2.92,3832.87,0.0,320.56,133.46,-624.595,7363.785,5.807512466734588
2022-10-14 06:00:00,268.04,8868.3475,3616.0,,2.92,3833.6,0.0,178.1,160.27,-968.845,8529.977499999999,3.815479715922273
2022-10-14 07:00:00,350.0,9852.76,3750.52,338.87,2.92,3833.1,0.0,72.44,166.21,-868.8025,9614.11,2.4221639418802448
2022-10-14 08:00:00,299.99,10227.64,3917.72,574.59,3.96,3832.66,18.12,9.8,202.73,-653.425,9996.99,2.255163459018894
2022-10-14 09:00:00,327.39,10462.252499999999,3923.47,557.06,4.01,3830.52,153.7,1.78,247.12,-153.74499999999998,10059.652499999998,3.848119704623837
2022-10-14 10:00:00,297.26,10544.1325,3853.08,186.33,2.93,3829.36,360.25,39.93,270.83,-379.005,9873.1225,6.363823671601243
2022-10-14 11:00:00,280.12,10622.0775,3781.06,11.61,2.92,3825.77,587.36,70.4,272.0,-137.1225,9692.3175,8.753089967569903
2022-10-14 12:00:00,262.01,10425.465,3818.16,52.33,2.92,3823.24,863.09,124.72,327.22,-97.3625,9110.435,12.61363402016121
2022-10-14 13:00:00,238.37,10172.865,3540.0,,2.92,3820.75,1204.31,102.12,295.66,-135.54749999999999,8570.775,15.748660775504247
2022-10-14 14:00:00,221.42,9883.747500000001,3455.11,,2.92,3819.99,1113.79,222.8,309.73,-135.58250000000004,8237.427500000002,16.656839928377366
2022-10-14 15:00:00,242.69,9770.6525,,,2.92,3819.43,992.29,216.87,319.66,-943.73,8241.8325,15.647061442416463
2022-10-14 16:00:00,258.6,9745.1775,3748.19,101.97,2.92,3820.13,629.04,196.07,236.41,-628.605,8683.6575,10.892772348169133
2022-10-14 17:00:00,274.0,9871.8375,3760.57,26.42,2.92,3829.86,336.56,208.47,121.08,-538.6675,9205.727499999999,6.747578654936329
2022-10-14 18:00:00,290.0,9944.145,3697.05,271.01,2.92,3843.0,60.89,308.96,65.0,-517.9200000000001,9509.295,4.372924972433527
2022-10-14 19:00:00,300.0,10083.67,3736.07,424.46,0.05,3844.37,0.02,327.95,72.51,760.1750000000001,9683.19,3.9715698748570714
2022-10-14 20:00:00,266.99,9638.26,3825.59,76.29,0.0,3846.18,0.0,559.87,88.29,111.36000000000001,8990.1,6.724865276512565
2022-10-14 21:00:00,217.94,9045.095000000001,3714.66,,0.0,3849.1,0.0,424.98,82.2,430.2025,8537.915,5.607237956041368
2022-10-14 22:00:00,220.03,8756.1775,3619.11,0.1,0.0,3849.88,0.0,421.07,102.33,-80.10749999999999,8232.7775,5.977494174826858
2022-10-14 23:00:00,193.0,8443.474999999999,3394.0,,0.0,3850.19,0.0,612.75,90.07,21.19500000000002,7740.654999999999,8.323824017954694
2022-10-15 00:00:00,191.76,7951.5275,3165.2,,0.0,3853.37,0.0,564.0,110.4,-164.5575,7277.1275000000005,8.481389267659578
2022-10-15 01:00:00,174.0,7548.1075,3140.54,,0.0,3854.5,0.0,437.67,134.88,-264.3775,6975.5575,7.585345068283672
2022-10-15 02:00:00,163.8,7275.5625,3199.12,,0.0,3854.26,0.0,228.06,190.38,-119.9525,6857.1225,5.751307888565317
2022-10-15 03:00:00,144.74,7096.577499999999,3153.5,,0.0,3850.91,0.0,243.63,161.9,-496.835,6691.0475,5.7144447446674125
2022-10-15 04:00:00,139.9,7135.3825,3022.89,,0.0,3851.01,0.0,429.2,188.87,-852.2025,6517.3125,8.662044396358569
2022-10-15 05:00:00,133.36,7180.4325,2987.05,,0.0,3852.87,0.0,624.15,238.16,-1071.915,6318.1224999999995,12.009165186080365
2022-10-15 06:00:00,147.49,7450.6775,3107.58,25.45,0.0,3855.89,0.0,633.04,315.21,-1321.36,6502.4275,12.72703052843181
2022-10-15 07:00:00,159.99,7976.79,3202.47,58.25,1.01,3858.9,0.0,846.48,447.32,-916.0699999999999,6682.99,16.219556989716413
2022-10-15 08:00:00,186.81,8343.25,3235.45,131.86,3.6,3854.06,52.77,915.31,555.81,-1093.45,6819.360000000001,18.26494471578821
2022-10-15 09:00:00,199.33,9012.4725,3188.51,84.97,3.88,3850.31,325.86,954.11,824.38,-1005.51,6908.1224999999995,23.34930841675245
2022-10-15 10:00:00,185.09,9272.6525,3197.52,347.06,3.88,3845.15,537.99,602.35,1074.71,-1075.44,7057.6025,23.887986743814675
2022-10-15 11:00:00,160.0,9267.9475,2979.37,338.8,2.83,3841.86,741.11,460.43,1072.1,-1023.1949999999999,6994.307500000001,24.532292613871622
2022-10-15 12:00:00,144.91,9094.27,2485.77,62.37,2.82,3836.16,1049.98,678.29,1083.12,-459.86499999999995,6282.880000000001,30.913861145534494
2022-10-15 13:00:00,136.57,8903.855,1850.64,,2.82,3831.61,1467.7,1029.56,1123.95,-228.11249999999998,5282.6449999999995,40.67013669921624
2022-10-15 14:00:00,117.8,8818.3925,1715.19,,2.82,3829.13,1519.7,1215.48,1252.68,-35.54499999999999,4830.532499999999,45.22207420456733
2022-10-15 15:00:00,118.76,8609.845000000001,1897.62,,2.82,3829.3,1531.79,1470.9,1045.17,-154.6475,4561.985000000001,47.014319073107586
2022-10-15 16:00:00,133.82,8576.355,2085.21,,2.82,3835.47,1226.41,2063.29,736.91,-1191.735,4549.744999999999,46.95013207825469
2022-10-15 17:00:00,169.96,8762.72,2111.03,145.1,2.82,3839.19,566.18,2107.03,545.06,-1314.0925,5544.449999999999,36.72683824200705
2022-10-15 18:00:00,188.27,9069.18,2232.51,390.45,2.82,3843.11,84.86,2128.23,515.25,-587.52,6340.84,30.08364593050309
2022-10-15 19:00:00,194.06,9191.225,2273.75,427.92,2.82,3845.97,0.0,2117.79,479.11,245.98499999999999,6594.325000000001,28.25412281823152
2022-10-15 20:00:00,155.36,8735.455,2297.99,415.78,2.82,3847.97,0.0,2079.22,475.02,217.96,6181.215,29.239919385996494
2022-10-15 21:00:00,133.0,8417.5975,2119.45,86.93,2.82,3849.19,0.0,2093.81,555.33,-700.48,5768.4575,31.471450137643192
2022-10-15 22:00:00,140.09,8221.4275,1999.86,,2.82,3850.82,0.0,2001.63,718.76,-295.9625,5501.037499999999,33.089022557214065
2022-10-15 23:00:00,126.3,7905.92,1395.29,,2.82,3850.09,0.0,1967.62,828.16,-248.245,5110.14,35.363120294665265
2022-10-16 00:00:00,106.17,7562.16,931.8,,2.82,3849.62,0.0,2043.22,862.04,553.9449999999999,4656.9,38.41838839696595
2022-10-16 01:00:00,86.93,7185.705,804.06,,2.82,3847.82,0.0,2050.25,872.43,65.12500000000001,4263.025,40.67353168547832
2022-10-16 02:00:00,75.64,6842.7225,756.13,,2.82,3848.05,0.0,1947.37,871.16,-567.66,4024.1925,41.190184170116495
2022-10-16 03:00:00,69.1,6726.445,723.6,,2.82,3849.82,0.0,1983.91,875.69,-359.14,3866.8449999999993,42.51279836525833
2022-10-16 04:00:00,79.28,6604.7775,722.7,,2.82,3847.58,0.0,1899.76,729.9,-274.6775,3975.1175000000003,39.81451305513319
2022-10-16 05:00:00,74.45,6690.8275,767.14,,2.82,3846.63,0.0,1742.48,830.3,20.174999999999997,4118.047500000001,38.45234389916643
2022-10-16 06:00:00,74.35,7114.585,805.49,,2.82,3849.86,0.0,1900.49,811.07,-579.0775000000001,4403.025,38.1126938535417
2022-10-16 07:00:00,76.54,7339.0675,785.43,25.63,2.82,3851.89,0.0,1739.5,874.46,-7.21250000000002,4725.1075,35.617058979223174
2022-10-16 08:00:00,98.26,7808.49,796.74,72.22,2.82,3851.88,79.99,1797.64,687.08,-152.19000000000005,5243.78,32.8451467569274
2022-10-16 09:00:00,107.05,8252.215,803.33,41.33,2.82,3854.48,823.8,1763.29,550.36,464.37749999999994,5114.765,38.01948931286933
2022-10-16 10:00:00,97.26,8555.4275,782.02,,2.82,3851.29,1894.36,1385.54,291.56,348.3475000000001,4983.9675,41.74496248141896
2022-10-16 11:00:00,100.0,8786.46,801.75,,2.82,3849.57,2711.44,712.45,138.48,319.07500000000005,5224.089999999999,40.54385952932125
2022-10-16 12:00:00,89.69,8738.72,822.55,,2.82,3848.54,2832.36,378.46,111.19,634.805,5416.709999999999,38.01483512459491
2022-10-16 13:00:00,89.08,8280.5725,740.98,,2.82,3844.68,2655.08,195.93,112.23,645.72,5317.3325,35.785448409515155
2022-10-16 14:00:00,116.2,8250.0275,842.88,0.7,2.82,3840.6,2127.94,81.14,114.48,890.4075,5926.467500000001,28.16426975546445
2022-10-16 15:00:00,100.56,8056.3225,1293.0,89.58,2.82,3837.35,1106.31,51.86,79.93,1023.1525,6818.2225,15.368054096642728
2022-10-16 16:00:00,88.01,7946.4400000000005,1799.36,78.24,2.82,3835.43,675.61,14.21,59.61,961.6475,7197.01,9.431015649775246
2022-10-16 17:00:00,167.22,8319.997500000001,2573.57,0.42,0.05,3834.82,227.37,27.57,84.08,927.3175,7980.977500000001,4.074760839771886
2022-10-16 18:00:00,196.81,8910.8675,2931.37,432.98,0.0,3838.08,20.28,111.65,161.86,712.1299999999999,8617.0775,3.296985394519669
2022-10-16 19:00:00,224.21,9379.41,3266.76,445.37,1.01,3841.75,0.0,385.5,260.31,579.8675000000001,8733.6,6.885401107319117
2022-10-16 20:00:00,177.3,8837.495,3310.02,373.95,1.06,3841.66,0.0,415.09,264.41,24.655000000000015,8157.995000000001,7.688830375575884
2022-10-16 21:00:00,144.96,8395.8375,3239.98,419.83,1.06,3841.13,0.0,334.39,320.02,-851.8825,7741.4275,7.7944576702443324
2022-10-16 22:00:00,140.04,7969.0725,3275.25,377.22,0.01,3837.51,0.0,437.75,412.56,-1169.5775,7118.762500000001,10.670125036508326
2022-10-16 23:00:00,134.55,7523.275,3197.97,118.59,0.0,3834.84,0.0,513.97,706.01,-1083.8925,6303.295,16.216076110470507
2022-10-17 00:00:00,128.31,7371.9375,2683.03,,0.0,3832.47,0.0,647.86,973.14,-1012.4575,5750.9375,21.98879195598172
2022-10-17 01:00:00,114.41,6913.195,2190.12,,0.0,3830.01,0.0,812.26,1065.71,-739.9775,5035.224999999999,27.16500836443931
2022-10-17 02:00:00,105.65,6487.5775,1973.45,,0.0,3826.23,0.0,1083.75,1101.88,-596.3575000000001,4301.9475,33.689462669232086
2022-10-17 03:00:00,89.64,6378.3725,2002.42,,0.0,3825.45,0.0,1261.02,1116.99,-563.0500000000001,4000.3625,37.28239452932547
2022-10-17 04:00:00,78.67,6724.2175,1985.94,,0.0,3824.08,0.0,1408.93,1226.89,-1060.19,4088.3974999999996,39.198910505200054
2022-10-17 05:00:00,101.33,7420.3975,,,0.0,3822.92,0.0,1849.88,1191.95,-1148.6425000000002,4378.5675,40.99281743329788
2022-10-17 06:00:00,126.48,8552.875,2780.03,,0.0,3830.18,0.0,1791.18,1166.87,-984.4625,5594.825,34.585446414217444
2022-10-17 07:00:00,156.23,9564.89,3045.0,123.92,0.0,3832.72,0.0,1278.83,1117.25,93.0325,7168.8099999999995,25.050784692766985
2022-10-17 08:00:00,182.51,9920.305,2720.49,53.39,0.0,3834.21,46.78,1648.65,1080.24,57.85500000000006,7144.635,27.979684092374175
2022-10-17 09:00:00,176.21,10469.6275,2896.14,117.43,0.0,3832.35,214.84,1293.03,832.74,538.9125,8129.017500000001,22.35619175562836
2022-10-17 10:00:00,170.49,10179.565,3047.04,382.37,0.0,3828.95,315.96,1176.76,442.23,523.295,8244.615,19.008179622606665
2022-10-17 11:00:00,148.68,10517.7625,3032.24,442.91,0.0,3826.71,386.82,990.56,686.56,548.51,8453.822500000002,19.62337521882624
2022-10-17 12:00:00,157.31,10356.35,2934.18,134.77,0.0,3826.02,652.43,929.06,767.72,645.1025,8007.14,22.683764067456195
2022-10-17 13:00:00,152.28,10370.2,3053.88,,0.0,3822.57,637.71,1016.52,764.57,209.21,7951.400000000001,23.32452604578504
2022-10-17 14:00:00,156.5,10086.8925,3101.26,,0.0,3823.39,647.58,927.33,466.22,101.90249999999999,8045.7625,20.235468951413928
2022-10-17 15:00:00,154.36,9980.28,2960.27,,0.0,3823.92,737.22,958.24,273.59,247.03249999999997,8011.2300000000005,19.729406389399895
2022-10-17 16:00:00,169.06,9966.0675,3033.91,,0.0,3827.26,516.7,708.49,207.79,28.55000000000002,8533.0875,14.378590151029986
2022-10-17 17:00:00,222.5,10262.01,3285.43,181.54,0.0,3832.05,225.13,663.53,182.21,667.4775,9191.14,10.435285095220136
2022-10-17 18:00:00,266.02,10580.7775,3411.15,449.92,0.0,3838.75,25.74,742.84,224.39,-287.3575,9587.8075,9.38466005924423
2022-10-17 19:00:00,275.64,10523.89,3538.2,310.24,0.0,3845.82,0.0,775.71,204.93,-309.6324999999999,9543.25,9.318227385500991
2022-10-17 20:00:00,222.76,10077.317500000001,3498.09,164.08,0.0,3849.24,0.0,692.2,250.83,-170.23250000000007,9134.2875,9.357946695636016
2022-10-17 21:00:00,164.13,9366.9075,,50.39,0.0,3846.6,0.0,530.52,236.05,-53.39250000000005,8600.3375,8.183810932263397
2022-10-17 22:00:00,174.92,8918.1175,3664.28,,0.0,3845.16,0.0,501.41,229.85,-179.41750000000002,8186.8575,8.199712551443731
2022-10-17 23:00:00,145.65,8589.755000000001,3640.67,,0.0,3843.56,0.0,345.46,228.93,-888.2325,8015.365000000001,6.686919475584577
2022-10-18 00:00:00,141.64,8059.5825,3628.54,,0.0,3839.13,0.0,147.74,129.44,-597.635,7782.4025,3.4391359602063756
2022-10-18 01:00:00,135.71,7670.737499999999,3755.82,,0.0,3828.89,0.0,62.67,60.35,-890.8525,7547.717499999999,1.6037571354775213
2022-10-18 02:00:00,140.35,7489.9775,3716.37,,0.0,3831.95,0.0,31.5,39.81,-720.4075,7418.6675,0.952072285931433
2022-10-18 03:00:00,139.95,7381.157499999999,3738.34,,0.0,3836.94,0.0,12.6,36.35,-779.8299999999999,7332.2074999999995,0.6631751185366253
2022-10-18 04:00:00,140.26,7506.655,3610.4,,0.0,3881.0,0.0,5.21,33.1,-685.165,7468.344999999999,0.5103471519604938
2022-10-18 05:00:00,143.96,7940.95,,,0.0,3919.92,0.0,6.09,37.65,-647.7399999999999,7897.21,0.5508157084479816
2022-10-18 06:00:00,161.21,9049.5175,3709.64,342.07,0.0,3951.72,0.0,1.38,45.94,-347.66999999999996,9002.1975,0.5229008065899646
2022-10-18 07:00:00,203.2,10046.17,3818.14,383.04,0.0,3960.3,0.0,4.64,39.62,74.92750000000001,10001.91,0.4405659072064279
2022-10-18 08:00:00,244.45,10216.8325,3902.55,547.28,0.0,3971.61,38.0,6.16,22.9,410.55499999999995,10149.772500000001,0.6563678126268586
2022-10-18 09:00:00,217.0,10418.89,3754.29,526.42,0.0,3958.52,531.44,24.84,11.19,334.625,9851.42,5.446549488477181
2022-10-18 10:00:00,199.83,10553.82,3680.1,84.53,0.0,3964.37,1424.31,6.16,14.14,181.525,9109.21,13.68802954759509
2022-10-18 11:00:00,181.45,10466.369999999999,3594.56,107.58,0.0,4067.23,2062.88,1.55,11.33,-98.92499999999998,8390.609999999999,19.832664046847192
2022-10-18 12:00:00,148.04,10136.4,3446.12,,0.0,4096.66,2605.44,1.17,12.62,-861.5500000000001,7517.17,25.83984452073715
2022-10-18 13:00:00,140.53,10021.24,3192.21,,0.0,4098.55,2973.1,1.17,14.2,-850.3675000000001,7032.77,29.82135943256523
2022-10-18 14:00:00,120.38,9786.4825,3169.19,,0.0,4114.31,2925.62,1.43,22.8,-374.585,6836.6325,30.14208629096307
2022-10-18 15:00:00,137.02,9675.585,3210.7,,0.0,4121.56,2459.97,3.16,23.5,-701.4775000000001,7188.955,25.700048110786067
2022-10-18 16:00:00,124.8,9674.8225,3394.1,55.49,0.0,4229.83,1629.43,2.19,29.98,-722.905,8013.2225,17.174475293991183
2022-10-18 17:00:00,213.83,9915.33,3703.33,494.87,0.0,4252.43,608.18,16.79,56.82,-740.8575000000001,9233.54,6.876120108962586
2022-10-18 18:00:00,244.25,10217.145,3742.5,591.39,0.0,4205.3,46.74,56.54,101.34,-756.5125,10012.525,2.002712107932304
2022-10-18 19:00:00,254.71,10283.8125,3793.2,561.6,0.0,4208.13,0.0,127.17,210.69,-247.76749999999998,9945.9525,3.285357448903313
2022-10-18 20:00:00,203.46,9823.4075,3729.29,525.8,0.0,4213.56,0.0,222.1,343.64,-122.58000000000001,9257.6675,5.759101411602848
2022-10-18 21:00:00,167.68,9182.5125,3488.58,24.32,0.0,4226.55,0.0,332.55,425.71,-43.062499999999986,8424.2525,8.257652793829575
2022-10-18 22:00:00,159.0,8861.8225,3716.04,,0.0,4237.88,0.0,360.44,477.33,-764.105,8024.0525,9.453698717165684
2022-10-18 23:00:00,154.48,8443.485,3767.81,,0.0,4241.32,0.0,399.5,536.62,-1045.7350000000001,7507.365000000001,11.086891254026032
2022-10-19 00:00:00,128.65,7789.1675,3807.44,,0.0,4242.29,0.0,516.6,583.1,-1530.66,6689.4675,14.118325225385128
2022-10-19 01:00:00,125.18,7494.7125,3682.87,,0.0,4309.09,0.0,678.53,598.0,-1575.1374999999998,6218.1825,17.03240784753251
2022-10-19 02:00:00,121.42,7357.3575,3694.41,,0.0,4565.63,0.0,865.51,598.92,-1670.5774999999999,5892.9275,19.90429308348819
2022-10-19 03:00:00,120.6,7274.0275,3770.77,,0.0,4666.42,0.0,887.11,624.49,-1690.5225,5762.4275,20.780784785320098
2022-10-19 04:00:00,117.3,7338.265,3741.91,,0.0,4665.18,0.0,1101.22,592.7,-1697.7175000000002,5644.345,23.083385514150827
2022-10-19 05:00:00,127.08,7695.99,3666.32,,0.0,4665.52,0.0,1202.07,609.7,-1640.405,5884.219999999999,23.54174056878972
2022-10-19 06:00:00,137.69,8785.7375,3424.56,,0.0,4666.4,0.0,1366.7,650.61,-1556.3875,6768.4275,22.961191362705748
2022-10-19 07:00:00,220.53,9666.095000000001,3345.61,293.07,0.0,4667.63,0.0,1479.9,614.99,-1507.7749999999999,7571.205000000001,21.67255753228165
2022-10-19 08:00:00,219.92,10182.939999999999,3330.64,358.26,0.0,4674.69,97.89,1704.7,666.0,-1547.2825,7714.3499999999985,24.242409363111246
2022-10-19 09:00:00,179.4,10369.265,3315.01,391.65,0.0,4680.05,689.55,1845.93,668.98,-1689.7175,7164.804999999999,30.903443976019517
2022-10-19 10:00:00,150.72,10476.9475,3310.36,145.1,1.01,4680.08,1783.24,1761.83,490.37,-1808.985,6441.5075,38.51732577642486
2022-10-19 11:00:00,146.23,10395.6125,3224.25,209.07,0.52,4669.05,2586.26,1735.04,426.16,-1850.295,5648.152499999999,45.66791999990381
2022-10-19 12:00:00,132.96,10095.625,3190.52,,0.0,4658.08,2934.86,1751.6,455.79,-1837.455,4953.375,50.93542995109268
2022-10-19 13:00:00,119.1,9750.8425,3319.15,,1.48,4650.06,2928.54,1400.97,458.44,-1848.7825,4962.892500000001,49.1029364898469
2022-10-19 14:00:00,122.9,9474.279999999999,3165.65,,0.0,4644.34,2579.94,1244.23,478.17,-1830.3049999999998,5171.939999999999,45.410733058343226
2022-10-19 15:00:00,118.93,9654.17,3030.27,,0.0,4643.78,2222.99,1410.84,482.51,-1806.0825,5537.83,42.63794816126089
2022-10-19 16:00:00,115.85,9681.7975,3170.93,96.22,0.0,4643.96,1214.27,1590.34,513.84,-1713.7525,6363.347500000001,34.27514363939134
2022-10-19 17:00:00,171.8,9846.3975,3299.1,483.04,0.0,4668.9,451.2,1790.72,652.81,-1768.6049999999998,6951.6675,29.398874055206488
2022-10-19 18:00:00,206.98,10116.2425,3319.31,413.55,0.0,4673.11,53.7,1769.41,826.51,-1613.03,7466.6225,26.191740658648698
2022-10-19 19:00:00,199.0,10135.565,3299.54,509.23,0.0,4677.48,0.0,1697.4,806.69,-1541.75,7631.475,24.705973470645198
2022-10-19 20:00:00,152.57,9653.932499999999,3200.28,49.82,0.0,4707.94,0.0,1913.42,940.34,-1582.935,6800.172499999999,29.56059616120167
2022-10-19 21:00:00,125.01,9156.6125,3183.45,43.87,0.0,4820.9,0.0,1912.29,923.68,-1663.685,6320.6425,30.971825006245485
2022-10-19 22:00:00,122.45,8903.557499999999,3318.19,77.75,2.39,4825.51,0.0,1594.26,921.39,-1329.39,6387.907499999999,28.254436499118473
2022-10-19 23:00:00,127.89,8260.1275,3347.49,127.12,2.57,4831.69,0.0,1311.12,873.99,-1483.6474999999998,6075.017500000001,26.453707887680906
2022-10-20 00:00:00,63.2,7794.9075,3125.97,,2.57,4864.62,0.0,1040.82,788.0,-1344.435,5966.087500000001,23.461728057709472
2022-10-20 01:00:00,28.0,7591.025,3097.7,,2.57,4867.3,0.0,881.3,746.47,-1250.295,5963.254999999999,21.44334921832032
2022-10-20 02:00:00,71.06,7289.365,3153.47,,2.57,4865.31,0.0,978.85,700.0,-1512.645,5610.514999999999,23.031498628481355
2022-10-20 03:00:00,50.01,7362.96,3092.5,,2.57,4866.87,0.0,879.93,746.33,-887.4375,5736.7,22.087041081304257
2022-10-20 04:00:00,45.6,7352.969999999999,3138.31,,2.57,4867.19,0.0,746.8,682.51,-860.025,5923.66,19.438539800923984
2022-10-20 05:00:00,50.01,7555.8675,3155.96,,2.57,4866.16,0.0,598.59,558.38,-903.9449999999999,6398.8975,15.312206043846057
2022-10-20 06:00:00,51.06,8552.32,3319.85,,2.6,4867.29,0.0,504.79,615.19,-733.7575,7432.34,13.095627853027015
2022-10-20 07:00:00,143.71,9783.825,3529.25,,2.71,4863.25,0.0,455.78,675.78,-685.5225,8652.265000000001,11.565619785717752
2022-10-20 08:00:00,190.11,10189.615,3573.17,337.56,3.8,4861.87,26.02,502.61,741.39,-531.0825,8919.595,12.463866397307456
2022-10-20 09:00:00,167.65,10436.6525,3655.34,21.87,3.86,4859.79,179.71,704.74,633.05,-218.03249999999997,8919.1525,14.540102777207538
2022-10-20 10:00:00,166.94,10519.8825,3693.21,70.2,2.72,4856.93,310.1,377.3,472.5,536.8199999999999,9359.9825,11.02578854849377
2022-10-20 11:00:00,142.7,10440.365,3728.19,187.9,2.71,4855.94,392.09,354.23,557.8,-360.72,9136.244999999999,12.491134170117615
2022-10-20 12:00:00,113.57,9987.675,3532.69,74.37,0.05,4859.42,663.86,593.58,684.21,-207.3575,8046.025,19.440460367402824
2022-10-20 13:00:00,121.41,9797.685000000001,3480.2,97.59,0.0,4853.37,1629.86,848.28,814.43,-1194.2425,6505.115000000002,33.60559152493675
2022-10-20 14:00:00,123.2,9643.32,3124.74,,0.0,4837.81,2307.29,778.22,820.16,-1043.1575,5737.65,40.50130038202611
2022-10-20 15:00:00,113.3,9606.0525,3064.0,,0.0,4829.25,2171.1,972.15,734.82,-824.24,5727.9825,40.37110977688286
2022-10-20 16:00:00,136.85,9403.105,3424.27,30.41,0.0,4834.81,1372.25,923.63,651.79,-662.15,6455.4349999999995,31.347836698622427
2022-10-20 17:00:00,169.0,9881.9125,3185.15,98.03,0.0,4843.44,478.39,1022.08,611.21,-459.3725,7770.2325,21.36914286581671
2022-10-20 18:00:00,180.62,10251.22,3515.61,352.85,0.0,4837.9,36.1,782.0,714.72,248.47000000000003,8718.4,14.952561743870488
2022-10-20 19:00:00,188.31,10509.59,3582.92,345.66,0.0,4841.34,0.0,515.45,918.38,531.8575,9075.76,13.64306314518454
2022-10-20 20:00:00,167.8,10023.12,3595.65,356.61,0.0,4842.55,0.0,329.54,1039.89,399.05999999999995,8653.69,13.662711810294597
2022-10-20 21:00:00,141.43,9378.4,3697.6,154.88,0.0,4840.11,0.0,99.07,1007.48,1.879999999999967,8271.85,11.798920924677983
2022-10-20 22:00:00,132.26,9078.4925,3690.23,98.14,2.6,4843.8,0.0,21.32,995.71,-413.97999999999996,8061.462500000001,11.202630833257835
2022-10-20 23:00:00,124.15,8527.555,3638.02,10.03,2.84,4847.95,0.0,51.43,832.8,-564.105,7643.325000000001,10.369091726761068
2022-10-21 00:00:00,131.8,8238.11,3437.58,,2.84,4849.38,0.0,158.7,950.33,-78.25750000000002,7129.080000000001,13.462189749833394
2022-10-21 01:00:00,118.62,7880.1425,3367.97,,2.84,4856.15,0.0,251.47,1073.97,-1006.6800000000001,6554.702499999999,16.820000399738966
2022-10-21 02:00:00,113.36,7616.9625,3445.42,,2.84,4864.01,0.0,293.08,943.73,-979.035,6380.1525,16.23757501760052
2022-10-21 03:00:00,111.01,7570.675,3519.1,,2.84,4863.28,0.0,296.45,876.19,-1382.3899999999999,6398.035,15.489239730935486
2022-10-21 04:00:00,112.4,7593.702499999999,3359.9,,2.84,4863.23,0.0,500.7,928.22,-1373.4225,6164.782499999999,18.81717120205855
2022-10-21 05:00:00,120.0,8019.092500000001,3380.36,,2.84,4864.63,0.0,400.87,889.73,-1088.8625000000002,6728.4925,16.094090447266943
2022-10-21 06:00:00,137.24,8869.4775,3607.54,19.4,2.84,4867.63,0.0,348.64,839.85,-1106.3,7680.987500000001,13.399774676693186
2022-10-21 07:00:00,179.59,10001.1275,3600.34,393.61,2.84,4861.29,0.0,403.82,1110.62,-838.4025,8486.6875,15.142692661402425
2022-10-21 08:00:00,194.34,10144.02,3644.79,523.84,0.05,4859.56,9.93,235.19,918.0,-279.3875,8980.900000000001,11.466065721479254
2022-10-21 09:00:00,195.41,10053.8825,3740.68,497.24,0.0,4860.46,159.34,694.95,688.62,-612.6850000000001,8510.9725,15.346409707891457
2022-10-21 10:00:00,180.3,10284.8275,3455.83,38.7,0.0,4859.55,528.1,1078.16,900.21,-919.205,7778.357499999999,24.370559447885736
2022-10-21 11:00:00,176.92,10467.8575,3516.61,91.88,0.0,4859.0,1380.76,968.18,953.5,-1376.24,7165.4175,31.548385139939093
2022-10-21 12:00:00,129.27,10020.467499999999,3493.4,322.37,0.0,4855.62,2024.02,784.08,826.16,-1698.0674999999999,6386.207499999999,36.268367718372424
2022-10-21 13:00:00,145.46,9569.375,3510.3,115.68,0.0,4852.02,2439.18,779.66,772.32,-1781.8700000000001,5578.215,41.707635033635945
2022-10-21 14:00:00,141.7,9470.05,3223.31,,0.0,4851.94,2839.38,833.37,682.63,-1675.49,5114.669999999999,45.991098251857174
2022-10-21 15:00:00,100.0,9216.565,3242.09,,0.0,4849.64,2440.16,871.95,720.5,-1197.6575,5183.955000000001,43.75393652624378
2022-10-21 16:00:00,110.71,9346.605,3236.51,69.32,0.0,4848.64,1371.58,1316.15,725.76,-1333.285,5933.115,36.52117533585725
2022-10-21 17:00:00,187.46,9603.16,3295.15,115.78,0.0,4834.28,406.06,1405.31,669.41,-1098.5049999999999,7122.38,25.832954985650552
2022-10-21 18:00:00,201.49,9871.2275,3369.57,432.31,0.0,4855.85,36.57,1451.3,759.48,-1328.8875,7623.8775000000005,22.7666721286689
2022-10-21 19:00:00,189.58,10092.175,3360.19,459.38,0.0,4856.15,0.0,1551.11,867.97,-1323.1025,7673.094999999999,23.96985783540218
2022-10-21 20:00:00,162.67,9764.8225,3313.39,506.29,0.0,4856.23,0.0,1716.97,870.49,-1534.4625,7177.3625,26.497767880573353
2022-10-21 21:00:00,156.96,9077.35,3282.21,122.85,0.0,4857.86,0.0,1832.94,821.08,-1556.9850000000001,6423.33,29.237828220791307
2022-10-21 22:00:00,153.0,8861.7425,3198.4,2.62,0.0,4861.45,0.0,1969.3,697.9,-1644.6275,6194.5425000000005,30.09791810132149
2022-10-21 23:00:00,142.79,8692.085,3155.88,,0.0,4860.28,0.0,1984.72,746.55,-1644.085,5960.814999999999,31.42249529313163
2022-10-22 00:00:00,142.78,8117.905,2669.23,103.45,0.0,4853.02,0.0,1834.43,806.53,-1504.7150000000001,5476.945,32.53253148441624
2022-10-22 01:00:00,120.48,7756.9,2461.0,56.97,0.0,4852.67,0.0,1731.81,981.72,-1647.6125,5043.37,34.98214492903093
2022-10-22 02:00:00,92.8,7486.595,2014.3,,0.0,4852.14,0.0,1951.4,902.74,-1574.82,4632.455,38.123339114777814
2022-10-22 03:00:00,102.0,7457.46,1832.3,,0.0,4854.73,0.0,1900.1,901.29,-1189.21,4656.07,37.56493497786109
2022-10-22 04:00:00,93.1,7223.4025,1893.31,,0.0,4856.59,0.0,1766.25,970.04,-1232.425,4487.1125,37.88090169418082
2022-10-22 05:00:00,100.01,7402.3625,1887.06,,2.53,4856.24,0.0,1861.48,1018.18,-1300.075,4522.7025,38.90190462842099
2022-10-22 06:00:00,107.06,7625.1775,1839.76,,2.81,4856.1,0.0,1840.41,990.9,-1299.2,4793.8675,37.131070063614914
2022-10-22 07:00:00,90.0,8173.8675,1893.4,,2.81,4860.11,0.0,1872.23,1026.11,-1163.3475,5275.5275,35.45861246221572
2022-10-22 08:00:00,107.01,8439.2025,2135.63,66.6,3.85,4865.78,45.96,1589.86,967.56,-1253.69,5835.822499999999,30.848649502130094
2022-10-22 09:00:00,141.36,8897.635,2442.85,178.79,3.91,4864.42,405.89,1448.78,833.48,-1356.8375,6209.485000000001,30.21196081880185
2022-10-22 10:00:00,130.05,9104.352499999999,2539.32,196.18,2.82,4858.96,974.32,1178.54,649.08,-1169.0725,6302.4124999999985,30.775829472771406
2022-10-22 11:00:00,121.25,9219.6525,2474.67,162.06,2.81,4857.37,1523.24,843.01,606.46,-1304.4075,6246.9425,32.24318920913776
2022-10-22 12:00:00,119.14,9086.6625,2478.89,130.65,2.81,4858.47,1908.74,746.06,442.32,-1400.2375,5989.5425000000005,34.08424160135803
2022-10-22 13:00:00,110.61,8960.885,2280.65,,2.81,4857.89,2247.51,701.32,425.55,-1193.71,5586.504999999999,37.6567716246777
2022-10-22 14:00:00,102.14,8663.105,2316.35,,0.05,4856.25,2258.4,577.32,351.13,-982.5325,5476.254999999999,36.78646397567616
2022-10-22 15:00:00,98.07,8619.02,2307.42,,0.0,4850.99,1811.01,628.93,331.36,-842.74,5847.720000000001,32.15330745258741
2022-10-22 16:00:00,107.37,8621.0975,2308.58,,0.0,4847.91,991.59,523.9,325.93,-1227.1,6779.6775,21.359461483877197
2022-10-22 17:00:00,142.19,8719.315,2445.41,31.53,0.0,4852.09,369.33,305.06,160.57,-1055.6675,7884.3550000000005,9.575981599471977
2022-10-22 18:00:00,179.12,9183.817500000001,2516.54,714.24,0.0,4857.46,27.76,162.99,161.87,-598.8275,8831.1975,3.839579782590409
2022-10-22 19:00:00,183.23,9433.3825,2662.31,682.1,0.0,4853.08,0.01,48.16,276.82,-406.84999999999997,9108.3925,3.4451057189719596
2022-10-22 20:00:00,164.04,9135.98,2657.19,533.35,0.0,4854.15,0.0,24.28,384.27,-462.5825,8727.43,4.471879316723547
2022-10-22 21:00:00,143.0,8864.74,2568.98,240.21,0.0,4850.08,0.0,50.8,573.0,-1015.545,8240.94,7.036867409534854
2022-10-22 22:00:00,137.01,8643.2675,2499.93,,0.0,4851.65,0.0,159.78,734.28,-948.1575,7749.2075,10.344004741262491
2022-10-22 23:00:00,132.42,8255.77,2258.53,3.12,0.0,4845.28,0.0,220.25,742.34,-977.3775,7293.18,11.659602920139491
2022-10-23 00:00:00,110.66,7840.5425,1798.72,365.74,0.0,4850.38,0.0,229.4,753.5,-1088.5375,6857.6425,12.536122341024234
2022-10-23 01:00:00,99.15,7464.3375,1766.87,35.7,0.0,4860.0,0.0,158.28,804.99,-1009.0325,6501.067499999999,12.904963099538305
2022-10-23 02:00:00,93.54,7110.5575,1746.45,,0.0,4864.13,0.0,166.73,795.75,-955.805,6148.077499999999,13.53592879320644
2022-10-23 03:00:00,90.0,6984.5,1759.53,,0.0,4860.79,0.0,160.07,742.08,-1003.53,6082.35,12.916457871000073
2022-10-23 04:00:00,93.23,7003.6224999999995,1748.77,43.14,0.0,4857.02,0.0,160.65,739.16,-867.2975,6103.8125,12.847779845358598
2022-10-23 05:00:00,90.48,6974.5625,1755.42,,0.0,4848.2,0.0,239.02,832.8,-926.45,5902.7425,15.367558897063436
2022-10-23 06:00:00,91.7,7238.525,1747.05,,0.0,4847.29,0.0,258.19,816.08,-880.9474999999999,6164.254999999999,14.841006973105708
2022-10-23 07:00:00,96.0,7428.3975,1762.03,46.65,0.0,4846.57,0.0,260.51,703.38,-1131.48,6464.5075,12.975746114824899
2022-10-23 08:00:00,95.59,7598.3425,1751.62,37.83,0.0,4844.08,23.89,380.36,760.44,-904.665,6433.6525,15.328211382943058
2022-10-23 09:00:00,108.95,7963.012500000001,1747.43,,0.0,4840.49,203.08,696.53,898.25,-807.825,6165.152500000001,22.577636290285866
2022-10-23 10:00:00,96.0,8396.565,1640.52,,0.0,4838.88,338.41,1230.23,703.93,-913.44,6123.995000000001,27.065472606952955
2022-10-23 11:00:00,93.22,8640.32,1718.83,128.63,0.0,4843.92,595.34,726.29,906.73,-875.9250000000001,6411.959999999999,25.790248509314473
2022-10-23 12:00:00,83.39,8626.82,1653.92,,0.0,4841.82,1013.61,830.0,932.95,-542.5375,5850.26,32.18520845456379
2022-10-23 13:00:00,76.17,8499.385,1600.2,84.59,0.0,4838.42,1398.75,265.12,905.38,-960.8725000000001,5930.135,30.22865772052919
2022-10-23 14:00:00,78.31,8160.0,1722.32,259.18,0.0,4847.83,1497.95,89.25,872.39,-960.88,5700.41,30.142034313725492
2022-10-23 15:00:00,75.57,8048.6175,1698.68,192.34,0.0,4846.53,1027.57,307.81,1032.14,-993.7075,5681.0975,29.415238082813598
2022-10-23 16:00:00,76.9,8143.86,1769.95,7.72,0.0,4835.59,385.84,637.87,1166.9,-605.885,5953.25,26.898915256401757
2022-10-23 17:00:00,78.73,8545.0425,1822.13,,0.0,4825.47,157.45,1298.53,1366.12,-894.7375,5722.942499999999,33.02616692661271
2022-10-23 18:00:00,97.29,9136.89,1869.9,,0.98,4832.42,15.21,1741.75,1341.01,-842.1425,6038.919999999999,33.9061759526491
2022-10-23 19:00:00,116.81,9640.7325,1933.08,,1.03,4838.54,0.01,2004.87,1577.64,-421.9375,6058.2125,37.1602469003263
2022-10-23 20:00:00,102.9,9135.6775,1791.02,27.7,1.03,4841.77,0.0,1924.15,1705.3,-411.7075,5506.2275,39.72830695917188
2022-10-23 21:00:00,87.51,8745.3075,1768.34,504.7,0.01,4846.85,0.0,1456.48,1539.77,-495.12,5749.057500000001,34.26123095157031
2022-10-23 22:00:00,80.87,8101.915,1885.91,230.24,2.67,4847.39,0.0,1404.02,1502.54,-676.5150000000001,5195.355,35.87497523733587
2022-10-23 23:00:00,73.41,8203.9525,1655.03,,2.97,4846.21,0.0,1991.75,1534.64,-694.825,4677.562499999999,42.98403726740252
