date,Spot price,Demand,Lignite,Gas,Coal,Hydro Pump,Hydro R-o-R,Hydro Res,Nuclear,Solar,Wind Offshore,Wind Onshore,Net Imports,Residual load,RES_pen
2022-10-03 00:00:00,196.39,20998.0,0.0,11914.0,1173.0,,493.0,518.0,6000.0,91.0,0.0,5193.0,-4522.21,15714.0,25.16430136203448
2022-10-03 01:00:00,187.0,19906.0,0.0,11496.0,1176.0,,490.0,669.0,6000.0,75.0,0.0,4606.0,-4411.03,15225.0,23.515522957902142
2022-10-03 02:00:00,190.28,19233.0,0.0,11743.0,1176.0,,480.0,824.0,6001.0,50.0,0.0,3796.0,-4513.84,15387.0,19.996880361878024
2022-10-03 03:00:00,190.28,19040.0,0.0,12198.0,1173.0,,485.0,748.0,6004.0,51.0,0.0,2931.0,-4346.45,16058.0,15.661764705882353
2022-10-03 04:00:00,194.29,19228.0,0.0,12765.0,1145.0,,494.0,752.0,6004.0,52.0,0.0,2120.0,-4007.67,17056.0,11.296026627834408
2022-10-03 05:00:00,197.7,19867.0,0.0,12829.0,1005.0,,509.0,1191.0,6005.0,52.0,0.0,1604.0,-3214.9,18211.0,8.335430613580309
2022-10-03 06:00:00,199.46,22328.0,0.0,13269.0,898.0,,498.0,1604.0,6006.0,52.0,0.0,1390.0,-2218.86,20886.0,6.458258688642064
2022-10-03 07:00:00,204.97,25705.0,0.0,15019.0,655.0,,519.0,2094.0,6004.0,52.0,0.0,1133.0,-1497.6100000000001,24520.0,4.609998054853142
2022-10-03 08:00:00,235.0,27622.0,0.0,16416.0,654.0,,535.0,2685.0,6006.0,155.0,0.0,1082.0,-1074.21,26385.0,4.47831438708276
2022-10-03 09:00:00,215.0,27918.0,0.0,16648.0,665.0,,503.0,2510.0,6003.0,1698.0,0.0,943.0,-1732.27,25277.0,9.459846693889247
2022-10-03 10:00:00,195.61,27926.0,0.0,16203.0,653.0,,464.0,1639.0,5988.0,4662.0,0.0,637.0,-2722.0,22627.0,18.97514860703287
2022-10-03 11:00:00,187.0,28023.0,0.0,15467.0,656.0,,444.0,760.0,5992.0,7249.0,0.0,447.0,-3366.95,20327.0,27.463155265317774
2022-10-03 12:00:00,185.37,28416.0,0.0,15027.0,681.0,,464.0,588.0,5996.0,8802.0,0.0,358.0,-3869.81,19256.0,32.23536036036036
2022-10-03 13:00:00,180.0,28808.0,0.0,15237.0,806.0,,483.0,507.0,5995.0,9468.0,0.0,347.0,-4200.5599999999995,18993.0,34.07039711191336
2022-10-03 14:00:00,169.31,28261.0,0.0,15054.0,762.0,,452.0,486.0,5992.0,9696.0,0.0,403.0,-4322.57,18162.0,35.73475814727009
2022-10-03 15:00:00,165.0,27761.0,0.0,15046.0,648.0,,451.0,454.0,5991.0,9673.0,0.0,533.0,-4767.39,17555.0,36.76380533842441
2022-10-03 16:00:00,171.43,27689.0,0.0,14837.0,648.0,,455.0,392.0,5982.0,9170.0,0.0,769.0,-4578.2,17750.0,35.89512080609628
2022-10-03 17:00:00,187.0,27757.0,0.0,15927.0,648.0,,477.0,518.0,5983.0,7306.0,0.0,1073.0,-4116.15,19378.0,30.18697986093598
2022-10-03 18:00:00,199.24,27706.0,0.0,16594.0,647.0,,529.0,963.0,5984.0,4129.0,0.0,1827.0,-3364.06,21750.0,21.497148632065258
2022-10-03 19:00:00,215.0,28271.0,0.0,16855.0,648.0,,529.0,2266.0,5986.0,1087.0,0.0,2284.0,-2627.6,24900.0,11.923879593930176
2022-10-03 20:00:00,270.0,30293.0,0.0,17123.0,648.0,,586.0,3615.0,5990.0,75.0,0.0,2505.0,-1789.8899999999999,27713.0,8.516819067111214
2022-10-03 21:00:00,265.0,29510.0,0.0,16866.0,607.0,,592.0,3754.0,5994.0,48.0,0.0,2933.0,-1909.3900000000003,26529.0,10.101660454083362
2022-10-03 22:00:00,208.5,26496.0,0.0,15765.0,473.0,,556.0,2785.0,5999.0,44.0,0.0,2983.0,-2482.5,23469.0,11.424365942028986
2022-10-03 23:00:00,200.3,24064.0,0.0,15009.0,402.0,,525.0,1852.0,6000.0,44.0,0.0,3040.0,-2905.17,20980.0,12.815824468085108
2022-10-04 00:00:00,205.42,22898.0,0.0,14809.0,452.0,,436.0,1311.0,5998.0,44.0,0.0,3370.0,-3267.5099999999998,19484.0,14.909599091623724
2022-10-04 01:00:00,183.59,21911.0,0.0,14869.0,295.0,,391.0,1346.0,6000.0,11.0,0.0,3163.0,-3802.58,18737.0,14.485874674820867
2022-10-04 02:00:00,183.89,21228.0,0.0,14780.0,232.0,,377.0,724.0,6000.0,4.0,0.0,3264.0,-3902.6800000000003,17960.0,15.394761635575655
2022-10-04 03:00:00,162.5,20785.0,0.0,14754.0,232.0,,372.0,434.0,6001.0,4.0,0.0,3127.0,-3902.4800000000005,17654.0,15.063747895116672
2022-10-04 04:00:00,170.0,20899.0,0.0,15174.0,232.0,,442.0,424.0,6004.0,4.0,0.0,2755.0,-4119.4,18140.0,13.201588592755634
2022-10-04 05:00:00,184.19,21338.0,0.0,15342.0,232.0,,488.0,578.0,6004.0,4.0,0.0,2585.0,-3999.96,18749.0,12.133283344268442
2022-10-04 06:00:00,205.23,23618.0,0.0,15720.0,232.0,,490.0,677.0,6004.0,4.0,0.0,2421.0,-2765.23,21193.0,10.267592514184097
2022-10-04 07:00:00,250.0,26788.0,0.0,17392.0,232.0,,505.0,1254.0,6004.0,4.0,0.0,2188.0,-1991.2,24596.0,8.182768403762879
2022-10-04 08:00:00,255.0,27991.0,0.0,17774.0,232.0,,482.0,2016.0,6004.0,133.0,0.0,2074.0,-1867.44,25784.0,7.884677217677111
2022-10-04 09:00:00,249.6,28495.0,0.0,17560.0,232.0,,469.0,2032.0,6004.0,2337.0,0.0,1792.0,-2766.35,24366.0,14.490261449377083
2022-10-04 10:00:00,161.0,28680.0,0.0,16965.0,232.0,,421.0,971.0,6007.0,6302.0,0.0,1211.0,-3751.9,21167.0,26.195955369595538
2022-10-04 11:00:00,144.0,28757.0,0.0,16662.0,232.0,,385.0,748.0,6020.0,8699.0,0.0,769.0,-4140.79,19289.0,32.924157596411305
2022-10-04 12:00:00,140.95,29196.0,0.0,15869.0,232.0,,385.0,493.0,6009.0,10472.0,0.0,774.0,-4104.66,17950.0,38.51897520208248
2022-10-04 13:00:00,139.89,29349.0,0.0,15973.0,232.0,,383.0,475.0,5997.0,11147.0,0.0,929.0,-4427.12,17273.0,41.14620600361171
2022-10-04 14:00:00,134.69,28742.0,0.0,15518.0,232.0,,382.0,483.0,5997.0,11272.0,0.0,1093.0,-4871.6,16377.0,43.02066662027695
2022-10-04 15:00:00,130.0,28305.0,0.0,15583.0,232.0,,388.0,306.0,5992.0,11151.0,0.0,1213.0,-5125.16,15941.0,43.68132838721074
2022-10-04 16:00:00,130.11,28131.0,0.0,15599.0,232.0,,385.0,318.0,5987.0,10777.0,0.0,1315.0,-5157.02,16039.0,42.984607728129106
2022-10-04 17:00:00,144.0,28276.0,0.0,15783.0,219.0,,372.0,482.0,5988.0,9454.0,0.0,1391.0,-4635.88,17431.0,38.354081199603904
2022-10-04 18:00:00,178.69,28256.0,0.0,17125.0,127.0,,392.0,1371.0,5987.0,6000.0,0.0,1486.0,-4153.91,20770.0,26.49348810872027
2022-10-04 19:00:00,250.0,28563.0,0.0,17482.0,38.0,,479.0,2842.0,5987.0,1581.0,0.0,1570.0,-2689.61,25412.0,11.031754367538424
2022-10-04 20:00:00,280.0,30452.0,0.0,17724.0,191.0,,515.0,3787.0,5990.0,125.0,0.0,1630.0,-1111.7,28697.0,5.763168264810193
2022-10-04 21:00:00,260.0,29491.0,0.0,17710.0,296.0,,496.0,3604.0,5993.0,108.0,0.0,1749.0,-1114.23,27634.0,6.296836322945984
2022-10-04 22:00:00,233.13,26569.0,0.0,17353.0,258.0,,482.0,2621.0,5996.0,84.0,0.0,2005.0,-2626.9,24480.0,7.8625465768376674
2022-10-04 23:00:00,196.73,24291.0,0.0,17356.0,147.0,,415.0,1368.0,5999.0,64.0,0.0,2097.0,-3358.3,22130.0,8.896299040797002
2022-10-05 00:00:00,217.75,23027.0,0.0,16272.0,85.0,,425.0,1065.0,6003.0,57.0,0.0,2208.0,-3423.4100000000003,20762.0,9.836279150562383
2022-10-05 01:00:00,183.39,21972.0,0.0,15459.0,192.0,,377.0,654.0,6004.0,63.0,0.0,2435.0,-3442.2200000000003,19474.0,11.369015110140177
2022-10-05 02:00:00,158.79,21271.0,0.0,14801.0,232.0,,350.0,525.0,6006.0,64.0,0.0,2724.0,-3423.33,18483.0,13.107047153401345
2022-10-05 03:00:00,145.5,20943.0,0.0,14600.0,232.0,,346.0,432.0,6008.0,54.0,0.0,3070.0,-3854.86,17819.0,14.916678603829443
2022-10-05 04:00:00,128.5,20872.0,0.0,13990.0,232.0,,353.0,392.0,6008.0,34.0,0.0,3463.0,-3059.07,17375.0,16.754503641241854
2022-10-05 05:00:00,149.0,21458.0,0.0,14260.0,232.0,,357.0,486.0,6008.0,36.0,0.0,3842.0,-3406.83,17580.0,18.072513747786374
2022-10-05 06:00:00,177.39,23640.0,0.0,15013.0,232.0,,360.0,595.0,6006.0,36.0,0.0,4162.0,-3289.67,19442.0,17.7580372250423
2022-10-05 07:00:00,246.27,26897.0,0.0,16006.0,232.0,,392.0,994.0,6005.0,38.0,0.0,4364.0,-2305.28,22495.0,16.366137487452132
2022-10-05 08:00:00,250.0,27998.0,0.0,16695.0,232.0,,415.0,1244.0,6004.0,129.0,0.0,4201.0,-1865.56,23668.0,15.465390385027503
2022-10-05 09:00:00,209.73,28422.0,0.0,16450.0,232.0,,414.0,1350.0,5984.0,2117.0,0.0,3789.0,-2622.7,22516.0,20.779677714446557
2022-10-05 10:00:00,148.0,28582.0,0.0,15639.0,232.0,,372.0,1100.0,5940.0,6113.0,0.0,2960.0,-3792.5199999999995,19509.0,31.74375481072003
2022-10-05 11:00:00,135.0,28787.0,0.0,14177.0,232.0,,339.0,468.0,5933.0,8747.0,0.0,2603.0,-4029.2299999999996,17437.0,39.42751936638066
2022-10-05 12:00:00,134.9,29075.0,0.0,14307.0,232.0,,337.0,243.0,5937.0,10343.0,0.0,2442.0,-4421.91,16290.0,43.97248495270851
2022-10-05 13:00:00,134.9,29186.0,0.0,14175.0,260.0,,330.0,213.0,5955.0,11103.0,0.0,2295.0,-4690.29,15788.0,45.905571164256834
2022-10-05 14:00:00,129.5,28907.0,0.0,14456.0,340.0,,329.0,213.0,5960.0,11230.0,0.0,2180.0,-4516.7,15497.0,46.39014771508631
2022-10-05 15:00:00,128.5,28281.0,0.0,14415.0,486.0,,331.0,271.0,5957.0,11023.0,0.0,2124.0,-4790.04,15134.0,46.48704076942117
2022-10-05 16:00:00,129.5,28151.0,0.0,14315.0,536.0,,328.0,286.0,5958.0,10497.0,0.0,2275.0,-4720.26,15379.0,45.36961386806863
2022-10-05 17:00:00,134.99,28163.0,0.0,14357.0,476.0,,333.0,731.0,5952.0,8937.0,0.0,2659.0,-4564.6900000000005,16567.0,41.17459077513049
2022-10-05 18:00:00,148.89,27986.0,0.0,15059.0,460.0,,340.0,1488.0,5947.0,5535.0,0.0,3154.0,-4028.8199999999997,19297.0,31.0476666904881
2022-10-05 19:00:00,211.92,28459.0,0.0,16205.0,653.0,,363.0,2014.0,5952.0,1369.0,0.0,4057.0,-3132.42,23033.0,19.066024807617975
2022-10-05 20:00:00,240.0,30390.0,0.0,16640.0,811.0,,437.0,2447.0,5960.0,110.0,0.0,5330.0,-2663.54,24950.0,17.900625205659757
2022-10-05 21:00:00,211.92,29365.0,0.0,16335.0,839.0,,412.0,2352.0,5963.0,48.0,0.0,6534.0,-3141.39,22783.0,22.41443895794313
2022-10-05 22:00:00,149.95,26500.0,0.0,15040.0,839.0,,378.0,1212.0,5974.0,19.0,0.0,7379.0,-3820.31,19102.0,27.91698113207547
2022-10-05 23:00:00,126.78,24304.0,0.0,14079.0,795.0,,367.0,560.0,5978.0,5.0,0.0,8076.0,-4760.86,16223.0,33.24967083607637
2022-10-06 00:00:00,96.12,23315.0,0.0,11273.0,791.0,,358.0,1001.0,5982.0,0.0,0.0,8203.0,-3892.3,15112.0,35.18335835299163
2022-10-06 01:00:00,90.17,22312.0,0.0,9589.0,840.0,,333.0,1613.0,5984.0,0.0,0.0,8234.0,-4186.04,14078.0,36.90390821082825
2022-10-06 02:00:00,81.0,21582.0,0.0,8992.0,817.0,,323.0,1223.0,5985.0,0.0,0.0,8630.0,-4174.3,12952.0,39.98702622555834
2022-10-06 03:00:00,77.43,21341.0,0.0,8826.0,773.0,,315.0,606.0,5988.0,1.0,0.0,8847.0,-3888.0,12493.0,41.460100276463145
2022-10-06 04:00:00,75.0,21413.0,0.0,8942.0,755.0,,319.0,356.0,5990.0,16.0,0.0,8788.0,-3648.51,12609.0,41.11521038621398
2022-10-06 05:00:00,75.47,21878.0,0.0,8993.0,732.0,,318.0,396.0,5992.0,24.0,0.0,8770.0,-3506.85,13084.0,40.195630313557
2022-10-06 06:00:00,82.5,24153.0,0.0,9736.0,810.0,,313.0,589.0,5989.0,24.0,0.0,8851.0,-3088.0699999999997,15278.0,36.74491781559227
2022-10-06 07:00:00,102.62,27154.0,0.0,11858.0,838.0,,320.0,1013.0,5989.0,21.0,0.0,8827.0,-2916.06,18306.0,32.58451793474258
2022-10-06 08:00:00,118.28,28394.0,0.0,12953.0,840.0,,332.0,1667.0,5980.0,56.0,0.0,8337.0,-2597.3399999999997,20001.0,29.559061773614143
2022-10-06 09:00:00,110.0,28790.0,0.0,12960.0,838.0,,327.0,1628.0,5980.0,1802.0,0.0,7739.0,-3151.91,19249.0,33.139979159430354
2022-10-06 10:00:00,96.12,29534.0,0.0,11809.0,839.0,,320.0,1049.0,5979.0,5890.0,0.0,7058.0,-4082.74,16586.0,43.8409968172276
2022-10-06 11:00:00,88.8,29725.0,0.0,10539.0,838.0,,316.0,617.0,5976.0,10040.0,0.0,6733.0,-4670.5,12952.0,56.42724978973928
2022-10-06 12:00:00,88.8,29459.0,0.0,10594.0,794.0,,305.0,229.0,5967.0,10356.0,0.0,6151.0,-4778.860000000001,12952.0,56.0338097016192
2022-10-06 13:00:00,91.24,29658.0,0.0,11287.0,773.0,,310.0,299.0,5964.0,10806.0,0.0,5644.0,-4853.67,13208.0,55.465641648121924
2022-10-06 14:00:00,91.42,29346.666666666668,0.0,11209.0,773.0,,318.0,437.0,5965.0,10962.0,0.0,5164.0,-5107.66,13220.666666666668,54.95002271694685
2022-10-06 15:00:00,92.69,28474.0,0.0,10926.0,816.0,,320.0,394.0,5960.0,10806.0,0.0,4965.0,-5375.02,12703.0,55.38737093488797
2022-10-06 16:00:00,93.5,28303.0,0.0,11141.0,834.0,,317.0,514.0,5964.0,10069.0,0.0,4953.0,-5499.42,13281.0,53.07564569126948
2022-10-06 17:00:00,100.0,28429.0,0.0,11844.0,836.0,,322.0,584.0,5964.0,8565.0,0.0,5389.0,-5418.51,14475.0,49.0836821555454
2022-10-06 18:00:00,118.64,28164.0,0.0,13739.0,838.0,,327.0,914.0,5968.0,5155.0,0.0,5820.0,-5136.62,17189.0,38.968186337168014
2022-10-06 19:00:00,185.0,28746.0,0.0,14954.0,838.0,,347.0,2206.0,5971.0,1390.0,0.0,6006.0,-4349.38,21350.0,25.728797050024347
2022-10-06 20:00:00,216.0,30470.0,0.0,15780.0,839.0,,423.0,3293.0,5977.0,175.0,0.0,6121.0,-3459.85,24174.0,20.662947161142107
2022-10-06 21:00:00,220.0,29420.0,0.0,15719.0,840.0,,453.0,3413.0,5980.0,97.0,0.0,6122.0,-3386.4399999999996,23201.0,21.1386811692726
2022-10-06 22:00:00,181.74,26551.0,0.0,15167.0,839.0,,428.0,2734.0,5981.0,46.0,0.0,5912.0,-4473.620000000001,20593.0,22.439832774660086
2022-10-06 23:00:00,142.0,24538.0,0.0,14317.0,836.0,,385.0,1949.0,5980.0,35.0,0.0,5986.0,-5091.79,18517.0,24.537452115086804
2022-10-07 00:00:00,143.0,23412.0,0.0,14234.0,838.0,,370.0,1082.0,5987.0,4.0,0.0,5736.0,-5062.42,17672.0,24.517341534255937
2022-10-07 01:00:00,136.89,22404.0,0.0,13578.0,837.0,,350.0,740.0,5985.0,0.0,0.0,5413.0,-4636.84,16991.0,24.16086413140511
2022-10-07 02:00:00,115.0,21673.0,0.0,13497.0,722.0,,349.0,584.0,5985.0,1.0,0.0,4997.0,-4508.47,16675.0,23.060951414202002
2022-10-07 03:00:00,114.0,21197.0,0.0,13264.0,705.0,,348.0,540.0,5987.0,1.0,0.0,4837.0,-4484.28,16359.0,22.823984526112184
2022-10-07 04:00:00,137.19,21092.0,0.0,13123.0,808.0,,341.0,527.0,5985.0,1.0,0.0,4370.0,-4217.58,16721.0,20.72349706049687
2022-10-07 05:00:00,138.58,21371.0,0.0,13431.0,829.0,,347.0,535.0,5984.0,0.0,0.0,3798.0,-3795.75,17573.0,17.771746759627533
2022-10-07 06:00:00,162.02,23789.0,0.0,14406.0,836.0,,354.0,868.0,5981.0,0.0,0.0,3437.0,-3538.8,20352.0,14.447854050191264
2022-10-07 07:00:00,180.0,27034.0,0.0,15881.0,836.0,,346.0,1937.0,5981.0,3.0,0.0,3001.0,-2674.48,24030.0,11.111933121254717
2022-10-07 08:00:00,219.23,28132.0,0.0,16458.0,839.0,,384.0,2702.0,5981.0,66.0,0.0,2738.0,-2098.7700000000004,25328.0,9.96729702829518
2022-10-07 09:00:00,210.32,28513.0,0.0,16441.0,838.0,,400.0,2521.0,5979.0,1974.0,0.0,2326.0,-2853.44,24213.0,15.080840318451234
2022-10-07 10:00:00,162.02,28840.0,0.0,15371.0,840.0,,366.0,1832.0,5979.0,5965.0,0.0,1990.0,-4035.49,20885.0,27.583217753120664
2022-10-07 11:00:00,135.6,29013.0,0.0,14041.0,841.0,,352.0,803.0,5977.0,9205.0,0.0,1980.0,-4756.7,17828.0,38.55168372798401
2022-10-07 12:00:00,131.79,29307.0,0.0,13141.0,841.0,,353.0,387.0,5974.0,11119.0,0.0,1895.0,-4799.51,16293.0,44.40577336472515
2022-10-07 13:00:00,125.61,29443.0,0.0,13561.0,840.0,,348.0,398.0,5976.0,11295.0,0.0,1956.0,-4608.21,16192.0,45.005604048500494
2022-10-07 14:00:00,115.0,28868.0,0.0,13667.0,837.0,,334.0,433.0,5974.0,10912.0,0.0,2120.0,-5056.219999999999,15836.0,45.143411389774144
2022-10-07 15:00:00,113.0,28006.0,0.0,13160.0,838.0,,331.0,491.0,5972.0,10769.0,0.0,2372.0,-5407.139999999999,14865.0,46.92208812397343
2022-10-07 16:00:00,112.38,27670.0,0.0,13364.0,840.0,,332.0,374.0,5967.0,10033.0,0.0,2587.0,-5493.33,15050.0,45.6089627755692
2022-10-07 17:00:00,132.64,27663.0,0.0,13299.0,840.0,,323.0,618.0,5967.0,8731.0,0.0,2930.0,-5269.7,16002.0,42.15377941654918
2022-10-07 18:00:00,163.03,27515.0,0.0,14152.0,840.0,,321.0,916.0,5971.0,5901.0,0.0,3239.0,-4530.32,18375.0,33.21824459385789
2022-10-07 19:00:00,210.0,27876.0,0.0,15907.0,839.0,,333.0,2035.0,5972.0,1706.0,0.0,3673.0,-3661.44,22497.0,19.296168747309515
2022-10-07 20:00:00,240.0,29419.0,0.0,16795.0,838.0,,408.0,2822.0,5972.0,295.0,0.0,4232.0,-3226.41,24892.0,15.388014548421088
2022-10-07 21:00:00,210.0,28496.0,0.0,16797.0,840.0,,382.0,2546.0,5972.0,251.0,0.0,4712.0,-3333.22,23533.0,17.416479505895563
2022-10-07 22:00:00,164.65,25945.0,0.0,15671.0,841.0,,356.0,2215.0,5974.0,144.0,0.0,4956.0,-4340.55,20845.0,19.656966660242823
2022-10-07 23:00:00,132.94,24023.0,0.0,14721.0,840.0,,344.0,1374.0,5980.0,71.0,0.0,5314.0,-4961.55,18638.0,22.416017982766515
2022-10-08 00:00:00,162.0,23061.0,0.0,13019.0,833.0,,338.0,584.0,5981.0,26.0,0.0,5474.0,-3699.14,17561.0,23.849789688218202
2022-10-08 01:00:00,143.5,22007.0,0.0,12516.0,839.0,,330.0,515.0,5983.0,4.0,0.0,5240.0,-3955.13,16763.0,23.828781751260962
2022-10-08 02:00:00,120.0,21093.0,0.0,12476.0,835.0,,318.0,663.0,5985.0,4.0,0.0,5010.0,-4526.67,16079.0,23.770919262314514
2022-10-08 03:00:00,114.72,20581.0,0.0,12346.0,707.0,,327.0,367.0,5984.0,4.0,0.0,5121.0,-4336.65,15456.0,24.901608279481074
2022-10-08 04:00:00,112.84,20254.0,0.0,11936.0,541.0,,318.0,340.0,5985.0,4.0,0.0,5376.0,-4074.9300000000003,14874.0,26.56265429051052
2022-10-08 05:00:00,107.45,20034.0,0.0,11764.0,445.0,,316.0,336.0,5986.0,4.0,0.0,5679.0,-4107.95,14351.0,28.36677647998403
2022-10-08 06:00:00,109.7,20430.0,0.0,11412.0,450.0,,316.0,362.0,5983.0,4.0,0.0,6200.0,-4153.92,14226.0,30.36710719530103
2022-10-08 07:00:00,114.99,21570.0,0.0,11809.0,466.0,,317.0,576.0,5968.0,5.0,0.0,6527.0,-4062.2400000000002,15038.0,30.282800185442742
2022-10-08 08:00:00,115.0,22383.0,0.0,11839.0,472.0,,327.0,682.0,5972.0,63.0,0.0,6718.0,-4089.1400000000003,15602.0,30.29531340749676
2022-10-08 09:00:00,114.72,23793.0,0.0,10845.0,489.0,,338.0,808.0,5977.0,1925.0,0.0,6845.0,-4272.6900000000005,15023.0,36.85958054890094
2022-10-08 10:00:00,101.4,24762.0,0.0,9217.0,485.0,,338.0,587.0,5969.0,6327.0,0.0,6919.0,-4488.42,11516.0,53.493255795170015
2022-10-08 11:00:00,82.99,25012.0,0.0,8185.0,471.0,,338.0,301.0,5962.0,9808.0,0.0,7379.0,-5090.870000000001,7825.0,68.71501679193986
2022-10-08 12:00:00,81.49,25132.0,0.0,8187.0,412.0,,336.0,276.0,5961.0,11220.0,0.0,7177.0,-5617.09,6735.0,73.2014961005889
2022-10-08 13:00:00,88.0,25465.0,0.0,9147.0,397.0,,330.0,341.0,5958.0,11729.0,0.0,6134.0,-5955.96,7602.0,70.14726094639701
2022-10-08 14:00:00,90.0,24968.0,0.0,9572.0,409.0,,328.0,378.0,5960.0,11583.0,0.0,5119.0,-5808.75,8266.0,66.89362383851329
2022-10-08 15:00:00,88.0,23778.0,0.0,9059.0,413.0,,329.0,275.0,5958.0,11502.0,0.0,4685.0,-5823.03,7591.0,68.0755320043738
2022-10-08 16:00:00,87.95,23310.0,0.0,8594.0,408.0,,320.0,241.0,5957.0,11071.0,0.0,4706.0,-5755.49,7533.0,67.68339768339769
2022-10-08 17:00:00,94.03,23441.0,0.0,9278.0,419.0,,321.0,259.0,5958.0,10016.0,0.0,4828.0,-5660.62,8597.0,63.32494347510772
2022-10-08 18:00:00,104.03,23511.0,0.0,11657.0,458.0,,317.0,328.0,5961.0,6620.0,0.0,5183.0,-5315.6,11708.0,50.20203309089363
2022-10-08 19:00:00,153.75,24055.0,0.0,13844.0,526.0,,320.0,956.0,5963.0,1812.0,0.0,5433.0,-5204.93,16810.0,30.11847848680108
2022-10-08 20:00:00,182.23,25700.0,0.0,14178.0,559.0,,324.0,1639.0,5965.0,350.0,0.0,5713.0,-4189.15,19637.0,23.591439688715955
2022-10-08 21:00:00,190.01,25233.0,0.0,14155.0,536.0,,329.0,1865.0,5968.0,164.0,0.0,5608.0,-3782.95,19461.0,22.874806800618238
2022-10-08 22:00:00,160.0,23457.0,0.0,14503.0,535.0,,332.0,1620.0,5970.0,90.0,0.0,5144.0,-4653.54,18223.0,22.313168776910945
2022-10-08 23:00:00,144.55,21863.0,0.0,13690.0,537.0,,327.0,1652.0,5971.0,42.0,0.0,4695.0,-4932.17,17126.0,21.666742898961715
2022-10-09 00:00:00,150.01,20748.0,0.0,12620.0,571.0,,312.0,1246.0,5971.0,11.0,0.0,4312.0,-4568.51,16425.0,20.835743204164256
2022-10-09 01:00:00,130.85,19785.0,0.0,11707.0,604.0,,311.0,625.0,5972.0,4.0,0.0,4440.0,-4313.5,15341.0,22.461460702552436
2022-10-09 02:00:00,115.3,18910.0,0.0,11065.0,584.0,,310.0,466.0,5972.0,4.0,0.0,4618.0,-4048.68,14288.0,24.4420941300899
2022-10-09 03:00:00,98.17,18566.0,0.0,10492.0,550.0,,313.0,382.0,5971.0,4.0,0.0,5045.0,-3915.74,13517.0,27.19487234730152
2022-10-09 04:00:00,98.1,18169.0,0.0,10299.0,536.0,,315.0,367.0,5968.0,4.0,0.0,5105.0,-3878.08,13060.0,28.119324123507074
2022-10-09 05:00:00,101.1,18230.0,0.0,10385.0,562.0,,317.0,530.0,5968.0,4.0,0.0,4753.0,-3860.38,13473.0,26.094349972572683
2022-10-09 06:00:00,102.0,18598.0,0.0,10775.0,622.0,,319.0,716.0,5972.0,4.0,0.0,4318.0,-3851.1800000000003,14276.0,23.23905796322185
2022-10-09 07:00:00,113.11,19118.0,0.0,10699.0,680.0,,317.0,803.0,5962.0,4.0,0.0,4271.0,-3715.29,14843.0,22.3611256407574
2022-10-09 08:00:00,96.99,19349.0,0.0,10626.0,643.0,,314.0,864.0,5963.0,71.0,0.0,4315.0,-3610.6400000000003,14963.0,22.667838131169567
2022-10-09 09:00:00,90.35,20531.0,0.0,10241.0,609.0,,317.0,832.0,5967.0,1963.0,0.0,4102.0,-3825.34,14466.0,29.54069455944669
2022-10-09 10:00:00,85.0,21709.0,0.0,9816.0,631.0,,319.0,554.0,5968.0,6091.0,0.0,3508.0,-4475.02,12110.0,44.21668432447372
2022-10-09 11:00:00,76.4,22268.0,0.0,9329.0,656.0,,316.0,228.0,5963.0,8807.0,0.0,3425.0,-4891.87,10036.0,54.930842464523074
2022-10-09 12:00:00,77.3,22597.0,0.0,8966.0,656.0,,316.0,246.0,5955.0,10218.0,0.0,3253.0,-5403.76,9126.0,59.61410806744259
2022-10-09 13:00:00,78.94,23171.0,0.0,8938.0,656.0,,310.0,237.0,5950.0,10706.0,0.0,2978.0,-5240.389999999999,9487.0,59.05657934487074
2022-10-09 14:00:00,75.48,22874.0,0.0,8333.0,622.0,,307.0,203.0,5953.0,10724.0,0.0,3191.0,-4337.86,8959.0,60.83326047040308
2022-10-09 15:00:00,75.44,21791.0,0.0,8322.0,581.0,,312.0,187.0,5949.0,10721.0,0.0,3456.0,-5076.76,7614.0,65.05896929925198
2022-10-09 16:00:00,75.54,21388.0,0.0,8422.0,539.0,,311.0,175.0,5949.0,9956.0,0.0,3823.0,-5507.6,7609.0,64.42397606134281
2022-10-09 17:00:00,83.32,21447.0,0.0,8752.0,546.0,,308.0,194.0,5949.0,8378.0,0.0,4087.0,-5209.97,8982.0,58.12001678556441
2022-10-09 18:00:00,95.23,21833.0,0.0,10999.0,591.0,,312.0,355.0,5950.0,4693.0,0.0,4102.0,-4534.68,13038.0,40.28305775660697
2022-10-09 19:00:00,153.91,22856.0,0.0,12980.0,676.0,,326.0,1142.0,5955.0,1073.0,0.0,3753.0,-4095.23,18030.0,21.114805740287014
2022-10-09 20:00:00,202.94,25170.0,0.0,13787.0,787.0,,416.0,1922.0,5959.0,204.0,0.0,3821.0,-3032.5600000000004,21145.0,15.991259435836314
2022-10-09 21:00:00,214.83,25035.0,0.0,13441.0,787.0,,452.0,2154.0,5961.0,112.0,0.0,3878.0,-2102.53,21045.0,15.937687237866987
2022-10-09 22:00:00,190.0,23580.0,0.0,13034.0,714.0,,422.0,1909.0,5964.0,75.0,0.0,4288.0,-2806.73,19217.0,18.502968617472433
2022-10-09 23:00:00,161.24,21903.0,0.0,12660.0,701.0,,360.0,1755.0,5961.0,58.0,0.0,4106.0,-3453.3599999999997,17739.0,19.01109437063416
2022-10-10 00:00:00,118.78,20815.0,0.0,12107.0,783.0,,326.0,595.0,5956.0,47.0,0.0,4185.0,-3272.63,16583.0,20.331491712707184
2022-10-10 01:00:00,110.0,19900.0,0.0,11967.0,774.0,,323.0,256.0,5955.0,44.0,0.0,4517.0,-3562.98,15339.0,22.91959798994975
2022-10-10 02:00:00,105.0,19199.0,0.0,11413.0,727.0,,319.0,233.0,5962.0,44.0,0.0,5111.0,-3549.64,14044.0,26.850356789416114
2022-10-10 03:00:00,104.42,18911.0,0.0,11688.0,666.0,,313.0,232.0,5964.0,44.0,0.0,5015.0,-3625.1,13852.0,26.751626037755805
2022-10-10 04:00:00,102.84,18960.0,0.0,11627.0,648.0,,314.0,230.0,5965.0,44.0,0.0,4822.0,-3278.21,14094.0,25.664556962025316
2022-10-10 05:00:00,104.42,19729.0,0.0,12666.0,690.0,,309.0,246.0,5963.0,44.0,0.0,4136.0,-3647.8900000000003,15549.0,21.18708500177404
2022-10-10 06:00:00,119.45,22459.0,0.0,14106.0,799.0,,315.0,301.0,5960.0,44.0,0.0,3419.0,-3639.88,18996.0,15.419208335188566
2022-10-10 07:00:00,162.78,25840.0,0.0,15678.0,841.0,,310.0,851.0,5958.0,46.0,0.0,3194.0,-2835.4100000000003,22600.0,12.538699690402478
2022-10-10 08:00:00,200.05,27321.0,0.0,16530.0,840.0,,351.0,1680.0,5956.0,99.0,0.0,2764.0,-2325.8,24458.0,10.479118626697412
2022-10-10 09:00:00,202.07,28003.0,0.0,16906.0,840.0,,423.0,2065.0,5954.0,1063.0,0.0,2183.0,-2762.66,24757.0,11.59161518408742
2022-10-10 10:00:00,189.01,28425.0,0.0,16981.0,841.0,,442.0,2172.0,5953.0,2939.0,0.0,1484.0,-3391.8199999999997,24002.0,15.560246262093228
2022-10-10 11:00:00,163.5,28578.0,0.0,16501.0,840.0,,365.0,1722.0,5951.0,4832.0,0.0,1213.0,-3823.08,22533.0,21.152634893974387
2022-10-10 12:00:00,163.01,28971.0,0.0,16343.0,839.0,,329.0,1512.0,5947.0,6389.0,0.0,1121.0,-4239.42,21461.0,25.922474198336264
2022-10-10 13:00:00,162.38,29017.0,0.0,16505.0,839.0,,335.0,1474.0,5944.0,6974.0,0.0,961.0,-4479.67,21082.0,27.346038529138088
2022-10-10 14:00:00,155.3,28325.0,0.0,16436.0,840.0,,335.0,1207.0,5941.0,7462.0,0.0,942.0,-5015.99,19921.0,29.66990291262136
2022-10-10 15:00:00,155.01,27699.0,0.0,16509.0,837.0,,332.0,870.0,5945.0,7393.0,0.0,950.0,-5441.639999999999,19356.0,30.12022094660457
2022-10-10 16:00:00,155.3,27581.0,0.0,16968.0,836.0,,337.0,894.0,5944.0,6396.0,0.0,1186.0,-5521.24,19999.0,27.489938725934522
2022-10-10 17:00:00,168.41,27579.0,0.0,17343.0,843.0,,323.0,2177.0,5943.0,4204.0,0.0,1124.0,-5120.32,22251.0,19.31904710105515
2022-10-10 18:00:00,201.4,27402.0,0.0,17228.0,964.0,,397.0,2537.0,5945.0,2574.0,0.0,991.0,-4074.6899999999996,23837.0,13.009999270126269
2022-10-10 19:00:00,241.48,28204.0,0.0,17468.0,1004.0,,477.0,3203.0,5951.0,666.0,0.0,741.0,-2863.91,26797.0,4.98865409161821
2022-10-10 20:00:00,270.0,29925.0,0.0,17525.0,1015.0,,504.0,3844.0,5958.0,71.0,0.0,729.0,-1124.54,29125.0,2.6733500417710943
2022-10-10 21:00:00,220.0,28888.0,0.0,17171.0,1032.0,,516.0,3516.0,5962.0,64.0,0.0,827.0,-880.88,27997.0,3.084325671559125
2022-10-10 22:00:00,200.05,26157.0,0.0,16941.0,1040.0,,462.0,2934.0,5964.0,61.0,0.0,931.0,-2458.42,25165.0,3.7924838475360323
2022-10-10 23:00:00,159.34,23933.0,0.0,16763.0,1039.0,,398.0,2442.0,5964.0,60.0,0.0,1025.0,-3966.84,22848.0,4.533489324363849
2022-10-11 00:00:00,182.04,22695.0,0.0,16027.0,1052.0,,409.0,1676.0,5963.0,62.0,0.0,1190.0,-4194.58,21443.0,5.5166336197400305
2022-10-11 01:00:00,155.91,21701.0,0.0,15869.0,1092.0,,350.0,999.0,5960.0,64.0,0.0,1220.0,-4388.74,20417.0,5.916778028662273
2022-10-11 02:00:00,146.07,20872.0,0.0,15530.0,1110.0,,323.0,448.0,5964.0,60.0,0.0,1263.0,-4229.25,19549.0,6.3386354925258726
2022-10-11 03:00:00,139.99,20478.0,0.0,15058.0,1095.0,,327.0,231.0,5964.0,60.0,0.0,1385.0,-4031.08,19033.0,7.056353159488231
2022-10-11 04:00:00,135.1,20525.0,0.0,15507.0,1072.0,,322.0,285.0,5963.0,50.0,0.0,1546.0,-4709.46,18929.0,7.775883069427528
2022-10-11 05:00:00,140.0,21032.0,0.0,15832.0,1103.0,,317.0,369.0,5961.0,28.0,0.0,1825.0,-4656.200000000001,19179.0,8.810384176492963
2022-10-11 06:00:00,148.02,23249.0,0.0,15718.0,1128.0,,405.0,798.0,5961.0,28.0,0.0,1901.0,-3371.6800000000003,21320.0,8.297131059400405
2022-10-11 07:00:00,195.0,26397.0,0.0,16810.0,1150.0,,413.0,1251.0,5960.0,28.0,0.0,1893.0,-2451.56,24476.0,7.277342122210857
2022-10-11 08:00:00,200.11,27862.0,0.0,17342.0,1198.0,,433.0,1879.0,5960.0,54.0,0.0,1942.0,-2159.2,25866.0,7.16387911851267
2022-10-11 09:00:00,200.11,28364.0,0.0,17084.0,1242.0,,427.0,2362.0,5956.0,1038.0,0.0,1983.0,-2741.1899999999996,25343.0,10.650824989423214
2022-10-11 10:00:00,187.0,28692.0,0.0,16430.0,1280.0,,410.0,1982.0,5956.0,3880.0,0.0,1834.0,-3885.28,22978.0,19.914958873553605
2022-10-11 11:00:00,169.8,28704.0,0.0,15878.0,1292.0,,435.0,983.0,5956.0,6305.0,0.0,1791.0,-4635.76,20608.0,28.205128205128204
2022-10-11 12:00:00,154.0,28917.0,0.0,15390.0,1307.0,,350.0,826.0,5953.0,7601.0,0.0,1742.0,-4577.629999999999,19574.0,32.309714009060414
2022-10-11 13:00:00,150.14,29006.0,0.0,15466.0,1307.0,,325.0,595.0,5950.0,8425.0,0.0,1549.0,-4989.450000000001,19032.0,34.38598910570227
2022-10-11 14:00:00,144.9,28336.0,0.0,15789.0,1311.0,,327.0,424.0,5946.0,8268.0,0.0,1439.0,-5085.200000000001,18629.0,34.25677583286279
2022-10-11 15:00:00,145.0,27666.0,0.0,15868.0,1306.0,,331.0,580.0,5947.0,8067.0,0.0,1497.0,-5594.19,18102.0,34.5695076989807
2022-10-11 16:00:00,150.41,27351.0,0.0,15635.0,1306.0,,332.0,579.0,5945.0,7482.0,0.0,1696.0,-5400.49,18173.0,33.5563599137143
2022-10-11 17:00:00,173.9,27382.0,0.0,15677.0,1304.0,,408.0,582.0,5942.0,6008.0,0.0,2098.0,-4783.629999999999,19276.0,29.603389087721858
2022-10-11 18:00:00,188.0,27145.0,0.0,16514.0,1280.0,,406.0,1008.0,5945.0,3158.0,0.0,2323.0,-4325.28,21664.0,20.19156382390864
2022-10-11 19:00:00,200.3,27775.0,0.0,16822.0,1287.0,,397.0,2281.0,5947.0,651.0,0.0,2528.0,-3612.56,24596.0,11.445544554455447
2022-10-11 20:00:00,246.0,29129.0,0.0,16861.0,1294.0,,463.0,3001.0,5955.0,73.0,0.0,2849.0,-2747.86,26207.0,10.031240344673693
2022-10-11 21:00:00,223.94,28168.0,0.0,16916.0,1304.0,,476.0,2944.0,5955.0,44.0,0.0,2843.0,-2709.7799999999997,25281.0,10.249218971882987
2022-10-11 22:00:00,182.04,25469.0,0.0,16007.0,1302.0,,441.0,2414.0,5955.0,44.0,0.0,2784.0,-3600.1400000000003,22641.0,11.103694687659507
2022-10-11 23:00:00,140.7,23393.0,0.0,15338.0,1291.0,,392.0,1722.0,5956.0,34.0,0.0,2637.0,-4213.62,20722.0,11.417945539263883
2022-10-12 00:00:00,183.12,22305.0,0.0,13695.0,1281.0,,404.0,1272.0,5956.0,19.0,0.0,2837.0,-3691.4399999999996,19449.0,12.804303967720243
2022-10-12 01:00:00,154.38,21209.0,0.0,12999.0,1282.0,,388.0,1128.0,5945.0,16.0,0.0,2771.0,-3895.26,18422.0,13.140647838181904
2022-10-12 02:00:00,134.51,20237.0,0.0,12998.0,1280.0,,347.0,461.0,5946.0,16.0,0.0,2884.0,-4202.57,17337.0,14.330187280723427
2022-10-12 03:00:00,131.0,19787.0,0.0,12910.0,1244.0,,325.0,480.0,5950.0,17.0,0.0,2971.0,-4655.28,16799.0,15.100823773184413
2022-10-12 04:00:00,130.0,19571.0,0.0,13310.0,1199.0,,322.0,477.0,5952.0,8.0,0.0,3010.0,-4807.91,16553.0,15.420775637422718
2022-10-12 05:00:00,129.99,19345.0,0.0,13421.0,1115.0,,316.0,565.0,5954.0,8.0,0.0,2916.0,-4862.0599999999995,16421.0,15.11501680020677
2022-10-12 06:00:00,129.11,19508.0,0.0,13290.0,984.0,,315.0,450.0,5955.0,10.0,0.0,2864.0,-4367.02,16634.0,14.732417469755998
2022-10-12 07:00:00,129.42,20282.0,0.0,13887.0,976.0,,314.0,882.0,5955.0,19.0,0.0,2680.0,-4436.98,17583.0,13.307366137461788
2022-10-12 08:00:00,130.0,20640.0,0.0,14239.0,979.0,,329.0,1197.0,5956.0,65.0,0.0,2707.0,-4727.780000000001,17868.0,13.430232558139535
2022-10-12 09:00:00,130.0,21748.0,0.0,13304.0,976.0,,342.0,1215.0,5956.0,2176.0,0.0,2640.0,-5130.09,16932.0,22.14456501747287
2022-10-12 10:00:00,126.12,22828.0,0.0,12138.0,974.0,,343.0,528.0,5954.0,6997.0,0.0,2062.0,-5530.58,13769.0,39.683721745225164
2022-10-12 11:00:00,110.7,23185.0,0.0,11723.0,934.0,,338.0,420.0,5954.0,10205.0,0.0,1883.0,-6334.69,11097.0,52.137157645029106
2022-10-12 12:00:00,104.57,23156.0,0.0,11579.0,869.0,,323.0,335.0,5950.0,11176.0,0.0,1631.0,-6209.37,10349.0,55.30747970288478
2022-10-12 13:00:00,109.11,23626.0,0.0,12067.0,808.0,,315.0,371.0,5945.0,11341.0,0.0,1420.0,-6120.52,10865.0,54.01252857021925
2022-10-12 14:00:00,110.8,23257.0,0.0,12219.0,783.0,,326.0,259.0,5944.0,11257.0,0.0,1391.0,-6189.360000000001,10609.0,54.38362643505181
2022-10-12 15:00:00,105.99,22245.0,0.0,11574.0,735.0,,318.0,251.0,5944.0,10756.0,0.0,1569.0,-6227.52,9920.0,55.40570914812317
2022-10-12 16:00:00,105.99,21740.0,0.0,11164.0,749.0,,322.0,223.0,5944.0,10508.0,0.0,1835.0,-6316.65,9397.0,56.77552897884085
2022-10-12 17:00:00,121.01,21877.0,0.0,11459.0,811.0,,327.0,251.0,5942.0,9624.0,0.0,2136.0,-6207.379999999999,10117.0,53.75508524934863
2022-10-12 18:00:00,130.0,22089.0,0.0,12768.0,930.0,,321.0,491.0,5941.0,6213.0,0.0,2545.0,-5965.82,13331.0,39.648693920050704
2022-10-12 19:00:00,135.1,23209.0,0.0,14850.0,957.0,,335.0,1216.0,5941.0,1593.0,0.0,2677.0,-4906.15,18939.0,18.39803524494808
2022-10-12 20:00:00,188.6,25231.0,0.0,15159.0,973.0,,381.0,2243.0,5942.0,323.0,0.0,2879.0,-3527.67,22029.0,12.690737584717212
2022-10-12 21:00:00,188.6,24923.0,0.0,14952.0,1069.0,,413.0,2125.0,5943.0,223.0,0.0,2843.0,-3022.06,21857.0,12.301889820647595
2022-10-12 22:00:00,165.0,23497.0,0.0,14767.0,1186.0,,413.0,1486.0,5944.0,140.0,0.0,2757.0,-3537.0,20600.0,12.32923351917266
2022-10-12 23:00:00,131.85,21942.0,0.0,14566.0,1261.0,,339.0,1191.0,5945.0,87.0,0.0,2543.0,-4302.79,19312.0,11.986145292133807
2022-10-13 00:00:00,128.0,20858.0,0.0,14408.0,1252.0,,322.0,1214.0,5947.0,55.0,0.0,1966.0,-4714.37,18837.0,9.689327835842363
2022-10-13 01:00:00,121.54,19910.0,0.0,14335.0,1171.0,,319.0,1086.0,5947.0,44.0,0.0,1777.0,-4877.72,18089.0,9.146157709693622
2022-10-13 02:00:00,118.54,19303.0,0.0,14219.0,1152.0,,310.0,625.0,5948.0,16.0,0.0,1825.0,-4833.49,17462.0,9.537377609697975
2022-10-13 03:00:00,121.54,19030.0,0.0,14011.0,1137.0,,311.0,392.0,5948.0,16.0,0.0,1832.0,-4827.28,17182.0,9.710982658959537
2022-10-13 04:00:00,126.12,19149.0,0.0,14218.0,1206.0,,317.0,424.0,5948.0,16.0,0.0,1706.0,-4888.96,17427.0,8.992636691211029
2022-10-13 05:00:00,129.42,19883.0,0.0,14191.0,1257.0,,340.0,488.0,5948.0,16.0,0.0,1793.0,-4940.21,18074.0,9.098224613991853
2022-10-13 06:00:00,141.83,22443.0,0.0,14505.0,1268.0,,401.0,736.0,5951.0,16.0,0.0,2018.0,-3916.3,20409.0,9.062959497393397
2022-10-13 07:00:00,195.3,25861.0,0.0,15520.0,1269.0,,382.0,1731.0,5957.0,16.0,0.0,1847.0,-2561.76,23998.0,7.20389776110746
2022-10-13 08:00:00,196.01,27210.0,0.0,16163.0,1283.0,,404.0,2131.0,5949.0,94.0,0.0,1608.0,-1576.79,25508.0,6.2550532892319
2022-10-13 09:00:00,195.3,27498.0,0.0,16003.0,1288.0,,407.0,1521.0,5948.0,2684.0,0.0,1586.0,-2965.96,23228.0,15.528402065604771
2022-10-13 10:00:00,131.0,27740.0,0.0,15137.0,1287.0,,409.0,847.0,5946.0,7886.0,0.0,1584.0,-5221.51,18270.0,34.13842826243692
2022-10-13 11:00:00,120.54,28083.0,0.0,14052.0,1257.0,,338.0,410.0,5944.0,11373.0,0.0,1504.0,-6143.35,15206.0,45.85336324466759
2022-10-13 12:00:00,115.99,28050.0,0.0,13803.0,1051.0,,308.0,416.0,5943.0,12217.0,0.0,1696.0,-5928.15,14137.0,49.60071301247772
2022-10-13 13:00:00,114.68,28039.0,0.0,13648.0,940.0,,300.0,507.0,5940.0,12132.0,0.0,2201.0,-5794.09,13706.0,51.118085523734806
2022-10-13 14:00:00,113.54,27692.0,0.0,13302.0,831.0,,309.0,378.0,5936.0,11890.0,0.0,2769.0,-5830.09,13033.0,52.93586595406615
2022-10-13 15:00:00,111.94,27274.0,0.0,13116.0,765.0,,310.0,382.0,5932.0,11545.0,0.0,3277.0,-5958.870000000001,12452.0,54.34479724279534
2022-10-13 16:00:00,113.6,27369.0,0.0,13853.0,845.0,,310.0,418.0,5932.0,10675.0,0.0,3364.0,-6110.16,13330.0,51.29526106178523
2022-10-13 17:00:00,122.04,27442.0,0.0,14416.0,1006.0,,315.0,410.0,5932.0,8921.0,0.0,3514.0,-5477.450000000001,15007.0,45.313752641935714
2022-10-13 18:00:00,147.71,27483.0,0.0,15558.0,1156.0,,400.0,792.0,5934.0,5453.0,0.0,3530.0,-4577.200000000001,18500.0,32.68566022632173
2022-10-13 19:00:00,199.04,28332.0,0.0,16516.0,1243.0,,459.0,1654.0,5936.0,1415.0,0.0,3361.0,-2924.42,23556.0,16.857263871241
2022-10-13 20:00:00,202.07,29918.0,0.0,16160.0,1266.0,,487.0,2838.0,5937.0,433.0,0.0,3513.0,-1778.1399999999999,25972.0,13.189384317133499
2022-10-13 21:00:00,197.02,28900.0,0.0,15826.0,1263.0,,521.0,2831.0,5940.0,321.0,0.0,3637.0,-1900.83,24942.0,13.695501730103807
2022-10-13 22:00:00,191.58,26100.0,0.0,15168.0,1247.0,,498.0,1736.0,5940.0,244.0,0.0,3891.0,-2696.75,21965.0,15.842911877394636
2022-10-13 23:00:00,142.93,23977.0,0.0,14919.0,1251.0,,491.0,1181.0,5940.0,149.0,0.0,4099.0,-4146.57,19729.0,17.716978771322516
2022-10-14 00:00:00,160.0,22676.0,0.0,13693.0,1244.0,,448.0,1011.0,5940.0,90.0,0.0,4078.0,-4187.44,18508.0,18.380666784265305
2022-10-14 01:00:00,132.48,21517.0,0.0,13133.0,1246.0,,383.0,653.0,5943.0,61.0,0.0,3908.0,-4228.89,17548.0,18.445880001858995
2022-10-14 02:00:00,122.3,20821.0,0.0,13503.0,1211.0,,357.0,387.0,5944.0,52.0,0.0,3892.0,-4454.74,16877.0,18.942413909034148
2022-10-14 03:00:00,110.0,20512.0,0.0,13327.0,1057.0,,328.0,417.0,5944.0,52.0,0.0,4001.0,-4506.18,16459.0,19.759165366614663
2022-10-14 04:00:00,109.52,20382.0,0.0,13318.0,953.0,,327.0,433.0,5944.0,52.0,0.0,4134.0,-4639.13,16196.0,20.537729369051124
2022-10-14 05:00:00,111.4,20856.0,0.0,13365.0,994.0,,327.0,519.0,5946.0,52.0,0.0,4175.0,-4606.42,16629.0,20.26754890678941
2022-10-14 06:00:00,121.85,23083.0,0.0,13497.0,1158.0,,333.0,615.0,5948.0,55.0,0.0,4270.0,-3670.3999999999996,18758.0,18.736732660399426
2022-10-14 07:00:00,165.09,26181.0,0.0,14193.0,1253.0,,395.0,1468.0,5946.0,59.0,0.0,4336.0,-2909.52,21786.0,16.786982926549786
2022-10-14 08:00:00,174.08,27630.0,0.0,15175.0,1260.0,,458.0,2364.0,5942.0,117.0,0.0,4186.0,-2690.52,23327.0,15.57365182772349
2022-10-14 09:00:00,167.02,27507.0,0.0,14626.0,1249.0,,402.0,1879.0,5940.0,2462.0,0.0,3921.0,-3494.73,21124.0,23.20500236303486
2022-10-14 10:00:00,120.09,27694.0,0.0,13198.0,1099.0,,402.0,1129.0,5940.0,7425.0,0.0,3424.0,-5174.42,16845.0,39.17455044413952
2022-10-14 11:00:00,102.93,28414.0,0.0,12189.0,963.0,,347.0,447.0,5937.0,11364.0,0.0,3655.0,-5877.79,13395.0,52.857746181459845
2022-10-14 12:00:00,99.59,28611.0,0.0,12060.0,820.0,,310.0,346.0,5898.0,12027.0,0.0,4132.0,-5695.0599999999995,12452.0,56.47827758554402
2022-10-14 13:00:00,97.17,28657.0,0.0,12377.0,727.0,,299.0,320.0,5780.0,12062.0,0.0,4227.0,-5598.26,12368.0,56.84126042502704
2022-10-14 14:00:00,93.67,28214.0,0.0,12378.0,734.0,,304.0,276.0,5661.0,12008.0,0.0,4149.0,-5594.67,12057.0,57.26589636350747
2022-10-14 15:00:00,92.0,27509.0,0.0,12484.0,760.0,,304.0,280.0,5543.0,11946.0,0.0,3840.0,-5908.43,11723.0,57.38485586535316
2022-10-14 16:00:00,94.25,27443.0,0.0,12317.0,875.0,,303.0,237.0,5434.0,11846.0,0.0,3742.0,-6062.0,11855.0,56.80137011259701
2022-10-14 17:00:00,103.23,27765.0,0.0,12243.0,1053.0,,325.0,277.0,5326.0,11178.0,0.0,3854.0,-5866.72,12733.0,54.1401044480461
2022-10-14 18:00:00,133.78,27391.0,0.0,13836.0,1101.0,,374.0,774.0,5215.0,7253.0,0.0,3887.0,-5021.07,16251.0,40.670293161987516
2022-10-14 19:00:00,186.3,28118.0,0.0,15411.0,1256.0,,468.0,1933.0,5144.0,1874.0,0.0,3867.0,-2997.2200000000003,22377.0,20.417526139839246
2022-10-14 20:00:00,190.0,29295.0,0.0,15472.0,1267.0,,455.0,2646.0,5090.0,515.0,0.0,4125.0,-1357.25,24655.0,15.838880355009389
2022-10-14 21:00:00,202.0,28380.0,0.0,15569.0,1257.0,,501.0,2955.0,5079.0,405.0,0.0,4217.0,-2180.09,23758.0,16.286116983791402
2022-10-14 22:00:00,175.09,25667.0,0.0,15116.0,1234.0,,469.0,2175.0,5080.0,331.0,0.0,4396.0,-3179.06,20940.0,18.416643939689095
2022-10-14 23:00:00,160.0,23698.0,0.0,14255.0,1155.0,,447.0,1341.0,5071.0,240.0,0.0,4687.0,-3652.17,18771.0,20.790784032407796
2022-10-15 00:00:00,148.44,22611.0,0.0,12765.0,1023.0,,433.0,1383.0,5007.0,111.0,0.0,4743.0,-3227.9900000000002,17757.0,21.4674273583654
2022-10-15 01:00:00,134.9,21586.0,0.0,12027.0,930.0,,437.0,1550.0,4984.0,76.0,0.0,4625.0,-3640.98,16885.0,21.778004262021682
2022-10-15 02:00:00,131.58,20674.0,0.0,11629.0,818.0,,338.0,1310.0,4985.0,76.0,0.0,4507.0,-3725.1800000000003,16091.0,22.167940408242238
2022-10-15 03:00:00,129.32,20094.0,0.0,11284.0,721.0,,328.0,1079.0,4987.0,76.0,0.0,4521.0,-3674.29,15497.0,22.877475863441823
2022-10-15 04:00:00,129.08,19816.0,0.0,10960.0,637.0,,314.0,898.0,4985.0,49.0,0.0,4602.0,-3485.01,15165.0,23.47093257973355
2022-10-15 05:00:00,128.65,19646.0,0.0,11062.0,602.0,,304.0,624.0,4988.0,48.0,0.0,4746.0,-3478.77,14852.0,24.401913875598087
2022-10-15 06:00:00,127.81,20187.0,0.0,11647.0,568.0,,295.0,482.0,4988.0,48.0,0.0,4746.0,-3385.21,15393.0,23.747956605736363
2022-10-15 07:00:00,130.0,21207.0,0.0,12466.0,565.0,,346.0,643.0,4989.0,49.0,0.0,4452.0,-3294.71,16706.0,21.22412410996369
2022-10-15 08:00:00,135.15,21996.0,0.0,12547.0,574.0,,377.0,1127.0,4988.0,111.0,0.0,4259.0,-3094.8,17626.0,19.867248590652846
2022-10-15 09:00:00,129.9,23058.0,0.0,12240.0,576.0,,380.0,1014.0,4988.0,2513.0,0.0,4024.0,-3674.5299999999997,16521.0,28.350247202706218
2022-10-15 10:00:00,123.03,23523.0,0.0,10794.0,576.0,,395.0,412.0,4987.0,7398.0,0.0,3331.0,-4094.5200000000004,12794.0,45.610678910002974
2022-10-15 11:00:00,89.33,23451.0,0.0,9435.0,576.0,,354.0,261.0,4985.0,10337.0,0.0,3038.0,-4656.78,10076.0,57.03381518911773
2022-10-15 12:00:00,81.67,23455.0,0.0,9246.0,570.0,,309.0,262.0,4984.0,11223.0,0.0,3429.0,-4828.11,8803.0,62.46855681091452
2022-10-15 13:00:00,80.0,23832.0,0.0,9428.0,527.0,,298.0,255.0,4980.0,11348.0,0.0,4026.0,-4932.44,8458.0,64.50990265189661
2022-10-15 14:00:00,71.42,23448.0,0.0,8884.0,392.0,,297.0,257.0,4975.0,11163.0,0.0,4937.0,-5029.25,7348.0,68.66257250085295
2022-10-15 15:00:00,58.4,22428.0,0.0,7836.0,439.0,,291.0,229.0,4971.0,11077.0,0.0,5640.0,-5620.16,5711.0,74.53629391831639
2022-10-15 16:00:00,58.4,22124.0,0.0,7792.0,556.0,,292.0,234.0,4971.0,10588.0,0.0,5918.0,-5811.39,5618.0,74.60676188754294
2022-10-15 17:00:00,70.3,22482.0,0.0,8721.0,560.0,,291.0,215.0,4972.0,9112.0,0.0,6090.0,-5190.47,7280.0,67.61853927586515
2022-10-15 18:00:00,90.0,23083.0,0.0,10884.0,575.0,,379.0,218.0,4974.0,5478.0,0.0,6192.0,-4295.52,11413.0,50.556686739158685
2022-10-15 19:00:00,133.11,24170.0,0.0,12258.0,648.0,,415.0,1061.0,4973.0,1449.0,0.0,5887.0,-3374.94,16834.0,30.351675630947454
2022-10-15 20:00:00,167.76,25551.0,0.0,12298.0,763.0,,455.0,2357.0,4976.0,381.0,0.0,5756.0,-2162.09,19414.0,24.018629407850963
2022-10-15 21:00:00,154.99,25202.0,0.0,11915.0,767.0,,484.0,2103.0,4978.0,258.0,0.0,5548.0,-1024.55,19396.0,23.037854138560434
2022-10-15 22:00:00,145.0,23382.0,0.0,11636.0,706.0,,465.0,1834.0,4981.0,184.0,0.0,5496.0,-2050.89,17702.0,24.29219057394577
2022-10-15 23:00:00,129.22,21873.0,0.0,11041.0,707.0,,406.0,1541.0,4984.0,154.0,0.0,5824.0,-3090.87,15895.0,27.330498788460662
2022-10-16 00:00:00,129.08,20573.0,0.0,9118.0,599.0,,406.0,930.0,4982.0,126.0,0.0,5813.0,-1581.23,14634.0,28.867933699509063
2022-10-16 01:00:00,114.63,19462.0,0.0,7529.0,324.0,,391.0,861.0,4980.0,72.0,0.0,5986.0,-947.94,13404.0,31.12732504367485
2022-10-16 02:00:00,113.38,18639.0,0.0,6517.0,306.0,,390.0,816.0,4980.0,38.0,0.0,6241.0,-834.61,12360.0,33.68742958313214
2022-10-16 03:00:00,114.52,18092.0,0.0,6051.0,350.0,,391.0,731.0,4982.0,8.0,0.0,6429.0,-818.41,11655.0,35.57926155206721
2022-10-16 04:00:00,80.0,17901.0,0.0,5479.0,306.0,,314.0,343.0,4982.0,8.0,0.0,6750.0,134.5,11143.0,37.752080889335794
2022-10-16 05:00:00,79.72,17881.0,0.0,5680.0,298.0,,304.0,302.0,4980.0,8.0,0.0,6675.0,315.94000000000005,11198.0,37.37486717745092
2022-10-16 06:00:00,89.53,18343.0,0.0,5736.0,296.0,,308.0,375.0,4980.0,8.0,0.0,6565.0,323.5899999999999,11770.0,35.833833069835904
2022-10-16 07:00:00,113.38,18917.0,0.0,5913.0,296.0,,352.0,634.0,4981.0,14.0,0.0,6716.0,-230.61,12187.0,35.57646561294074
2022-10-16 08:00:00,109.98,19245.0,0.0,5851.0,296.0,,342.0,681.0,4981.0,73.0,0.0,6970.0,-424.65,12202.0,36.59651857625357
2022-10-16 09:00:00,125.0,20367.0,0.0,5154.0,296.0,,366.0,901.0,4981.0,2006.0,0.0,7417.0,-1727.0300000000002,10944.0,46.26601855943438
2022-10-16 10:00:00,114.73,21458.0,0.0,4842.0,296.0,,390.0,593.0,4980.0,5673.0,0.0,7418.0,-2698.82,8367.0,61.00754963183894
2022-10-16 11:00:00,79.72,21951.0,0.0,4647.0,296.0,,387.0,443.0,4977.0,7229.0,0.0,8088.0,-3127.9,6634.0,69.7781422258667
2022-10-16 12:00:00,75.0,22254.0,0.0,4323.0,296.0,,388.0,441.0,4975.0,7533.0,0.0,9354.0,-3490.3199999999997,5367.0,75.88298732812079
2022-10-16 13:00:00,73.51,23000.0,0.0,4583.0,296.0,,355.0,482.0,4973.0,7681.0,0.0,10123.0,-3478.0499999999997,5196.0,77.4086956521739
2022-10-16 14:00:00,70.3,23121.0,0.0,4937.0,296.0,,343.0,394.0,4968.0,7801.0,0.0,10990.0,-4141.5,4330.0,81.27243631330825
2022-10-16 15:00:00,70.1,22050.0,0.0,4675.0,296.0,,304.0,284.0,4962.0,6757.0,0.0,12216.0,-5115.58,3077.0,86.0453514739229
2022-10-16 16:00:00,70.1,21508.0,0.0,4963.0,296.0,,307.0,382.0,4960.0,4954.0,0.0,12742.0,-5112.13,3812.0,82.27636228380138
2022-10-16 17:00:00,72.84,21590.0,0.0,5427.0,296.0,,354.0,732.0,4960.0,3378.0,0.0,12131.0,-5003.21,6081.0,71.8341824918944
2022-10-16 18:00:00,113.38,22033.0,0.0,6461.0,296.0,,364.0,1328.0,4962.0,1526.0,0.0,11056.0,-3999.0699999999997,9451.0,57.10525121408796
2022-10-16 19:00:00,125.05,23447.0,0.0,8017.0,301.0,,356.0,1392.0,4966.0,265.0,0.0,10592.0,-3081.96,12590.0,46.304431270525015
2022-10-16 20:00:00,148.9,25514.0,0.0,8995.0,304.0,,394.0,2071.0,4971.0,68.0,0.0,10817.0,-2297.91,14629.0,42.662851767656974
2022-10-16 21:00:00,144.96,25141.0,0.0,8641.0,304.0,,426.0,1820.0,4979.0,64.0,0.0,11296.0,-2130.5,13781.0,45.185155721729444
2022-10-16 22:00:00,138.16,23553.0,0.0,8596.0,304.0,,429.0,1138.0,4982.0,60.0,0.0,10963.0,-2564.89,12530.0,46.80083216575383
2022-10-16 23:00:00,129.21,21819.0,0.0,8393.0,304.0,,413.0,897.0,4982.0,10.0,0.0,10881.0,-3222.68,10928.0,49.9152115129016
2022-10-17 00:00:00,128.31,20667.0,0.0,8203.0,304.0,,396.0,671.0,4977.0,8.0,0.0,10493.0,-3520.52,10166.0,50.810470798858084
2022-10-17 01:00:00,114.41,19826.0,0.0,8078.0,304.0,,379.0,359.0,4976.0,8.0,0.0,9734.0,-3824.91,10084.0,49.137496217088675
2022-10-17 02:00:00,105.65,19110.0,0.0,7595.0,307.0,,371.0,225.0,4974.0,8.0,0.0,8519.0,-2589.3100000000004,10583.0,44.620617477760334
2022-10-17 03:00:00,89.64,18727.0,0.0,6431.0,308.0,,366.0,151.0,4972.0,8.0,0.0,8422.0,-1026.73,10297.0,45.01521866823303
2022-10-17 04:00:00,89.64,18896.0,0.0,6339.0,308.0,,367.0,144.0,4972.0,8.0,0.0,8401.0,-385.49,10487.0,44.50148179508891
2022-10-17 05:00:00,113.25,19576.0,0.0,8152.0,342.0,,389.0,243.0,4972.0,8.0,0.0,7694.0,-2254.24,11874.0,39.344094809971395
2022-10-17 06:00:00,139.42,22403.0,0.0,9095.0,422.0,,390.0,422.0,4975.0,11.0,0.0,7757.0,-1632.6200000000001,14635.0,34.67392759898228
2022-10-17 07:00:00,175.0,25980.0,0.0,10605.0,645.0,,455.0,768.0,4971.0,20.0,0.0,7883.0,-659.2799999999999,18077.0,30.41955350269438
2022-10-17 08:00:00,202.21,27568.0,0.0,11799.0,813.0,,510.0,2012.0,4968.0,33.0,0.0,7656.0,-932.3300000000002,19879.0,27.89103308183401
2022-10-17 09:00:00,193.66,27978.0,0.0,11660.0,858.0,,529.0,2396.0,4968.0,1159.0,0.0,7704.0,-1764.65,19115.0,31.67846164843806
2022-10-17 10:00:00,168.01,28295.0,0.0,10905.0,852.0,,461.0,1163.0,4963.0,4731.0,0.0,7590.0,-2492.92,15974.0,43.54479590033575
2022-10-17 11:00:00,140.23,28646.0,0.0,10000.0,749.0,,423.0,523.0,4957.0,8118.0,0.0,7580.0,-3470.9,12948.0,54.79997207288976
2022-10-17 12:00:00,120.45,28932.0,0.0,9271.0,668.0,,416.0,368.0,4960.0,9642.0,0.0,7849.0,-4121.05,11441.0,60.45555094704825
2022-10-17 13:00:00,112.27,28936.0,0.0,8612.0,651.0,,372.0,326.0,4956.0,10653.0,0.0,7979.0,-4309.969999999999,10304.0,64.39037876693392
2022-10-17 14:00:00,105.14,28448.0,0.0,8362.0,633.0,,357.0,344.0,4948.0,10402.0,0.0,8333.0,-4333.04,9713.0,65.85700224971879
2022-10-17 15:00:00,102.05,27774.0,0.0,7774.0,635.0,,358.0,363.0,4947.0,9863.0,0.0,8931.0,-4507.1900000000005,8980.0,67.66760279397998
2022-10-17 16:00:00,109.63,27647.0,0.0,8400.0,636.0,,357.0,450.0,4950.0,9285.0,0.0,9083.0,-4460.32,9279.0,66.43758816508121
2022-10-17 17:00:00,119.0,27729.0,0.0,9244.0,636.0,,395.0,561.0,4947.0,7552.0,0.0,8869.0,-4377.12,11308.0,59.21958959933643
2022-10-17 18:00:00,153.72,27545.0,0.0,11123.0,686.0,,438.0,830.0,4948.0,4447.0,0.0,8218.0,-3277.33,14880.0,45.97930658921764
2022-10-17 19:00:00,174.62,28666.0,0.0,13566.0,775.0,,521.0,1858.0,4951.0,917.0,0.0,7111.0,-2076.3599999999997,20638.0,28.00530244889416
2022-10-17 20:00:00,205.0,30186.0,0.0,14561.0,904.0,,568.0,3033.0,4956.0,116.0,0.0,6913.0,-1876.6999999999998,23157.0,23.28562909958259
2022-10-17 21:00:00,192.4,28979.0,0.0,14582.0,937.0,,593.0,3281.0,4957.0,68.0,0.0,6769.0,-2024.93,22142.0,23.59294661651541
2022-10-17 22:00:00,164.79,26009.0,0.0,13356.0,852.0,,536.0,1821.0,4960.0,19.0,0.0,7127.0,-2088.1,18863.0,27.475104771425272
2022-10-17 23:00:00,147.0,23735.0,0.0,12008.0,732.0,,498.0,828.0,4960.0,8.0,0.0,7401.0,-2282.58,16326.0,31.215504529176325
2022-10-18 00:00:00,135.12,22661.0,0.0,10187.0,671.0,,469.0,768.0,4955.0,8.0,0.0,7954.0,-2424.3999999999996,14699.0,35.13525440183575
2022-10-18 01:00:00,100.5,21859.0,0.0,8447.0,496.0,,390.0,788.0,4951.0,8.0,0.0,8451.0,-1972.8899999999999,13400.0,38.698019122558215
2022-10-18 02:00:00,92.82,21159.0,0.0,8159.0,280.0,,348.0,553.0,4952.0,11.0,0.0,8597.0,-1818.1100000000001,12551.0,40.68245191171606
2022-10-18 03:00:00,89.64,20779.0,0.0,7597.0,267.0,,337.0,295.0,4952.0,8.0,0.0,9119.0,-1859.0,11652.0,43.92415419413832
2022-10-18 04:00:00,86.54,20849.0,0.0,7721.0,261.0,,337.0,202.0,4952.0,8.0,0.0,9331.0,-2093.8199999999997,11510.0,44.79351527651206
2022-10-18 05:00:00,82.15,21414.0,0.0,7696.0,263.0,,325.0,326.0,4955.0,8.0,0.0,9556.0,-2007.7,11850.0,44.662370411880076
2022-10-18 06:00:00,122.0,23583.0,0.0,8081.0,267.0,,371.0,419.0,4952.0,11.0,0.0,9793.0,-1484.5,13779.0,41.572319043378705
2022-10-18 07:00:00,148.0,26810.0,0.0,9299.0,280.0,,435.0,1304.0,4958.0,18.0,0.0,9975.0,-565.75,16817.0,37.27340544572921
2022-10-18 08:00:00,158.61,28324.0,0.0,10022.0,284.0,,440.0,2148.0,4955.0,49.0,0.0,10137.0,-68.73000000000002,18138.0,35.96243468436662
2022-10-18 09:00:00,153.76,28564.0,0.0,9465.0,277.0,,437.0,1919.0,4955.0,1586.0,0.0,10442.0,-695.1700000000001,16536.0,42.10894832656491
2022-10-18 10:00:00,127.73,28519.0,0.0,8677.0,272.0,,426.0,1054.0,4961.0,5345.0,0.0,9879.0,-1902.25,13295.0,53.38195588905642
2022-10-18 11:00:00,80.2,28536.0,0.0,8208.0,272.0,,357.0,576.0,4952.0,8221.0,0.0,9726.0,-3050.24,10589.0,62.892486683487526
2022-10-18 12:00:00,72.51,28943.0,0.0,7586.0,273.0,,328.0,557.0,4949.0,9420.0,0.0,10445.0,-3500.88,9078.0,68.6349030853747
2022-10-18 13:00:00,59.52,29307.0,0.0,6948.0,272.0,,327.0,419.0,4955.0,9914.0,0.0,11564.0,-3373.21,7829.0,73.28624560685161
2022-10-18 14:00:00,50.0,28760.0,0.0,6160.0,272.0,,324.0,447.0,4954.0,9422.0,0.0,12154.0,-2737.67,7184.0,75.02086230876218
2022-10-18 15:00:00,47.83,28257.0,0.0,6422.0,272.0,,332.0,460.0,4950.0,8660.0,0.0,11944.0,-2431.41,7653.0,72.9164454825353
2022-10-18 16:00:00,54.7,28147.0,0.0,6815.0,256.0,,329.0,446.0,4951.0,8272.0,0.0,11758.0,-2597.9300000000003,8117.0,71.16211319145911
2022-10-18 17:00:00,78.25,28304.0,0.0,8449.0,253.0,,340.0,510.0,4950.0,6392.0,0.0,11273.0,-2566.67,10639.0,62.411673261729796
2022-10-18 18:00:00,137.7,28220.0,0.0,11164.0,255.0,,436.0,1126.0,4948.0,3235.0,0.0,10199.0,-3071.66,14786.0,47.60453579021971
2022-10-18 19:00:00,146.21,29292.0,0.0,13809.0,267.0,,479.0,2300.0,4950.0,562.0,0.0,9208.0,-3009.21,19522.0,33.3538167417725
2022-10-18 20:00:00,162.01,30671.0,0.0,14420.0,290.0,,514.0,3259.0,4949.0,128.0,0.0,8993.0,-2162.77,21550.0,29.73818916892178
2022-10-18 21:00:00,155.58,29511.0,0.0,13863.0,292.0,,503.0,3404.0,4963.0,120.0,0.0,9192.0,-2313.59,20199.0,31.554335671444544
2022-10-18 22:00:00,140.16,26504.0,0.0,13067.0,289.0,,484.0,2117.0,4970.0,103.0,0.0,9228.0,-3104.26,17173.0,35.20600664050709
2022-10-18 23:00:00,97.57,24260.0,0.0,11745.0,260.0,,383.0,1143.0,4972.0,45.0,0.0,9381.0,-3162.38,14834.0,38.85408079142621
2022-10-19 00:00:00,122.59,23226.0,0.0,9410.0,260.0,,428.0,1305.0,4967.0,5.0,0.0,9331.0,-2425.27,13890.0,40.196331697235856
2022-10-19 01:00:00,111.72,22269.0,0.0,7836.0,261.0,,442.0,841.0,4965.0,4.0,0.0,9611.0,-1947.8300000000002,12654.0,43.176613229152636
2022-10-19 02:00:00,76.93,21616.0,0.0,7046.0,265.0,,360.0,425.0,4961.0,4.0,0.0,10157.0,-1677.3400000000001,11455.0,47.00684678016284
2022-10-19 03:00:00,69.36,21284.0,0.0,7054.0,274.0,,350.0,273.0,4960.0,4.0,0.0,10277.0,-1612.7199999999998,11003.0,48.30389024619433
2022-10-19 04:00:00,64.39,21274.0,0.0,6506.0,270.0,,331.0,234.0,4960.0,4.0,0.0,10937.0,-1727.92,10333.0,51.42897433486885
2022-10-19 05:00:00,60.1,21858.0,0.0,6426.0,268.0,,319.0,251.0,4960.0,4.0,0.0,11736.0,-1343.56,10118.0,53.710312013907945
2022-10-19 06:00:00,60.1,24313.0,0.0,7054.0,257.0,,319.0,286.0,4961.0,7.0,0.0,12167.0,-369.4599999999998,12139.0,50.07197795418089
2022-10-19 07:00:00,73.3,27570.0,0.0,7939.0,248.0,,347.0,664.0,4954.0,15.0,0.0,12866.0,-139.75,14689.0,46.72107363075807
2022-10-19 08:00:00,120.01,29095.0,0.0,8017.0,248.0,,392.0,1348.0,4952.0,31.0,0.0,13428.0,31.439999999999827,15636.0,46.25880735521567
2022-10-19 09:00:00,80.0,29389.0,0.0,8114.0,253.0,,380.0,1567.0,4959.0,677.0,0.0,13655.0,-510.73,15057.0,48.766545306066895
2022-10-19 10:00:00,69.06,29580.0,0.0,8214.0,260.0,,380.0,1017.0,4962.0,2191.0,0.0,13532.0,-964.4100000000001,13857.0,53.15415821501014
2022-10-19 11:00:00,55.92,29656.0,0.0,7383.0,260.0,,369.0,617.0,4959.0,3896.0,0.0,13409.0,-1021.5300000000001,12351.0,58.35244132721877
2022-10-19 12:00:00,50.65,29891.0,0.0,7360.0,260.0,,372.0,578.0,4956.0,4775.0,0.0,13545.0,-1328.58,11571.0,61.289351309758786
2022-10-19 13:00:00,50.65,30209.0,0.0,7648.0,260.0,,377.0,699.0,4955.0,5026.0,0.0,13415.0,-1433.75,11768.0,61.04472177165745
2022-10-19 14:00:00,48.37,29613.0,0.0,7971.0,260.0,,386.0,781.0,4952.0,5038.0,0.0,13187.0,-2029.02,11388.0,61.54391652314861
2022-10-19 15:00:00,48.61,29023.0,0.0,8229.0,260.0,,379.0,1415.0,4953.0,4452.0,0.0,12758.0,-3086.04,11813.0,59.29779829790166
2022-10-19 16:00:00,54.21,28757.0,0.0,8900.0,281.0,,376.0,2259.0,4953.0,3176.0,0.0,12103.0,-3142.09,13478.0,53.131411482421676
2022-10-19 17:00:00,65.0,28712.0,0.0,10276.0,273.0,,408.0,1667.0,4954.0,1918.0,0.0,12132.0,-2772.24,14662.0,48.93424352187239
2022-10-19 18:00:00,115.0,28606.0,0.0,11114.0,278.0,,448.0,831.0,4955.0,832.0,0.0,11995.0,-1910.02,15779.0,44.840243305600225
2022-10-19 19:00:00,117.0,29627.0,0.0,11137.0,294.0,,487.0,1880.0,4961.0,136.0,0.0,11386.0,-1169.69,18105.0,38.8902015053836
2022-10-19 20:00:00,136.74,31035.0,0.0,10974.0,272.0,,541.0,2846.0,4971.0,49.0,0.0,11339.0,-190.94000000000005,19647.0,36.69405509908168
2022-10-19 21:00:00,125.04,29785.0,0.0,10997.0,272.0,,554.0,3248.0,4975.0,44.0,0.0,11083.0,-768.5300000000002,18658.0,37.35773040120866
2022-10-19 22:00:00,110.0,26877.0,0.0,10922.0,272.0,,532.0,1817.0,4974.0,44.0,0.0,10818.0,-1801.48,16015.0,40.41373665215612
2022-10-19 23:00:00,76.34,24708.0,0.0,10863.0,272.0,,444.0,1452.0,4971.0,44.0,0.0,8840.0,-1715.3,15824.0,35.95596567913226
2022-10-20 00:00:00,80.0,23502.0,0.0,9378.0,272.0,,427.0,1569.0,4965.0,44.0,0.0,9416.0,-2176.75,14042.0,40.2518934558761
2022-10-20 01:00:00,72.34,22328.0,0.0,9058.0,272.0,,453.0,746.0,4963.0,10.0,0.0,9404.0,-2464.81,12914.0,42.16230741669653
2022-10-20 02:00:00,68.74,21607.0,0.0,8493.0,272.0,,439.0,400.0,4962.0,0.0,0.0,9731.0,-2594.68,11876.0,45.03633081871616
2022-10-20 03:00:00,65.0,21115.0,0.0,8174.0,272.0,,446.0,257.0,4971.0,0.0,0.0,10061.0,-2847.6800000000003,11054.0,47.648591049017284
2022-10-20 04:00:00,66.74,21144.0,0.0,7711.0,272.0,,451.0,188.0,4971.0,0.0,0.0,10751.0,-2896.04,10393.0,50.84657586076429
2022-10-20 05:00:00,68.89,21790.0,0.0,7201.0,272.0,,460.0,222.0,4972.0,0.0,0.0,11349.0,-2610.4500000000003,10441.0,52.08352455254705
2022-10-20 06:00:00,75.0,24044.0,0.0,7535.0,272.0,,442.0,310.0,4973.0,1.0,0.0,11775.0,-2097.42,12268.0,48.97687572783231
2022-10-20 07:00:00,102.01,27252.0,0.0,8699.0,272.0,,482.0,1110.0,4974.0,7.0,0.0,12018.0,-1521.3200000000002,15227.0,44.1252018200499
2022-10-20 08:00:00,117.0,29052.0,0.0,8857.0,273.0,,487.0,1753.0,4975.0,14.0,0.0,12702.0,-636.3899999999999,16336.0,43.76979209692964
2022-10-20 09:00:00,119.72,29555.0,0.0,8769.0,276.0,,489.0,1960.0,4976.0,325.0,0.0,12925.0,-621.28,16305.0,44.83166976822873
2022-10-20 10:00:00,105.0,29807.0,0.0,9295.0,276.0,,497.0,1833.0,4983.0,1252.0,0.0,13021.0,-1588.2,15534.0,47.88472506458214
2022-10-20 11:00:00,95.0,30126.0,0.0,9478.0,276.0,,487.0,1623.0,4988.0,1998.0,0.0,13312.0,-2227.8500000000004,14816.0,50.819889796189344
2022-10-20 12:00:00,77.04,30563.0,0.0,8783.0,275.0,,487.0,1379.0,4987.0,2582.0,0.0,14298.0,-2325.52,13683.0,55.23018028334915
2022-10-20 13:00:00,74.4,30616.0,0.0,8393.0,275.0,,505.0,1331.0,4984.0,2951.0,0.0,14477.0,-2017.08,13188.0,56.92448392997126
2022-10-20 14:00:00,68.69,30107.0,0.0,8402.0,276.0,,540.0,941.0,4981.0,2919.0,0.0,14342.0,-1925.6399999999999,12846.0,57.33218188461156
2022-10-20 15:00:00,64.22,29432.0,0.0,8618.0,274.0,,530.0,919.0,4983.0,2145.0,0.0,14197.0,-1954.95,13090.0,55.52459907583582
2022-10-20 16:00:00,70.32,28980.0,0.0,8734.0,273.0,,528.0,1282.0,4981.0,1656.0,0.0,13808.0,-2039.9299999999998,13516.0,53.360938578329886
2022-10-20 17:00:00,76.68,28767.0,0.0,8908.0,272.0,,519.0,1115.0,4981.0,1234.0,0.0,14586.0,-2806.39,12947.0,54.993569020057706
2022-10-20 18:00:00,98.59,28784.0,0.0,10082.0,272.0,,559.0,1063.0,4984.0,757.0,0.0,14347.0,-3284.12,13680.0,52.47359644246804
2022-10-20 19:00:00,102.59,29752.0,0.0,10852.0,272.0,,621.0,1313.0,4985.0,273.0,0.0,13992.0,-3120.6000000000004,15487.0,47.946356547459
2022-10-20 20:00:00,122.96,31132.0,0.0,10923.0,272.0,,681.0,1537.0,4987.0,108.0,0.0,14317.0,-1841.26,16707.0,46.33496081202621
2022-10-20 21:00:00,115.0,29836.0,0.0,11772.0,272.0,,697.0,1760.0,4983.0,104.0,0.0,13068.0,-2199.86,16664.0,44.14800911650355
2022-10-20 22:00:00,97.0,26823.0,0.0,10997.0,272.0,,687.0,1251.0,4984.0,102.0,0.0,12865.0,-3397.46,13856.0,48.342840099914255
2022-10-20 23:00:00,76.8,24633.0,0.0,8857.0,272.0,,640.0,812.0,4988.0,100.0,0.0,13055.0,-3573.76,11478.0,53.40397028376568
2022-10-21 00:00:00,90.0,23551.0,0.0,7014.0,272.0,,606.0,477.0,4984.0,100.0,0.0,13711.0,-3038.24,9740.0,58.6429450978727
2022-10-21 01:00:00,77.84,22558.0,0.0,6682.0,272.0,,632.0,361.0,4976.0,96.0,0.0,13100.0,-2690.77,9362.0,58.49809380264208
2022-10-21 02:00:00,75.0,21829.0,0.0,6093.0,272.0,,633.0,305.0,4968.0,96.0,0.0,12859.0,-2568.71,8874.0,59.347656786843196
2022-10-21 03:00:00,75.4,21366.0,0.0,6380.0,272.0,,650.0,269.0,4968.0,96.0,0.0,12144.0,-2399.37,9126.0,57.28727885425442
2022-10-21 04:00:00,79.99,21370.0,0.0,6990.0,272.0,,629.0,300.0,4968.0,96.0,0.0,11577.0,-2433.23,9697.0,54.623303696771174
2022-10-21 05:00:00,84.98,21901.0,0.0,7350.0,272.0,,629.0,303.0,4956.0,96.0,0.0,11282.0,-2272.68,10523.0,51.95196566366832
2022-10-21 06:00:00,95.9,24206.0,0.0,8427.0,272.0,,634.0,441.0,4955.0,96.0,0.0,10842.0,-2196.6600000000003,13268.0,45.187143683384285
2022-10-21 07:00:00,113.0,27385.0,0.0,10248.0,272.0,,636.0,1312.0,4954.0,105.0,0.0,10423.0,-1969.17,16857.0,38.44440387073215
2022-10-21 08:00:00,120.75,28980.0,0.0,11858.0,272.0,,607.0,2079.0,4954.0,89.0,0.0,10240.0,-1762.6200000000001,18651.0,35.64182194616977
2022-10-21 09:00:00,121.81,29252.0,0.0,12187.0,272.0,,676.0,2145.0,4956.0,566.0,0.0,9902.0,-1905.19,18784.0,35.785587310269385
2022-10-21 10:00:00,116.38,29411.0,0.0,12054.0,272.0,,669.0,2240.0,4956.0,1722.0,0.0,9966.0,-2647.44,17723.0,39.7402332460644
2022-10-21 11:00:00,114.38,29398.0,0.0,11310.0,272.0,,643.0,1609.0,4956.0,2731.0,0.0,10626.0,-2710.63,16041.0,45.43506360976937
2022-10-21 12:00:00,110.96,29620.0,0.0,10940.0,272.0,,651.0,1139.0,4956.0,3530.0,0.0,11339.0,-3159.62,14751.0,50.199189736664415
2022-10-21 13:00:00,107.99,29641.0,0.0,10946.0,274.0,,648.0,968.0,4956.0,3826.0,0.0,11808.0,-3308.41,14007.0,52.74450929455822
2022-10-21 14:00:00,105.0,29029.0,0.0,10206.0,276.0,,638.0,929.0,4956.0,3982.0,0.0,11944.0,-2883.15,13103.0,54.862379000310035
2022-10-21 15:00:00,105.0,28332.0,0.0,10448.0,276.0,,647.0,840.0,4954.0,3638.0,0.0,11724.0,-3017.8900000000003,12970.0,54.22137512353522
2022-10-21 16:00:00,107.79,27867.0,0.0,11143.0,276.0,,661.0,877.0,4952.0,3399.0,0.0,10842.0,-3145.28,13626.0,51.10345570029067
2022-10-21 17:00:00,114.38,27685.0,0.0,11968.0,276.0,,637.0,894.0,4961.0,2503.0,0.0,10419.0,-3473.54,14763.0,46.67509481668773
2022-10-21 18:00:00,112.38,27465.0,0.0,11685.0,276.0,,637.0,1620.0,4971.0,1297.0,0.0,10454.0,-3437.52,15714.0,42.78536318951392
2022-10-21 19:00:00,120.0,28502.0,0.0,11980.0,276.0,,674.0,1694.0,4981.0,172.0,0.0,10383.0,-2212.17,17947.0,37.032488948143985
2022-10-21 20:00:00,172.76,29570.0,0.0,12401.0,276.0,,735.0,2690.0,4987.0,24.0,0.0,9973.0,-1600.71,19573.0,33.80791342576936
2022-10-21 21:00:00,136.21,28385.0,0.0,12507.0,276.0,,739.0,2776.0,4981.0,20.0,0.0,9544.0,-1890.4899999999998,18821.0,33.69385238682403
2022-10-21 22:00:00,115.0,25688.0,0.0,12533.0,231.0,,703.0,1902.0,4983.0,20.0,0.0,8801.0,-2834.42,16867.0,34.33899096854562
2022-10-21 23:00:00,114.38,23741.0,0.0,11718.0,57.0,,682.0,1576.0,4984.0,20.0,0.0,8236.0,-3059.29,15485.0,34.775283265237356
2022-10-22 00:00:00,143.43,22537.0,0.0,9172.0,0.0,,664.0,1021.0,4986.0,20.0,0.0,8172.0,-1266.56,14345.0,36.34911478901362
2022-10-22 01:00:00,125.47,21574.0,0.0,7839.0,0.0,,689.0,796.0,4987.0,20.0,0.0,8046.0,-849.3199999999999,13508.0,37.38759618058774
2022-10-22 02:00:00,113.94,20633.0,0.0,7039.0,0.0,,675.0,631.0,4988.0,20.0,0.0,7854.0,-724.11,12759.0,38.16216740173509
2022-10-22 03:00:00,115.0,20118.0,0.0,6878.0,3.0,,684.0,494.0,4988.0,20.0,0.0,7800.0,-739.97,12298.0,38.870663087782084
2022-10-22 04:00:00,106.0,19862.0,0.0,6399.0,96.0,,656.0,377.0,4991.0,20.0,0.0,7875.0,-538.6999999999999,11967.0,39.74926996274293
2022-10-22 05:00:00,103.22,19704.0,0.0,6478.0,160.0,,660.0,366.0,4988.0,20.0,0.0,7634.0,-546.1300000000001,12050.0,38.844904587900935
2022-10-22 06:00:00,120.0,20317.0,0.0,6946.0,168.0,,654.0,399.0,4988.0,20.0,0.0,7460.0,-733.2800000000001,12837.0,36.816459122902
2022-10-22 07:00:00,118.81,21351.0,0.0,7087.0,168.0,,643.0,551.0,4988.0,26.0,0.0,7616.0,-142.3699999999999,13709.0,35.79223455575851
2022-10-22 08:00:00,127.28,22416.0,0.0,7042.0,168.0,,662.0,872.0,4990.0,31.0,0.0,7937.0,326.49,14448.0,35.54603854389722
2022-10-22 09:00:00,127.38,23746.0,0.0,6790.0,168.0,,649.0,1084.0,4991.0,875.0,0.0,8108.0,416.04999999999995,14763.0,37.82952918386255
2022-10-22 10:00:00,111.86,24763.0,0.0,6208.0,200.0,,645.0,1007.0,4995.0,3796.0,0.0,8114.0,-243.52999999999997,12853.0,48.09594960222913
2022-10-22 11:00:00,120.0,24811.0,0.0,4798.0,204.0,,651.0,649.0,4996.0,6118.0,0.0,9157.0,-900.9000000000001,9536.0,61.56543468622788
2022-10-22 12:00:00,99.99,24830.0,0.0,4000.0,223.0,,640.0,411.0,4995.0,7642.0,0.0,10096.0,-1184.97,7092.0,71.43777688280306
2022-10-22 13:00:00,84.32,24943.0,0.0,3913.0,232.0,,681.0,327.0,4994.0,7812.0,0.0,10977.0,-1374.36,6154.0,75.32774726376138
2022-10-22 14:00:00,72.6,24675.0,0.0,4026.0,221.0,,594.0,316.0,4992.0,7529.0,0.0,11952.0,-2158.19,5194.0,78.95035460992908
2022-10-22 15:00:00,58.7,23785.0,0.0,3982.0,204.0,,574.0,350.0,4988.0,6608.0,0.0,13046.0,-3208.8900000000003,4131.0,82.63191086819424
2022-10-22 16:00:00,55.2,23202.0,0.0,4032.0,192.0,,576.0,353.0,4988.0,5436.0,0.0,13482.0,-3211.29,4284.0,81.53607447633824
2022-10-22 17:00:00,64.3,23199.0,0.0,4530.0,167.0,,578.0,367.0,4988.0,4040.0,0.0,13984.0,-3314.43,5175.0,77.69300400879348
2022-10-22 18:00:00,75.0,23422.0,0.0,5323.0,166.0,,649.0,414.0,4983.0,1814.0,0.0,13683.0,-2803.73,7925.0,66.16428998377593
2022-10-22 19:00:00,115.72,24596.0,0.0,6090.0,166.0,,703.0,784.0,4984.0,188.0,0.0,13478.0,-2410.54,10930.0,55.56187998048463
2022-10-22 20:00:00,140.67,25851.0,0.0,6294.0,168.0,,736.0,1484.0,4981.0,26.0,0.0,13817.0,-1814.5899999999997,12008.0,53.549185718154035
2022-10-22 21:00:00,134.8,25419.0,0.0,5625.0,167.0,,730.0,1612.0,4976.0,24.0,0.0,14308.0,-1435.48,11087.0,56.383020575160316
2022-10-22 22:00:00,118.24,23503.0,0.0,4958.0,167.0,,734.0,1328.0,4977.0,22.0,0.0,14859.0,-1810.25,8622.0,63.31532144832575
2022-10-22 23:00:00,89.79,21795.0,0.0,5160.0,157.0,,734.0,896.0,4979.0,20.0,0.0,13557.0,-2014.9000000000003,8218.0,62.29410415232851
2022-10-23 00:00:00,80.1,20717.0,0.0,5042.0,34.0,,748.0,584.0,4984.0,20.0,0.0,13134.0,-2569.03,7563.0,63.49374909494618
2022-10-23 01:00:00,74.1,19749.0,0.0,3994.0,0.0,,701.0,561.0,4984.0,20.0,0.0,13239.0,-2799.34,6490.0,67.13757658615626
2022-10-23 02:00:00,65.3,18978.0,0.0,3468.0,0.0,,701.0,376.0,4979.0,20.0,0.0,13954.0,-2759.64,5004.0,73.63262725260829
2022-10-23 03:00:00,65.3,18563.0,0.0,3140.0,0.0,,696.0,330.0,4976.0,20.0,0.0,14198.0,-2740.7200000000003,4345.0,76.59322307816623
2022-10-23 04:00:00,64.29,18314.0,0.0,3394.0,0.0,,707.0,334.0,4973.0,20.0,0.0,13739.0,-2616.26,4555.0,75.12831713443268
2022-10-23 05:00:00,65.3,18217.0,0.0,3129.0,0.0,,671.0,336.0,4975.0,20.0,0.0,13727.0,-2675.62,4470.0,75.46248010100456
2022-10-23 06:00:00,64.29,18729.0,0.0,3301.0,0.0,,717.0,359.0,4974.0,20.0,0.0,13936.0,-2647.82,4773.0,74.51545731218965
2022-10-23 07:00:00,70.2,19377.0,0.0,3421.0,20.0,,759.0,384.0,4971.0,26.0,0.0,14348.0,-2726.77,5003.0,74.18072973112453
2022-10-23 08:00:00,72.52,19855.0,0.0,3500.0,91.0,,779.0,493.0,4968.0,39.0,0.0,14683.0,-2877.06,5133.0,74.1475698816419
2022-10-23 09:00:00,75.2,20928.0,0.0,3221.0,175.0,,784.0,651.0,4972.0,512.0,0.0,15063.0,-3231.84,5353.0,74.42182721712538
2022-10-23 10:00:00,71.01,22248.0,0.0,3180.0,243.0,,802.0,562.0,4975.0,2215.0,0.0,15093.0,-3225.45,4940.0,77.79575692197052
2022-10-23 11:00:00,64.29,22816.0,0.0,3291.0,248.0,,769.0,455.0,4976.0,4042.0,0.0,13690.0,-2876.42,5084.0,77.71739130434783
2022-10-23 12:00:00,59.3,23288.0,0.0,3400.0,248.0,,762.0,419.0,4976.0,4942.0,0.0,13137.0,-3036.12,5209.0,77.63225695637239
2022-10-23 13:00:00,52.9,23643.0,0.0,2984.0,248.0,,772.0,348.0,4974.0,5649.0,0.0,13491.0,-3173.63,4503.0,80.95419363024997
2022-10-23 14:00:00,15.0,23623.0,0.0,3028.0,248.0,,773.0,427.0,4974.0,6002.0,0.0,13671.0,-3399.25,3950.0,83.27900774668755
2022-10-23 15:00:00,4.11,22413.0,0.0,3206.0,254.0,,793.0,366.0,4972.0,5678.0,0.0,13213.0,-3663.51,3522.0,84.28590550127159
2022-10-23 16:00:00,4.11,21578.0,0.0,3246.0,257.0,,794.0,363.0,4972.0,4958.0,0.0,12668.0,-3728.48,3952.0,81.68504958754286
2022-10-23 17:00:00,59.3,21609.0,0.0,3693.0,256.0,,791.0,418.0,4972.0,3667.0,0.0,12976.0,-3598.2000000000003,4966.0,77.01883474478227
2022-10-23 18:00:00,88.0,22127.0,0.0,4135.0,256.0,,802.0,500.0,4972.0,1476.0,0.0,13345.0,-3021.9,7306.0,66.98151579518236
2022-10-23 19:00:00,121.99,23867.0,0.0,4665.0,257.0,,808.0,978.0,4974.0,174.0,0.0,12383.0,-952.26,11310.0,52.61239368165249
2022-10-23 20:00:00,130.37,25756.0,0.0,5396.0,256.0,,867.0,1671.0,4976.0,39.0,0.0,11104.0,1416.63,14613.0,43.26370554433918
2022-10-23 21:00:00,138.22,25493.0,0.0,5751.0,256.0,,869.0,1898.0,4976.0,32.0,0.0,10161.0,1924.5,15300.0,39.98352488918527
2022-10-23 22:00:00,131.0,23935.0,0.0,5215.0,256.0,,892.0,1813.0,4976.0,25.0,0.0,9680.0,1651.1200000000001,14230.0,40.54731564654272
2022-10-23 23:00:00,111.86,22119.0,0.0,4793.0,256.0,,879.0,1430.0,4979.0,21.0,0.0,8882.0,1322.54,13216.0,40.250463402504636
