date,Spot price,Demand,Gas,Coal,Hydro Pump,Hydro R-o-R,Hydro Res,Nuclear,Solar,Wind Onshore,Net Imports,Residual load,RES_pen
2022-10-03 00:00:00,209.93,39845.0,4651.0,17.0,,4114.0,591.0,25430.0,0.0,1527.0,1522.75,38318.0,3.8323503576358386
2022-10-03 01:00:00,187.0,38122.0,4533.0,18.0,,4066.0,500.0,25365.0,0.0,1556.0,2223.1899999999996,36566.0,4.081632653061225
2022-10-03 02:00:00,230.0,36790.0,4489.0,19.0,,4018.0,491.0,25477.0,0.0,1463.0,1857.2300000000005,35327.0,3.97662408263115
2022-10-03 03:00:00,190.28,34941.0,4336.0,18.0,,3979.0,293.0,25447.0,0.0,1364.0,1234.31,33577.0,3.90372341947855
2022-10-03 04:00:00,194.29,34521.0,4425.0,18.0,,4013.0,243.0,25501.0,0.0,1266.0,911.56,33255.0,3.6673329277830886
2022-10-03 05:00:00,197.7,36785.0,4425.0,17.0,,3968.0,304.0,25478.0,0.0,1215.0,1432.33,35570.0,3.3029767568302297
2022-10-03 06:00:00,360.29,41730.0,4613.0,17.0,977.0,4090.0,596.0,25547.0,0.0,1196.0,2286.37,40534.0,2.866043613707165
2022-10-03 07:00:00,311.22,46802.0,4939.0,17.0,2057.0,4069.0,1716.0,25924.0,222.0,1282.0,4258.98,45298.0,3.2135378829964534
2022-10-03 08:00:00,397.36,48662.0,4742.0,16.0,2330.0,4070.0,1677.0,25938.0,582.0,1305.0,5433.66,46775.0,3.877769101146685
2022-10-03 09:00:00,360.02,49601.0,4754.0,15.0,1997.0,4090.0,1415.0,25904.0,2111.0,1256.0,6281.14,46234.0,6.788169593354973
2022-10-03 10:00:00,276.15,50468.0,5101.0,15.0,1480.0,3865.0,1146.0,25918.0,4045.0,1122.0,5431.46,45301.0,10.238170722041689
2022-10-03 11:00:00,287.01,51059.0,5253.0,14.0,853.0,3792.0,1019.0,25927.0,5694.0,1053.0,4967.639999999999,44312.0,13.21412483597407
2022-10-03 12:00:00,306.02,51835.0,5054.0,14.0,658.0,3769.0,735.0,25830.0,6680.0,1033.0,5480.09,44122.0,14.879907398475932
2022-10-03 13:00:00,210.06,50760.0,4601.0,14.0,,3739.0,670.0,25802.0,7383.0,1007.0,5299.55,42370.0,16.52876280535855
2022-10-03 14:00:00,288.37,49364.0,4705.0,13.0,,3679.0,706.0,25830.0,7713.0,1017.0,3650.5200000000004,40634.0,17.684952597034275
2022-10-03 15:00:00,177.89,47569.0,4867.0,13.0,,3646.0,795.0,25884.0,7237.0,1050.0,2132.51,39282.0,17.421009480964493
2022-10-03 16:00:00,218.95,46114.0,4999.0,13.0,,3662.0,909.0,25841.0,6148.0,1068.0,1004.6500000000001,38898.0,15.648176258836797
2022-10-03 17:00:00,329.76,45321.0,5103.0,13.0,354.0,3768.0,1142.0,25710.0,4020.0,1084.0,1897.9999999999998,40217.0,11.2618874252554
2022-10-03 18:00:00,391.11,46959.0,5270.0,13.0,1096.0,4051.0,1464.0,25605.0,1509.0,1128.0,4264.18,44322.0,5.615536957771673
2022-10-03 19:00:00,473.04,49967.0,5457.0,13.0,1800.0,4244.0,1630.0,25626.0,309.0,1241.0,7455.07,48417.0,3.1020473512518265
2022-10-03 20:00:00,379.85,48753.0,5230.0,13.0,2350.0,4193.0,1814.0,25595.0,0.0,1551.0,5265.5599999999995,47202.0,3.181342686603901
2022-10-03 21:00:00,321.3,45534.0,5103.0,13.0,1219.0,3910.0,876.0,25735.0,0.0,1825.0,4052.4900000000002,43709.0,4.0079940264417795
2022-10-03 22:00:00,318.42,45018.0,5346.0,13.0,873.0,3845.0,598.0,26497.0,0.0,1855.0,2954.4700000000003,43163.0,4.120573992625172
2022-10-03 23:00:00,288.98,45194.0,5203.0,12.0,828.0,3791.0,525.0,26712.0,0.0,1824.0,3344.29,43370.0,4.03593397353631
2022-10-04 00:00:00,239.08,42278.0,5227.0,14.0,43.0,3679.0,670.0,26500.0,0.0,1741.0,1839.7799999999997,40537.0,4.117980983017172
2022-10-04 01:00:00,200.97,40364.0,5224.0,14.0,,3538.0,618.0,26141.0,0.0,1612.0,967.69,38752.0,3.9936577147953622
2022-10-04 02:00:00,218.6,39235.0,5450.0,14.0,,3477.0,455.0,26439.0,0.0,1393.0,706.9000000000001,37842.0,3.5504014272970563
2022-10-04 03:00:00,169.1,36898.0,4519.0,14.0,,2978.0,491.0,26356.0,0.0,1273.0,965.4100000000001,35625.0,3.45005149330587
2022-10-04 04:00:00,187.69,36898.0,4333.0,14.0,,3456.0,458.0,26485.0,0.0,1255.0,671.73,35643.0,3.4012683614288037
2022-10-04 05:00:00,196.92,38896.0,5015.0,15.0,,3507.0,632.0,26750.0,0.0,1275.0,-402.6099999999999,37621.0,3.277972027972028
2022-10-04 06:00:00,329.97,43819.0,5317.0,14.0,723.0,3650.0,881.0,26892.0,0.0,1490.0,1770.8500000000001,42329.0,3.400351445719893
2022-10-04 07:00:00,427.5,48865.0,5826.0,14.0,2247.0,3865.0,1093.0,26702.0,223.0,1662.0,4299.55,46980.0,3.857566765578635
2022-10-04 08:00:00,497.39,50246.0,5832.0,14.0,2399.0,3892.0,1799.0,26275.0,661.0,1733.0,4743.87,47852.0,4.764558372805795
2022-10-04 09:00:00,441.8,50901.0,5888.0,14.0,2157.0,3758.0,1714.0,26202.0,2708.0,1499.0,4031.0299999999997,46694.0,8.265063554743522
2022-10-04 10:00:00,343.2,51136.0,5687.0,14.0,1638.0,3627.0,1712.0,26176.0,5247.0,1097.0,2991.2599999999998,44792.0,12.40613266583229
2022-10-04 11:00:00,289.98,51506.0,5561.0,14.0,1582.0,3561.0,1600.0,26202.0,7183.0,990.0,2252.29,43333.0,15.868054207276822
2022-10-04 12:00:00,270.19,51959.0,4899.0,14.0,713.0,3492.0,1090.0,26225.0,8580.0,1052.0,3432.2799999999997,42327.0,18.53769318116207
2022-10-04 13:00:00,161.38,50356.0,4787.0,14.0,58.0,3387.0,895.0,26105.0,9116.0,1110.0,2237.6200000000003,40130.0,20.30741123202796
2022-10-04 14:00:00,223.09,48858.0,5009.0,16.0,,3337.0,832.0,26086.0,9079.0,1206.0,890.9200000000001,38573.0,21.05080027835769
2022-10-04 15:00:00,228.11,47272.0,4960.0,18.0,,3343.0,659.0,26026.0,8264.0,1351.0,335.6700000000001,37657.0,20.339735995938398
2022-10-04 16:00:00,216.89,45987.0,5043.0,18.0,,3442.0,830.0,26016.0,6793.0,1467.0,-50.57999999999993,37727.0,17.96159784286864
2022-10-04 17:00:00,355.44,45405.0,5174.0,18.0,50.0,3464.0,914.0,26021.0,4327.0,1377.0,1357.7000000000003,39701.0,12.562493117498072
2022-10-04 18:00:00,381.05,47060.0,5590.0,19.0,1286.0,3631.0,1133.0,26115.0,1576.0,1223.0,3583.59,44261.0,5.947726306842329
2022-10-04 19:00:00,600.0,50015.0,5509.0,19.0,2425.0,3960.0,1555.0,26009.0,340.0,1175.0,6601.02,48500.0,3.0290912726182144
2022-10-04 20:00:00,374.67,48866.0,5792.0,19.0,2425.0,3856.0,2098.0,26111.0,0.0,1388.0,4424.94,47478.0,2.8404207424385053
2022-10-04 21:00:00,277.21,45514.0,5335.0,19.0,1599.0,3715.0,1252.0,25932.0,0.0,1773.0,3080.52,43741.0,3.895504679878719
2022-10-04 22:00:00,233.13,44828.0,5188.0,19.0,828.0,3549.0,1052.0,25713.0,0.0,2086.0,3412.02,42742.0,4.653341661461587
2022-10-04 23:00:00,254.95,44886.0,5207.0,19.0,112.0,3432.0,773.0,25678.0,0.0,2291.0,4517.25,42595.0,5.10404134919574
2022-10-05 00:00:00,217.75,41795.0,3746.0,13.0,,3460.0,578.0,25538.0,0.0,2594.0,3568.25,39201.0,6.2064840291900945
2022-10-05 01:00:00,273.96,39875.0,2436.0,14.0,,3323.0,500.0,25313.0,0.0,3153.0,3494.6900000000005,36722.0,7.9072100313479625
2022-10-05 02:00:00,201.17,38812.0,2466.0,14.0,,3184.0,258.0,25338.0,0.0,3711.0,2941.8600000000006,35101.0,9.56147583221684
2022-10-05 03:00:00,145.5,36811.0,2146.0,14.0,,3133.0,301.0,24982.0,0.0,4209.0,1822.54,32602.0,11.434082203689115
2022-10-05 04:00:00,128.5,36035.0,2394.0,15.0,,3123.0,217.0,24854.0,0.0,4826.0,1132.21,31209.0,13.392535035382267
2022-10-05 05:00:00,150.12,37863.0,2318.0,16.0,,3135.0,321.0,24886.0,0.0,5455.0,988.6999999999998,32408.0,14.407204923011912
2022-10-05 06:00:00,201.46,42380.0,3786.0,17.0,181.0,3214.0,685.0,25376.0,0.0,5939.0,-39.180000000000064,36441.0,14.013685700802265
2022-10-05 07:00:00,246.27,46941.0,4758.0,18.0,1133.0,3328.0,995.0,25492.0,274.0,6460.0,1812.63,40207.0,14.3456679661703
2022-10-05 08:00:00,267.84,48612.0,4759.0,19.0,1417.0,3419.0,1161.0,25658.0,611.0,6892.0,1987.3799999999997,41109.0,15.434460627005677
2022-10-05 09:00:00,274.23,49118.0,4713.0,20.0,1416.0,3453.0,1275.0,25878.0,2216.0,6510.0,904.77,40392.0,17.765381326601247
2022-10-05 10:00:00,179.2,49476.0,4571.0,20.0,1495.0,3521.0,1471.0,25852.0,4577.0,6419.0,-1230.4100000000003,38480.0,22.224917131538525
2022-10-05 11:00:00,205.66,50139.0,3952.0,20.0,94.0,3463.0,1059.0,25698.0,6613.0,7358.0,-810.2700000000004,36168.0,27.864536588284565
2022-10-05 12:00:00,210.16,50893.0,2703.0,21.0,,3348.0,694.0,25334.0,7835.0,9013.0,882.8899999999999,34045.0,33.10474917965143
2022-10-05 13:00:00,192.9,49480.0,2179.0,21.0,,3163.0,451.0,24175.0,8329.0,10061.0,874.05,31090.0,37.166531932093775
2022-10-05 14:00:00,215.97,48694.0,2504.0,20.0,,3095.0,435.0,24286.0,8467.0,10074.0,-1198.47,30153.0,38.07655974041976
2022-10-05 15:00:00,197.5,47386.0,2580.0,20.0,,2812.0,527.0,24390.0,7739.0,9781.0,-1232.9499999999998,29866.0,36.97294559574558
2022-10-05 16:00:00,170.23,46149.0,2422.0,20.0,,3075.0,835.0,24428.0,6121.0,9432.0,-1534.29,30596.0,33.701705345727966
2022-10-05 17:00:00,220.09,45846.0,3194.0,19.0,,3170.0,926.0,25273.0,3702.0,8552.0,-507.3600000000001,33592.0,26.728613183265715
2022-10-05 18:00:00,232.42,47712.0,3739.0,18.0,694.0,3337.0,1212.0,25672.0,1274.0,7664.0,1322.4299999999998,38774.0,18.733232729711602
2022-10-05 19:00:00,336.11,50075.0,3692.0,19.0,1252.0,3472.0,1174.0,25439.0,286.0,7445.0,4778.37,42344.0,15.43884173739391
2022-10-05 20:00:00,283.96,48417.0,3875.0,18.0,1407.0,3299.0,990.0,25652.0,0.0,7449.0,2688.14,40968.0,15.385092013135882
2022-10-05 21:00:00,252.08,45198.0,3625.0,16.0,331.0,3147.0,635.0,25700.0,0.0,7108.0,1592.4699999999998,38090.0,15.726359573432452
2022-10-05 22:00:00,248.84,45031.0,4111.0,16.0,422.0,3152.0,589.0,25251.0,0.0,6400.0,2069.22,38631.0,14.212431436121783
2022-10-05 23:00:00,271.95,45064.0,4564.0,15.0,73.0,3105.0,621.0,25070.0,0.0,5738.0,2821.41,39326.0,12.73300195277827
2022-10-06 00:00:00,203.6,41988.0,4444.0,13.0,,3020.0,589.0,24686.0,0.0,5186.0,1885.4499999999998,36802.0,12.351147947032485
2022-10-06 01:00:00,193.35,40010.0,4440.0,13.0,,2954.0,569.0,24794.0,0.0,4125.0,1937.1200000000003,35885.0,10.309922519370158
2022-10-06 02:00:00,187.12,38732.0,3962.0,12.0,,2960.0,231.0,24738.0,0.0,3593.0,3080.79,35139.0,9.276567179593101
2022-10-06 03:00:00,174.26,36724.0,3581.0,13.0,,2952.0,229.0,24741.0,0.0,2887.0,2478.18,33837.0,7.861344080165559
2022-10-06 04:00:00,183.5,35988.0,3825.0,13.0,,3030.0,333.0,24971.0,0.0,2441.0,1534.98,33547.0,6.782816494387017
2022-10-06 05:00:00,201.0,37777.0,4035.0,13.0,,3091.0,562.0,25020.0,0.0,2174.0,2020.25,35603.0,5.754824364031024
2022-10-06 06:00:00,253.83,42662.0,4300.0,14.0,577.0,3182.0,846.0,25085.0,0.0,2031.0,3722.0699999999997,40631.0,4.760676949041302
2022-10-06 07:00:00,340.0,47712.0,4403.0,15.0,2551.0,3443.0,1362.0,25508.0,222.0,1840.0,6034.619999999999,45650.0,4.32176391683434
2022-10-06 08:00:00,400.0,48819.0,4571.0,15.0,2031.0,3506.0,1376.0,25529.0,525.0,1640.0,7421.27,46654.0,4.434748765849362
2022-10-06 09:00:00,380.0,49339.0,4560.0,14.0,1805.0,3331.0,901.0,25541.0,1919.0,1370.0,7673.73,46050.0,6.6661261882081115
2022-10-06 10:00:00,261.78,49618.0,4674.0,14.0,985.0,3230.0,640.0,25641.0,3960.0,1053.0,7102.35,44605.0,10.103188359063244
2022-10-06 11:00:00,226.03,50081.0,4432.0,13.0,356.0,3088.0,578.0,25485.0,5774.0,1027.0,7044.210000000001,43280.0,13.580000399353048
2022-10-06 12:00:00,252.93,50736.0,3485.0,13.0,127.0,3032.0,368.0,25443.0,6836.0,1031.0,8118.75,42869.0,15.505755282245348
2022-10-06 13:00:00,201.0,49784.0,3697.0,13.0,,2964.0,456.0,25421.0,7392.0,1086.0,6305.34,41306.0,17.029567732604853
2022-10-06 14:00:00,201.91,48327.0,4088.0,13.0,,2905.0,527.0,25165.0,7280.0,1093.0,4750.33,39954.0,17.325718542429698
2022-10-06 15:00:00,207.24,46960.0,4143.0,12.0,,2974.0,598.0,25349.0,6543.0,1107.0,3708.76,39310.0,16.29045996592845
2022-10-06 16:00:00,223.9,45550.0,3773.0,12.0,21.0,2987.0,655.0,25401.0,5278.0,1113.0,3640.6899999999996,39159.0,14.030735455543358
2022-10-06 17:00:00,269.48,44930.0,4062.0,12.0,1014.0,3164.0,816.0,25359.0,3266.0,994.0,3728.9399999999996,40670.0,9.481415535277097
2022-10-06 18:00:00,351.0,46805.0,4641.0,13.0,1724.0,3396.0,990.0,25302.0,1189.0,888.0,6205.030000000001,44728.0,4.437560089734003
2022-10-06 19:00:00,424.3,49969.0,4782.0,13.0,2401.0,3618.0,1327.0,25394.0,287.0,885.0,9310.32,48797.0,2.3454541815925873
2022-10-06 20:00:00,349.99,48476.0,4683.0,13.0,2877.0,3393.0,1392.0,25400.0,0.0,1017.0,7170.0599999999995,47459.0,2.097945375030943
2022-10-06 21:00:00,232.3,45531.0,4474.0,13.0,1955.0,3349.0,1111.0,25428.0,0.0,1195.0,5355.459999999999,44336.0,2.624585447277679
2022-10-06 22:00:00,220.76,45076.0,4625.0,13.0,1743.0,3223.0,954.0,25183.0,0.0,1262.0,5319.780000000001,43814.0,2.7997160351406514
2022-10-06 23:00:00,203.6,45291.0,4665.0,13.0,1361.0,3174.0,943.0,24364.0,0.0,1302.0,6778.82,43989.0,2.8747433264887063
2022-10-07 00:00:00,228.22,42320.0,4698.0,13.0,,3025.0,949.0,24392.0,0.0,1327.0,5102.72,40993.0,3.135633270321361
2022-10-07 01:00:00,226.0,40384.0,4636.0,13.0,,2827.0,444.0,25147.0,0.0,1367.0,4506.45,39017.0,3.385003961965135
2022-10-07 02:00:00,182.01,39253.0,4393.0,14.0,,2733.0,385.0,25349.0,0.0,1428.0,4562.51,37825.0,3.6379385015158077
2022-10-07 03:00:00,197.11,37395.0,4147.0,14.0,,2731.0,365.0,25408.0,0.0,1388.0,3301.0,36007.0,3.711726166599813
2022-10-07 04:00:00,151.0,36996.0,4222.0,15.0,,2826.0,467.0,25918.0,0.0,1358.0,2415.44,35638.0,3.6706670991458537
2022-10-07 05:00:00,214.91,38761.0,5171.0,15.0,,2867.0,539.0,26166.0,0.0,1402.0,2430.5899999999997,37359.0,3.6170377441242483
2022-10-07 06:00:00,274.28,43446.0,5590.0,16.0,470.0,3072.0,1010.0,26384.0,0.0,1418.0,3575.16,42028.0,3.263821755742761
2022-10-07 07:00:00,379.41,48440.0,5415.0,16.0,2273.0,3393.0,1315.0,26403.0,221.0,1423.0,6713.79,46796.0,3.3938893476465735
2022-10-07 08:00:00,386.61,49909.0,5396.0,16.0,2616.0,3702.0,1670.0,26293.0,534.0,1428.0,7001.4800000000005,47947.0,3.9311547015568333
2022-10-07 09:00:00,350.17,50201.0,5522.0,15.0,2330.0,3506.0,1595.0,26374.0,2214.0,1397.0,6013.66,46590.0,7.193083803111492
2022-10-07 10:00:00,281.43,50157.0,4828.0,15.0,1421.0,3495.0,968.0,26331.0,4765.0,1117.0,6274.09,44275.0,11.727176665271049
2022-10-07 11:00:00,270.22,50181.0,4659.0,15.0,460.0,3387.0,817.0,26266.0,6841.0,990.0,5374.44,42350.0,15.605508060819831
2022-10-07 12:00:00,255.89,50731.0,4274.0,15.0,19.0,3378.0,636.0,26235.0,7940.0,1116.0,5801.91,41675.0,17.851018115156414
2022-10-07 13:00:00,241.07,49207.0,4290.0,15.0,,3216.0,503.0,26219.0,8363.0,1307.0,4051.76,39537.0,19.651675574613368
2022-10-07 14:00:00,253.86,47555.0,4574.0,14.0,,3016.0,488.0,26247.0,8197.0,1344.0,3100.77,38014.0,20.06308484912207
2022-10-07 15:00:00,262.4,47555.0,4864.0,10.0,,2899.0,484.0,26324.0,7436.0,1386.0,2241.42,38733.0,18.551151298496478
2022-10-07 16:00:00,266.83,44529.0,5455.0,10.0,40.0,2904.0,672.0,26083.0,5370.0,1485.0,817.6399999999999,37674.0,15.394462035976556
2022-10-07 17:00:00,295.35,43971.0,5734.0,9.0,538.0,2900.0,869.0,26348.0,3092.0,1496.0,1395.2599999999998,39383.0,10.434149780537172
2022-10-07 18:00:00,297.21,45300.0,5768.0,10.0,1568.0,3248.0,1186.0,26509.0,1034.0,1426.0,3075.4,42840.0,5.430463576158941
2022-10-07 19:00:00,436.59,48051.0,5612.0,9.0,2108.0,3550.0,1468.0,26544.0,271.0,1594.0,5697.8,46186.0,3.8812927930740253
2022-10-07 20:00:00,303.03,46869.0,5505.0,9.0,1770.0,3216.0,1139.0,26651.0,0.0,1951.0,5036.3099999999995,44918.0,4.162666154601123
2022-10-07 21:00:00,274.28,44149.0,5359.0,9.0,635.0,3046.0,706.0,26902.0,0.0,2264.0,3414.41,41885.0,5.128088971437632
2022-10-07 22:00:00,267.99,44021.0,5400.0,9.0,,3115.0,295.0,27037.0,0.0,2501.0,3913.3900000000003,41520.0,5.681379341677836
2022-10-07 23:00:00,230.58,44352.0,5437.0,9.0,,3104.0,354.0,27554.0,0.0,2873.0,3174.9100000000003,41479.0,6.477723665223666
2022-10-08 00:00:00,187.85,41517.0,4851.0,13.0,,2935.0,405.0,27324.0,0.0,3034.0,2162.22,38483.0,7.307849796468917
2022-10-08 01:00:00,158.03,39398.0,3730.0,14.0,,2822.0,323.0,27313.0,0.0,2936.0,2789.15,36462.0,7.452154931722423
2022-10-08 02:00:00,143.08,37987.0,2574.0,14.0,,2690.0,460.0,27415.0,0.0,2721.0,2341.1299999999997,35266.0,7.162976807855319
2022-10-08 03:00:00,144.68,35835.0,2282.0,14.0,,2482.0,340.0,27157.0,0.0,2389.0,2271.18,33446.0,6.666666666666667
2022-10-08 04:00:00,147.49,34523.0,2309.0,14.0,,2443.0,283.0,27300.0,0.0,2077.0,1477.83,32446.0,6.016279002404194
2022-10-08 05:00:00,148.08,34758.0,2324.0,14.0,,2397.0,294.0,27265.0,0.0,1887.0,2239.49,32871.0,5.428965993440359
2022-10-08 06:00:00,209.38,36347.0,3101.0,14.0,,2312.0,335.0,27443.0,0.0,1868.0,2290.33,34479.0,5.139351253198338
2022-10-08 07:00:00,188.8,37952.0,4460.0,14.0,,2407.0,607.0,26425.0,212.0,1782.0,1302.0,35958.0,5.254005059021923
2022-10-08 08:00:00,181.45,39690.0,4831.0,14.0,,2602.0,887.0,25610.0,387.0,1776.0,1915.71,37527.0,5.449735449735449
2022-10-08 09:00:00,268.38,42015.0,4939.0,14.0,278.0,2692.0,982.0,25420.0,1435.0,1724.0,2972.51,38856.0,7.518743305962157
2022-10-08 10:00:00,232.98,43258.0,4950.0,14.0,,2696.0,544.0,25393.0,3165.0,1243.0,4103.15,38850.0,10.19002265476906
2022-10-08 11:00:00,266.03,43923.0,4736.0,15.0,,2656.0,406.0,25177.0,4560.0,1308.0,5002.33,38055.0,13.359743186940785
2022-10-08 12:00:00,273.84,46041.0,4730.0,15.0,,2487.0,290.0,25457.0,5529.0,1495.0,6452.18,39017.0,15.255967507221824
2022-10-08 13:00:00,240.66,44781.0,4675.0,15.0,,2358.0,315.0,26002.0,6168.0,1498.0,5122.07,37115.0,17.11886737678926
2022-10-08 14:00:00,203.38,42624.0,4362.0,14.0,,2332.0,355.0,25951.0,6158.0,1338.0,3711.800000000001,35128.0,17.586336336336338
2022-10-08 15:00:00,143.42,41010.0,4094.0,13.0,,2174.0,360.0,25828.0,5560.0,1198.0,3382.6000000000004,34252.0,16.478907583516218
2022-10-08 16:00:00,165.23,39629.0,4359.0,13.0,,2184.0,343.0,25875.0,4531.0,1182.0,2155.42,33916.0,14.416210351005576
2022-10-08 17:00:00,178.19,39358.0,5018.0,12.0,,2498.0,433.0,26100.0,2934.0,1209.0,-113.45999999999981,35215.0,10.526449514711112
2022-10-08 18:00:00,254.01,40911.0,4956.0,14.0,519.0,2776.0,647.0,26807.0,1098.0,1193.0,1238.15,38620.0,5.599960890713989
2022-10-08 19:00:00,339.69,44019.0,5019.0,14.0,1374.0,3024.0,931.0,27214.0,265.0,1309.0,3759.91,42445.0,3.575728662622958
2022-10-08 20:00:00,296.08,43155.0,4994.0,14.0,1530.0,2815.0,960.0,27306.0,0.0,1834.0,2074.2999999999997,41321.0,4.249797242497973
2022-10-08 21:00:00,255.05,41045.0,4901.0,14.0,625.0,2468.0,722.0,27405.0,0.0,2361.0,1092.0300000000002,38684.0,5.752223169691802
2022-10-08 22:00:00,278.05,41514.0,4998.0,14.0,566.0,2379.0,681.0,27524.0,0.0,2705.0,806.6299999999999,38809.0,6.5158741629329855
2022-10-08 23:00:00,261.11,42222.0,4564.0,14.0,627.0,2480.0,687.0,27773.0,0.0,3170.0,974.6000000000004,39052.0,7.507934252285538
2022-10-09 00:00:00,216.13,39824.0,3891.0,14.0,1542.0,2369.0,490.0,27862.0,0.0,3642.0,-1540.1999999999998,36182.0,9.145239051828042
2022-10-09 01:00:00,195.02,37784.0,3365.0,14.0,,2306.0,247.0,27837.0,0.0,3978.0,-1080.3700000000001,33806.0,10.528265932669912
2022-10-09 02:00:00,190.83,36327.0,3752.0,14.0,,2259.0,214.0,27820.0,0.0,4343.0,-906.9000000000001,31984.0,11.95529495967187
2022-10-09 03:00:00,162.1,34178.0,3788.0,14.0,,2145.0,227.0,27232.0,0.0,4668.0,-2818.9399999999996,29510.0,13.657908596172977
2022-10-09 04:00:00,141.95,33105.0,3748.0,14.0,,1951.0,249.0,27511.0,0.0,4738.0,-3447.9399999999996,28367.0,14.312037456577556
2022-10-09 05:00:00,147.12,33259.0,3706.0,14.0,,1975.0,325.0,27425.0,0.0,4719.0,-3819.92,28540.0,14.188640668691182
2022-10-09 06:00:00,153.0,34263.0,3451.0,14.0,,2032.0,448.0,27022.0,0.0,4631.0,-2835.42,29632.0,13.516037708315093
2022-10-09 07:00:00,195.68,35624.0,3476.0,14.0,,2156.0,400.0,26730.0,213.0,4691.0,-2589.23,30720.0,13.766000449135415
2022-10-09 08:00:00,196.7,36848.0,3487.0,14.0,,2173.0,596.0,26631.0,476.0,4686.0,-1115.08,31686.0,14.00890143291359
2022-10-09 09:00:00,150.85,38960.0,3273.0,14.0,,2142.0,488.0,26501.0,2135.0,4159.0,825.28,32666.0,16.155030800821354
2022-10-09 10:00:00,116.0,40748.0,3241.0,15.0,,2105.0,321.0,26366.0,4635.0,2674.0,2715.1400000000003,33439.0,17.93707666633945
2022-10-09 11:00:00,89.63,42457.0,3445.0,12.0,,2216.0,340.0,26113.0,6750.0,1899.0,3345.6200000000003,33808.0,20.371199095555504
2022-10-09 12:00:00,138.78,44643.0,2255.0,12.0,,2224.0,455.0,25434.0,7943.0,1747.0,6077.390000000001,34953.0,21.705530542302263
2022-10-09 13:00:00,78.94,42548.0,1671.0,13.0,,2200.0,439.0,24298.0,8354.0,1924.0,5549.33,32270.0,24.15624706214158
2022-10-09 14:00:00,75.48,39830.0,1455.0,14.0,,2188.0,393.0,23374.0,8239.0,2078.0,3921.7300000000005,29513.0,25.902585990459453
2022-10-09 15:00:00,84.02,38368.0,1499.0,12.0,,2147.0,456.0,23251.0,7420.0,2042.0,2848.789999999999,28906.0,24.66117597998332
2022-10-09 16:00:00,135.39,37369.0,2223.0,10.0,,2063.0,545.0,24357.0,5821.0,1868.0,1249.77,29680.0,20.575878401883916
2022-10-09 17:00:00,196.83,37582.0,3855.0,11.0,,2126.0,942.0,26098.0,3466.0,1734.0,-1673.5499999999997,32382.0,13.83641104784205
2022-10-09 18:00:00,277.9,39868.0,4564.0,11.0,981.0,2386.0,848.0,27123.0,1069.0,1694.0,-420.4200000000001,37105.0,6.930370221731715
2022-10-09 19:00:00,285.14,44042.0,4566.0,10.0,1964.0,2592.0,1075.0,27263.0,256.0,2381.0,2880.5299999999997,41405.0,5.9874665092411785
2022-10-09 20:00:00,230.51,43351.0,4218.0,11.0,706.0,2390.0,913.0,27289.0,0.0,3452.0,2754.9500000000003,39899.0,7.96290743004775
2022-10-09 21:00:00,214.83,41307.0,3834.0,10.0,,2178.0,497.0,27447.0,0.0,4531.0,1967.17,36776.0,10.969085142953979
2022-10-09 22:00:00,190.0,41437.0,4056.0,11.0,,2147.0,189.0,27724.0,0.0,5207.0,1963.3200000000002,36230.0,12.566064145570385
2022-10-09 23:00:00,180.14,41882.0,4409.0,10.0,,2252.0,209.0,28289.0,0.0,5280.0,1399.2400000000002,36602.0,12.606847810515257
2022-10-10 00:00:00,194.71,39350.0,4408.0,10.0,,2230.0,201.0,28124.0,0.0,5067.0,-797.06,34283.0,12.87674714104193
2022-10-10 01:00:00,176.97,37407.0,3167.0,10.0,,2122.0,227.0,27864.0,0.0,4447.0,34.95000000000027,32960.0,11.888149276873312
2022-10-10 02:00:00,148.3,36200.0,3139.0,9.0,,2203.0,261.0,27386.0,0.0,3988.0,-74.82999999999993,32212.0,11.01657458563536
2022-10-10 03:00:00,133.97,34211.0,2819.0,11.0,,2193.0,225.0,27064.0,0.0,3708.0,-740.91,30503.0,10.838619157580895
2022-10-10 04:00:00,102.84,33833.0,2957.0,12.0,,2089.0,255.0,27672.0,0.0,3415.0,-1453.7600000000002,30418.0,10.093695504389204
2022-10-10 05:00:00,141.4,36410.0,3343.0,12.0,,2015.0,422.0,28031.0,0.0,3173.0,-985.5999999999999,33237.0,8.714638835484758
2022-10-10 06:00:00,198.7,41439.0,4604.0,10.0,202.0,2201.0,742.0,28135.0,0.0,2955.0,421.0,38484.0,7.130963585028597
2022-10-10 07:00:00,227.26,46555.0,5206.0,9.0,2137.0,2325.0,1122.0,28995.0,216.0,2696.0,2078.46,43643.0,6.25496724304586
2022-10-10 08:00:00,267.35,48089.0,5318.0,8.0,2361.0,2491.0,1228.0,29130.0,450.0,2568.0,3352.53,45071.0,6.275863503088024
2022-10-10 09:00:00,290.12,48843.0,5343.0,8.0,2180.0,2413.0,971.0,29141.0,1728.0,2352.0,3265.2799999999997,44763.0,8.353295252134389
2022-10-10 10:00:00,247.14,49249.0,5350.0,6.0,1847.0,2303.0,803.0,29176.0,3513.0,1884.0,2730.0299999999997,43852.0,10.958598144124753
2022-10-10 11:00:00,235.81,49663.0,4979.0,4.0,719.0,2293.0,555.0,29243.0,4827.0,1640.0,3917.3,43196.0,13.021766707609286
2022-10-10 12:00:00,286.5,50741.0,4912.0,5.0,993.0,2378.0,549.0,29211.0,5511.0,1821.0,3928.82,43409.0,14.449853175932677
2022-10-10 13:00:00,231.08,49428.0,4882.0,4.0,202.0,2343.0,498.0,29148.0,5618.0,2076.0,3088.7200000000003,41734.0,15.566075908392005
2022-10-10 14:00:00,156.77,48256.0,4947.0,4.0,,2347.0,486.0,29163.0,5604.0,2254.0,2278.6099999999997,40398.0,16.283985411140584
2022-10-10 15:00:00,166.99,46996.0,4923.0,3.0,,2271.0,474.0,29202.0,4888.0,2140.0,1617.2799999999997,39968.0,14.954464209719976
2022-10-10 16:00:00,169.1,45863.0,5240.0,,221.0,2160.0,542.0,29188.0,3755.0,2352.0,1105.7999999999997,39756.0,13.315744717964373
2022-10-10 17:00:00,215.91,45545.0,5082.0,,1251.0,2161.0,565.0,29003.0,2133.0,2695.0,1456.6499999999999,40717.0,10.600504995059831
2022-10-10 18:00:00,255.22,47763.0,5168.0,,2268.0,2501.0,781.0,29004.0,708.0,2724.0,3626.33,44331.0,7.185478299101815
2022-10-10 19:00:00,298.03,51006.0,5180.0,0.0,3230.0,2815.0,1035.0,29071.0,236.0,2406.0,6352.17,48364.0,5.179782770654433
2022-10-10 20:00:00,270.0,48486.0,5155.0,0.0,2617.0,2597.0,828.0,29110.0,0.0,2465.0,4609.06,46021.0,5.083941756383286
2022-10-10 21:00:00,220.0,45292.0,5103.0,0.0,1665.0,2363.0,368.0,29086.0,0.0,2544.0,2505.07,42748.0,5.616885984279785
2022-10-10 22:00:00,200.05,44767.0,4792.0,1.0,420.0,2186.0,289.0,28798.0,0.0,2728.0,3436.7,42039.0,6.0937744320593294
2022-10-10 23:00:00,159.34,44864.0,4600.0,1.0,179.0,2156.0,274.0,28708.0,0.0,3053.0,4141.58,41811.0,6.805010699001427
2022-10-11 00:00:00,182.04,42149.0,4654.0,1.0,,2193.0,444.0,28750.0,0.0,3075.0,1643.73,39074.0,7.295546750812594
2022-10-11 01:00:00,174.3,40280.0,4625.0,6.0,,2124.0,608.0,28571.0,0.0,2940.0,326.59000000000015,37340.0,7.298907646474677
2022-10-11 02:00:00,174.3,39122.0,4486.0,7.0,,2064.0,491.0,28485.0,0.0,2883.0,510.9599999999998,36239.0,7.369255150554675
2022-10-11 03:00:00,171.54,37061.0,4555.0,8.0,,2075.0,472.0,28486.0,0.0,2812.0,-1073.69,34249.0,7.587490893391975
2022-10-11 04:00:00,170.8,36492.0,4785.0,8.0,,2054.0,444.0,28414.0,0.0,2830.0,-2273.0099999999998,33662.0,7.7551244108297706
2022-10-11 05:00:00,174.21,38336.0,4809.0,8.0,,2060.0,493.0,28548.0,0.0,2807.0,-1271.2599999999998,35529.0,7.322099332220368
2022-10-11 06:00:00,262.6,43022.0,4912.0,8.0,256.0,2114.0,905.0,29081.0,0.0,2834.0,61.62000000000012,40188.0,6.587327413881271
2022-10-11 07:00:00,320.95,48322.0,5091.0,8.0,2400.0,2550.0,1312.0,29382.0,218.0,2852.0,1988.29,45252.0,6.35321385704234
2022-10-11 08:00:00,351.03,49483.0,5221.0,7.0,2013.0,2631.0,891.0,29409.0,426.0,2671.0,3863.34,46386.0,6.258715114281673
2022-10-11 09:00:00,302.44,50031.0,5234.0,7.0,1440.0,2500.0,604.0,29420.0,1485.0,2564.0,4726.24,45982.0,8.092982350942416
2022-10-11 10:00:00,272.41,50238.0,5114.0,7.0,645.0,2313.0,532.0,29435.0,3230.0,2070.0,4775.65,44938.0,10.549783032764044
2022-10-11 11:00:00,259.01,50430.0,4949.0,7.0,375.0,2209.0,450.0,29358.0,4558.0,1658.0,4336.1900000000005,44214.0,12.325996430696014
2022-10-11 12:00:00,247.63,50924.0,4740.0,7.0,65.0,2222.0,411.0,29160.0,5524.0,1519.0,4781.92,43881.0,13.830413950200299
2022-10-11 13:00:00,225.03,49608.0,4913.0,7.0,,2235.0,377.0,29152.0,5965.0,1409.0,3056.0899999999997,42234.0,14.864537977745526
2022-10-11 14:00:00,217.66,48176.0,5121.0,7.0,,2212.0,504.0,29184.0,5927.0,1108.0,1635.9100000000003,41141.0,14.602706741946198
2022-10-11 15:00:00,235.84,46868.0,5363.0,6.0,,2272.0,554.0,29175.0,5186.0,943.0,420.4399999999996,40739.0,13.077152854826322
2022-10-11 16:00:00,260.64,45515.0,5359.0,6.0,130.0,2287.0,557.0,29219.0,3915.0,926.0,263.59000000000015,40674.0,10.636054048116005
2022-10-11 17:00:00,323.9,44963.0,5407.0,11.0,1383.0,2319.0,637.0,29160.0,2316.0,982.0,300.6099999999997,41665.0,7.334919822965549
2022-10-11 18:00:00,443.96,46788.0,5514.0,12.0,1545.0,2774.0,878.0,29097.0,786.0,1103.0,2788.74,44899.0,4.037360006839361
2022-10-11 19:00:00,485.57,50277.0,5617.0,13.0,2229.0,3019.0,1247.0,29116.0,242.0,1533.0,5431.35,48502.0,3.530441354893888
2022-10-11 20:00:00,402.94,48431.0,5348.0,14.0,2194.0,2523.0,1142.0,29084.0,0.0,2035.0,3990.44,46396.0,4.201854184303442
2022-10-11 21:00:00,295.02,45206.0,4992.0,14.0,1756.0,2177.0,434.0,29083.0,0.0,2235.0,1858.58,42971.0,4.944033977790559
2022-10-11 22:00:00,262.03,44770.0,4959.0,14.0,1376.0,2107.0,251.0,29062.0,0.0,2160.0,2109.5,42610.0,4.824659370113916
2022-10-11 23:00:00,258.54,45031.0,5018.0,14.0,516.0,2090.0,274.0,29031.0,0.0,1946.0,3385.46,43085.0,4.32146743354578
2022-10-12 00:00:00,236.57,42245.0,4922.0,14.0,,2184.0,298.0,28819.0,0.0,1636.0,1586.0499999999997,40609.0,3.8726476506095397
2022-10-12 01:00:00,222.21,40468.0,4679.0,14.0,,2098.0,351.0,28448.0,0.0,1322.0,1232.63,39146.0,3.266778689334783
2022-10-12 02:00:00,208.41,39528.0,4955.0,14.0,,2107.0,341.0,28382.0,0.0,1151.0,401.7099999999998,38377.0,2.911859947379073
2022-10-12 03:00:00,198.99,37774.0,4970.0,14.0,,2116.0,395.0,28382.0,0.0,1015.0,-467.4300000000003,36759.0,2.6870334092232753
2022-10-12 04:00:00,219.9,37327.0,5074.0,14.0,,2118.0,422.0,28688.0,0.0,910.0,-1418.38,36417.0,2.4379135746242664
2022-10-12 05:00:00,238.34,39133.0,5153.0,14.0,,2069.0,437.0,28668.0,0.0,871.0,-557.8300000000004,38262.0,2.225742979071372
2022-10-12 06:00:00,302.77,43406.0,5375.0,14.0,1381.0,2194.0,574.0,28933.0,0.0,851.0,1410.91,42555.0,1.96055844814081
2022-10-12 07:00:00,472.08,48323.0,5563.0,13.0,2105.0,2593.0,1182.0,29283.0,215.0,838.0,4261.96,47270.0,2.1790865633342302
2022-10-12 08:00:00,483.88,50316.0,5851.0,14.0,2110.0,2830.0,1823.0,29333.0,401.0,818.0,4957.219999999999,49097.0,2.4226886079974563
2022-10-12 09:00:00,348.15,50762.0,5698.0,14.0,1775.0,2391.0,716.0,29249.0,1432.0,782.0,6450.3099999999995,48548.0,4.361530278554825
2022-10-12 10:00:00,283.71,50958.0,5307.0,14.0,684.0,2256.0,475.0,29207.0,3109.0,713.0,6930.48,47136.0,7.500294360061227
2022-10-12 11:00:00,269.03,51283.0,4940.0,14.0,371.0,2187.0,418.0,29183.0,4690.0,671.0,6464.610000000001,45922.0,10.453756605502798
2022-10-12 12:00:00,244.37,52085.0,4697.0,14.0,118.0,2185.0,291.0,29120.0,6269.0,695.0,6307.049999999999,45121.0,13.370452145531342
2022-10-12 13:00:00,236.0,50838.0,4782.0,14.0,,2210.0,415.0,29118.0,7211.0,819.0,4175.02,42808.0,15.795271253786538
2022-10-12 14:00:00,226.63,49551.0,5078.0,14.0,,2129.0,575.0,29285.0,6919.0,941.0,2849.7599999999998,41691.0,15.862444753889932
2022-10-12 15:00:00,225.84,47854.0,5249.0,14.0,,2239.0,601.0,29188.0,6053.0,1012.0,1664.0100000000002,40789.0,14.763656120700464
2022-10-12 16:00:00,241.62,46242.0,5385.0,14.0,274.0,2280.0,523.0,29222.0,4703.0,1000.0,61.86000000000013,40539.0,12.332944076813286
2022-10-12 17:00:00,295.09,45691.0,5514.0,13.0,1207.0,2294.0,492.0,29143.0,2769.0,978.0,725.1299999999999,41944.0,8.200739751811078
2022-10-12 18:00:00,378.4,47727.0,5510.0,12.0,1965.0,2687.0,1051.0,29091.0,873.0,919.0,3284.2599999999998,45935.0,3.7546881220273636
2022-10-12 19:00:00,479.97,51551.0,5619.0,12.0,2343.0,3043.0,1694.0,29174.0,230.0,926.0,6477.879999999999,50395.0,2.242439525906384
2022-10-12 20:00:00,341.0,49284.0,5522.0,14.0,1865.0,2643.0,1558.0,29189.0,0.0,994.0,5023.379999999999,48290.0,2.0168817466114763
2022-10-12 21:00:00,273.02,46078.0,5419.0,14.0,1036.0,2322.0,864.0,29216.0,0.0,1194.0,3420.7500000000005,44884.0,2.5912583011415427
2022-10-12 22:00:00,244.37,45578.0,5504.0,14.0,477.0,2181.0,637.0,28791.0,0.0,1341.0,3856.1800000000003,44237.0,2.942208960463381
2022-10-12 23:00:00,228.57,45652.0,4976.0,14.0,349.0,2163.0,1105.0,28282.0,0.0,1430.0,4617.860000000001,44222.0,3.1323928853062295
2022-10-13 00:00:00,218.66,42863.0,4843.0,14.0,,1976.0,846.0,28016.0,0.0,1611.0,3058.38,41252.0,3.7584863402001725
2022-10-13 01:00:00,210.0,41107.0,4801.0,14.0,,2095.0,583.0,27816.0,0.0,1601.0,2797.1000000000004,39506.0,3.8947137957038946
2022-10-13 02:00:00,193.8,39852.0,5143.0,14.0,,2112.0,400.0,27885.0,0.0,1596.0,2037.7399999999998,38256.0,4.004817825956037
2022-10-13 03:00:00,182.96,37785.0,5001.0,15.0,,2054.0,434.0,27947.0,0.0,1733.0,224.23999999999978,36052.0,4.586476114860394
2022-10-13 04:00:00,195.02,37096.0,4910.0,16.0,,2040.0,475.0,28296.0,0.0,1938.0,-1346.81,35158.0,5.224282941557041
2022-10-13 05:00:00,218.46,38685.0,4991.0,17.0,,2093.0,651.0,28407.0,0.0,2150.0,-1135.7799999999997,36535.0,5.557709706604627
2022-10-13 06:00:00,259.97,43199.0,5356.0,17.0,32.0,2180.0,701.0,28513.0,0.0,2444.0,1044.7699999999998,40755.0,5.657538368943726
2022-10-13 07:00:00,302.44,48096.0,5729.0,17.0,1841.0,2478.0,1079.0,28700.0,210.0,2862.0,2703.17,45024.0,6.387225548902195
2022-10-13 08:00:00,335.08,49448.0,5772.0,17.0,2248.0,2488.0,1398.0,28661.0,352.0,3039.0,3552.9100000000003,46057.0,6.857709108558485
2022-10-13 09:00:00,301.56,50014.0,5948.0,16.0,1524.0,2392.0,1268.0,28743.0,1117.0,3082.0,3290.59,45815.0,8.3956492182189
2022-10-13 10:00:00,297.91,50070.0,6067.0,16.0,886.0,2124.0,1103.0,28746.0,2375.0,3032.0,3326.9400000000005,44663.0,10.79888156580787
2022-10-13 11:00:00,277.7,50781.0,5737.0,15.0,,2098.0,1027.0,29105.0,3373.0,3119.0,4158.27,44289.0,12.784309091983223
2022-10-13 12:00:00,262.7,51774.0,4868.0,15.0,,2130.0,1031.0,29034.0,4117.0,3501.0,5271.26,44156.0,14.71394908641403
2022-10-13 13:00:00,254.99,50966.0,5369.0,15.0,,2212.0,651.0,28990.0,4544.0,3652.0,3312.55,42770.0,16.08130910803281
2022-10-13 14:00:00,255.0,50081.0,5950.0,15.0,,2297.0,1026.0,28914.0,4230.0,3730.0,1851.37,42121.0,15.894251312873145
2022-10-13 15:00:00,263.58,48965.0,6176.0,15.0,40.0,2343.0,1380.0,28674.0,3400.0,3620.0,1002.3500000000001,41945.0,14.336771163075666
2022-10-13 16:00:00,269.54,47619.0,6063.0,15.0,387.0,2351.0,1474.0,28640.0,2337.0,3506.0,641.1799999999998,41776.0,12.27031227031227
2022-10-13 17:00:00,293.89,47026.0,6072.0,16.0,944.0,2468.0,1635.0,28678.0,1256.0,3399.0,440.2600000000002,42371.0,9.898779398630545
2022-10-13 18:00:00,319.96,49068.0,6058.0,16.0,2051.0,2670.0,2227.0,28692.0,459.0,3351.0,1238.8000000000002,45258.0,7.7647346539496205
2022-10-13 19:00:00,346.8,51645.0,6006.0,16.0,2564.0,3030.0,2163.0,28696.0,212.0,3591.0,3311.1099999999997,47842.0,7.363733178429664
2022-10-13 20:00:00,290.1,48737.0,5976.0,16.0,2136.0,2565.0,1766.0,28714.0,0.0,3658.0,2006.9899999999998,45079.0,7.5055912345856335
2022-10-13 21:00:00,252.68,45648.0,5713.0,18.0,869.0,2271.0,975.0,28586.0,0.0,3523.0,1266.4499999999998,42125.0,7.717753242201192
2022-10-13 22:00:00,227.17,45363.0,5577.0,18.0,1747.0,2160.0,741.0,28948.0,0.0,3301.0,-355.8100000000004,42062.0,7.276855587152525
2022-10-13 23:00:00,207.68,45127.0,5828.0,18.0,40.0,2112.0,431.0,29094.0,0.0,3251.0,1382.5199999999995,41876.0,7.204112837104172
2022-10-14 00:00:00,231.32,42211.0,5441.0,22.0,,1961.0,539.0,28854.0,0.0,3287.0,101.62999999999988,38924.0,7.78706972116273
2022-10-14 01:00:00,219.6,40437.0,5445.0,22.0,,1967.0,602.0,28919.0,0.0,3120.0,-676.96,37317.0,7.715705912901551
2022-10-14 02:00:00,212.12,39297.0,5715.0,21.0,,2073.0,381.0,28809.0,0.0,3113.0,-1329.5100000000002,36184.0,7.9217243046543
2022-10-14 03:00:00,211.62,37032.0,5565.0,21.0,,2074.0,227.0,28301.0,0.0,3090.0,-2730.0,33942.0,8.344134802333118
2022-10-14 04:00:00,218.92,36107.0,5487.0,22.0,,2122.0,209.0,28571.0,0.0,3198.0,-3784.8000000000006,32909.0,8.857008336333674
2022-10-14 05:00:00,229.49,37776.0,5630.0,22.0,,2314.0,325.0,28686.0,0.0,3403.0,-3757.8500000000004,34373.0,9.008365099534096
2022-10-14 06:00:00,272.25,42345.0,5980.0,23.0,226.0,2316.0,829.0,29162.0,0.0,3394.0,-2610.5200000000004,38951.0,8.015113944975793
2022-10-14 07:00:00,350.0,47228.0,6037.0,23.0,1681.0,2343.0,1640.0,29372.0,207.0,3816.0,-512.2000000000003,43205.0,8.518251884475312
2022-10-14 08:00:00,412.65,48893.0,6000.0,19.0,1859.0,2526.0,1865.0,29705.0,333.0,4277.0,-130.39000000000033,44283.0,9.428752582169226
2022-10-14 09:00:00,327.39,49850.0,5890.0,17.0,1706.0,2321.0,1365.0,29749.0,1010.0,4607.0,915.0699999999997,44233.0,11.267803410230693
2022-10-14 10:00:00,297.26,50333.0,5963.0,17.0,1476.0,2180.0,1200.0,29700.0,2033.0,4971.0,445.0500000000002,43329.0,13.915323942542665
2022-10-14 11:00:00,282.41,50709.0,5962.0,17.0,1192.0,2060.0,955.0,29685.0,2882.0,5199.0,687.5799999999999,42628.0,15.936027135222544
2022-10-14 12:00:00,262.01,51713.0,5693.0,16.0,742.0,2172.0,715.0,28773.0,3555.0,5616.0,2109.57,42542.0,17.734418811517415
2022-10-14 13:00:00,238.37,50466.0,5748.0,16.0,294.0,2282.0,550.0,28563.0,4163.0,5699.0,612.56,40604.0,19.54186977370903
2022-10-14 14:00:00,221.42,49329.0,6008.0,18.0,318.0,2320.0,550.0,28645.0,4326.0,5617.0,-1044.3199999999997,39386.0,20.156500233128586
2022-10-14 15:00:00,242.69,47888.0,5979.0,16.0,886.0,2344.0,689.0,28626.0,3668.0,5745.0,-2863.7000000000003,38475.0,19.656281323087203
2022-10-14 16:00:00,258.6,46420.0,5758.0,15.0,1255.0,2366.0,961.0,28520.0,2891.0,5832.0,-4057.3999999999996,37697.0,18.791469194312796
2022-10-14 17:00:00,274.0,45858.0,6019.0,19.0,2008.0,2412.0,857.0,28562.0,1683.0,6054.0,-4415.119999999999,38121.0,16.87164725892974
2022-10-14 18:00:00,290.0,47382.0,5892.0,18.0,2356.0,2680.0,1513.0,28602.0,602.0,5957.0,-2659.86,40823.0,13.842809505719472
2022-10-14 19:00:00,301.12,49704.0,5438.0,17.0,1820.0,2760.0,1627.0,28467.0,214.0,5943.0,221.96000000000004,43547.0,12.387333011427652
2022-10-14 20:00:00,266.99,47197.0,5679.0,18.0,1530.0,2476.0,1023.0,28480.0,0.0,6281.0,-715.5200000000002,40916.0,13.308049240417825
2022-10-14 21:00:00,217.94,44540.0,5622.0,18.0,,2239.0,619.0,28463.0,0.0,6296.0,-2284.74,38244.0,14.135608441850023
2022-10-14 22:00:00,220.03,44374.0,5695.0,18.0,480.0,2220.0,636.0,27654.0,0.0,6417.0,-2149.56,37957.0,14.461170955965205
2022-10-14 23:00:00,193.0,44448.0,5255.0,17.0,,2152.0,474.0,27095.0,0.0,6601.0,-484.29999999999995,37847.0,14.851061915046795
2022-10-15 00:00:00,191.76,41227.0,5143.0,17.0,,2076.0,410.0,26136.0,0.0,6439.0,-744.8799999999999,34788.0,15.618405413927766
2022-10-15 01:00:00,174.0,39005.0,5156.0,14.0,,1989.0,565.0,24823.0,0.0,6360.0,-1775.63,32645.0,16.305601845917188
2022-10-15 02:00:00,163.8,37646.0,5222.0,12.0,,2129.0,512.0,25014.0,0.0,5820.0,-3248.81,31826.0,15.459809807150826
2022-10-15 03:00:00,144.74,35307.0,5311.0,11.0,,2202.0,650.0,25517.0,0.0,5676.0,-5432.98,29631.0,16.076132211742713
2022-10-15 04:00:00,139.9,34132.0,5420.0,10.0,,2178.0,400.0,26185.0,0.0,5764.0,-6521.46,28368.0,16.887378413219267
2022-10-15 05:00:00,133.36,34474.0,5182.0,9.0,,2164.0,416.0,26272.0,0.0,6151.0,-6720.92,28323.0,17.84243197772234
2022-10-15 06:00:00,147.49,35843.0,5056.0,8.0,,2118.0,550.0,26239.0,0.0,6877.0,-6571.210000000001,28966.0,19.186452026895072
2022-10-15 07:00:00,161.17,37517.0,5198.0,8.0,,2133.0,746.0,26231.0,203.0,7750.0,-7379.1900000000005,29564.0,21.198390063171363
2022-10-15 08:00:00,187.02,38964.0,5418.0,10.0,,2136.0,791.0,26319.0,392.0,8672.0,-7962.139999999999,29900.0,23.262498716764192
2022-10-15 09:00:00,199.33,41098.0,5375.0,11.0,,2109.0,878.0,26296.0,1712.0,9098.0,-7564.75,30288.0,26.302983113533507
2022-10-15 10:00:00,185.09,42651.0,5058.0,11.0,,2062.0,812.0,26171.0,3808.0,9053.0,-6568.429999999999,29790.0,30.15404093690652
2022-10-15 11:00:00,160.0,43813.0,4409.0,11.0,,2019.0,660.0,26068.0,5206.0,9020.0,-5113.87,29587.0,32.469814895122454
2022-10-15 12:00:00,144.91,45544.0,4065.0,10.0,,1938.0,549.0,25695.0,6144.0,8739.0,-2327.9500000000003,30661.0,32.67828912699807
2022-10-15 13:00:00,136.57,44107.0,4144.0,10.0,,1890.0,783.0,25352.0,6496.0,8245.0,-3200.25,29366.0,33.4209989344095
2022-10-15 14:00:00,118.54,42436.0,4199.0,11.0,,1899.0,475.0,25374.0,6233.0,7520.0,-3322.13,28683.0,32.40880384579131
2022-10-15 15:00:00,120.0,40991.0,4838.0,11.0,,1952.0,507.0,25434.0,5339.0,6662.0,-3585.4100000000003,28990.0,29.277158400624526
2022-10-15 16:00:00,136.07,39774.0,5275.0,12.0,,1979.0,701.0,25564.0,4085.0,5624.0,-3815.31,30065.0,24.41041886659627
2022-10-15 17:00:00,172.0,39635.0,4893.0,13.0,,2076.0,609.0,25996.0,2292.0,4747.0,-3060.73,32596.0,17.759555948025735
2022-10-15 18:00:00,193.08,41336.0,5044.0,14.0,818.0,2274.0,834.0,26115.0,656.0,4276.0,-1695.8400000000001,36404.0,11.931488291077995
2022-10-15 19:00:00,205.89,44485.0,5154.0,14.0,1456.0,2331.0,1015.0,26003.0,205.0,4100.0,1248.13,40180.0,9.67741935483871
2022-10-15 20:00:00,167.76,42901.0,4852.0,14.0,441.0,2050.0,633.0,25938.0,0.0,4614.0,772.1600000000001,38287.0,10.754994056082609
2022-10-15 21:00:00,154.99,40819.0,5214.0,15.0,,1905.0,566.0,26079.0,0.0,4821.0,240.01999999999998,35998.0,11.810676400695755
2022-10-15 22:00:00,145.21,41192.0,5053.0,15.0,,1874.0,483.0,26081.0,0.0,4737.0,1198.7599999999998,36455.0,11.49980578753156
2022-10-15 23:00:00,137.35,42064.0,4359.0,16.0,,1835.0,301.0,25888.0,0.0,4629.0,3023.1,37435.0,11.004659566375048
2022-10-16 00:00:00,129.08,39594.0,4429.0,16.0,,1777.0,303.0,25625.0,0.0,4133.0,1330.6100000000001,35461.0,10.438450270242965
2022-10-16 01:00:00,114.63,37748.0,4375.0,16.0,,1771.0,148.0,25310.0,0.0,3778.0,407.6600000000001,33970.0,10.008477270318958
2022-10-16 02:00:00,112.57,36138.0,3696.0,15.0,,1831.0,177.0,25153.0,0.0,3546.0,-326.2099999999999,32592.0,9.81238585422547
2022-10-16 03:00:00,69.86,33801.0,2302.0,15.0,,1877.0,179.0,25396.0,0.0,3233.0,-732.6999999999998,30568.0,9.56480577497707
2022-10-16 04:00:00,80.0,32419.0,2119.0,15.0,,1897.0,63.0,25425.0,0.0,3147.0,-690.9600000000003,29272.0,9.707270427835528
2022-10-16 05:00:00,79.72,32287.0,2116.0,15.0,,1814.0,79.0,25389.0,0.0,3077.0,-616.1300000000001,29210.0,9.530151454145631
2022-10-16 06:00:00,89.53,33104.0,2187.0,16.0,,1714.0,153.0,25423.0,0.0,2954.0,-68.79999999999995,30150.0,8.923392943450942
2022-10-16 07:00:00,86.09,34139.0,2395.0,16.0,,1723.0,140.0,25356.0,195.0,2658.0,1427.67,31286.0,8.35701104308855
2022-10-16 08:00:00,107.95,35146.0,2676.0,17.0,,1816.0,175.0,25352.0,306.0,2533.0,2131.4499999999994,32307.0,8.07773288567689
2022-10-16 09:00:00,125.0,37605.0,4107.0,17.0,,1759.0,537.0,25486.0,1440.0,2177.0,1199.6099999999997,33988.0,9.618401808270177
2022-10-16 10:00:00,114.73,39760.0,4174.0,18.0,,1718.0,769.0,25675.0,3596.0,1905.0,1528.8400000000001,34259.0,13.835513078470823
2022-10-16 11:00:00,127.83,41429.0,4111.0,20.0,,1693.0,763.0,25612.0,5288.0,1967.0,1860.06,34174.0,17.511887808057157
2022-10-16 12:00:00,138.77,43397.0,4182.0,21.0,,1692.0,700.0,25334.0,6511.0,2210.0,2271.1899999999996,34676.0,20.095859160771482
2022-10-16 13:00:00,128.77,41857.0,4157.0,22.0,,1674.0,633.0,25129.0,7019.0,2569.0,1105.9499999999998,32269.0,22.906562821033518
2022-10-16 14:00:00,126.32,39913.0,3961.0,23.0,,1584.0,430.0,25049.0,7042.0,3107.0,1536.0,29764.0,25.427805476912287
2022-10-16 15:00:00,100.56,38191.0,4214.0,24.0,,1647.0,330.0,25514.0,6268.0,3692.0,-142.98999999999978,28231.0,26.07944280065984
2022-10-16 16:00:00,86.78,37206.0,4613.0,25.0,,1769.0,600.0,25740.0,4737.0,3900.0,-1529.02,28569.0,23.21399774229963
2022-10-16 17:00:00,167.3,37595.0,5029.0,26.0,,1993.0,893.0,25712.0,2742.0,3936.0,-2892.5299999999997,30917.0,17.763000398989227
2022-10-16 18:00:00,198.73,40019.0,5569.0,25.0,2378.0,2317.0,1222.0,25893.0,736.0,4247.0,-3204.19,35036.0,12.451585496888978
2022-10-16 19:00:00,225.84,43899.0,5729.0,25.0,2901.0,2561.0,1516.0,25911.0,204.0,5317.0,-2047.6399999999999,38378.0,12.57659627781954
2022-10-16 20:00:00,178.02,42625.0,5631.0,25.0,1754.0,2224.0,1142.0,25748.0,0.0,6561.0,-2922.13,36064.0,15.392375366568913
2022-10-16 21:00:00,144.96,40737.0,5382.0,25.0,1024.0,1910.0,799.0,25791.0,0.0,7544.0,-5809.450000000001,33193.0,18.518791270834868
2022-10-16 22:00:00,140.04,40670.0,5421.0,25.0,359.0,1832.0,467.0,25699.0,0.0,8052.0,-4971.92,32618.0,19.79837718219818
2022-10-16 23:00:00,134.55,41197.0,5470.0,25.0,,1751.0,522.0,25358.0,0.0,8412.0,-4023.26,32785.0,20.418962545816445
2022-10-17 00:00:00,128.31,38675.0,3343.0,25.0,,1729.0,622.0,25201.0,0.0,8634.0,-4812.94,30041.0,22.324499030381382
2022-10-17 01:00:00,114.41,36992.0,2218.0,24.0,,1718.0,468.0,25428.0,0.0,8710.0,-3751.77,28282.0,23.545631487889274
2022-10-17 02:00:00,105.65,35643.0,2193.0,24.0,,1757.0,340.0,25220.0,0.0,8525.0,-3518.55,27118.0,23.91773980865808
2022-10-17 03:00:00,89.64,33532.0,2155.0,23.0,,1742.0,231.0,24971.0,0.0,8217.0,-3663.28,25315.0,24.504950495049506
2022-10-17 04:00:00,89.64,32863.0,2050.0,21.0,,1748.0,214.0,24843.0,0.0,7715.0,-3753.66,25148.0,23.476249885889906
2022-10-17 05:00:00,113.25,35311.0,1934.0,18.0,,1778.0,498.0,25641.0,0.0,7281.0,-3424.61,28030.0,20.619636940330206
2022-10-17 06:00:00,139.42,39764.0,3737.0,19.0,,1839.0,595.0,26349.0,0.0,7201.0,-2826.02,32563.0,18.109345136304196
2022-10-17 07:00:00,177.89,44848.0,5521.0,18.0,1424.0,2020.0,651.0,26022.0,202.0,7093.0,-1878.49,37553.0,16.26605422761327
2022-10-17 08:00:00,202.21,46600.0,5543.0,17.0,2313.0,2283.0,668.0,25504.0,341.0,6326.0,850.48,39933.0,14.306866952789699
2022-10-17 09:00:00,193.66,47025.0,5548.0,18.0,1601.0,2288.0,650.0,25682.0,1173.0,5632.0,1276.59,40220.0,14.471026049973418
2022-10-17 10:00:00,205.83,48115.0,5295.0,21.0,688.0,2112.0,637.0,25987.0,2713.0,5300.0,2252.03,40102.0,16.65385015068066
2022-10-17 11:00:00,195.08,48901.0,5300.0,128.0,513.0,2099.0,430.0,26544.0,3768.0,4755.0,2328.06,40378.0,17.429091429623117
2022-10-17 12:00:00,190.12,49174.0,5370.0,285.0,480.0,2068.0,286.0,26421.0,4566.0,4152.0,2394.2400000000002,40456.0,17.72888111603693
2022-10-17 13:00:00,174.99,48867.0,5948.0,305.0,,2069.0,206.0,26509.0,5221.0,3737.0,1961.06,39909.0,18.331389281109953
2022-10-17 14:00:00,181.4,48162.0,6075.0,330.0,,2034.0,199.0,26293.0,5124.0,3310.0,1748.5300000000002,39728.0,17.511731240396994
2022-10-17 15:00:00,168.32,47000.0,6028.0,415.0,,1996.0,379.0,26258.0,4519.0,2609.0,1519.5500000000002,39872.0,15.165957446808513
2022-10-17 16:00:00,172.55,45799.0,5754.0,463.0,199.0,2069.0,510.0,26188.0,3306.0,2187.0,1514.9899999999998,40306.0,11.993711653092861
2022-10-17 17:00:00,224.42,45538.0,5917.0,455.0,1121.0,2375.0,765.0,26218.0,1956.0,2023.0,1241.9900000000002,41559.0,8.73775747727173
2022-10-17 18:00:00,267.87,47540.0,5843.0,360.0,2244.0,2643.0,1009.0,26639.0,580.0,1982.0,2889.3300000000004,44978.0,5.389145982330669
2022-10-17 19:00:00,281.15,50721.0,5552.0,324.0,2654.0,2852.0,1287.0,27006.0,205.0,2012.0,5903.69,48504.0,4.370970603891879
2022-10-17 20:00:00,231.96,47630.0,5043.0,210.0,2735.0,2564.0,899.0,27003.0,0.0,1940.0,3623.24,45690.0,4.073063195465043
2022-10-17 21:00:00,192.4,44229.0,4882.0,172.0,1305.0,2218.0,543.0,26996.0,0.0,1872.0,2552.97,42357.0,4.232517126772027
2022-10-17 22:00:00,196.06,43792.0,5082.0,34.0,1044.0,2104.0,375.0,27015.0,0.0,1963.0,2529.6699999999996,41829.0,4.4825538911216665
2022-10-17 23:00:00,147.0,43995.0,5017.0,14.0,1074.0,2023.0,424.0,27533.0,0.0,1946.0,2479.59,42049.0,4.423229912490056
2022-10-18 00:00:00,141.64,41238.0,5037.0,10.0,904.0,2047.0,721.0,26958.0,0.0,1837.0,674.4899999999998,39401.0,4.454629225471653
2022-10-18 01:00:00,135.71,39601.0,5118.0,14.0,279.0,1858.0,577.0,26939.0,0.0,1860.0,-213.96000000000004,37741.0,4.696851089618949
2022-10-18 02:00:00,140.35,38382.0,4989.0,15.0,,1796.0,310.0,27005.0,0.0,1772.0,-95.81999999999994,36610.0,4.616747433692877
2022-10-18 03:00:00,139.95,35946.0,5006.0,14.0,,1802.0,187.0,26601.0,0.0,1736.0,-1157.65,34210.0,4.829466421855004
2022-10-18 04:00:00,147.25,35110.0,4820.0,14.0,,1783.0,380.0,26310.0,0.0,1727.0,-1398.04,33383.0,4.918826545143834
2022-10-18 05:00:00,148.58,36801.0,5073.0,12.0,,1926.0,717.0,26447.0,0.0,1796.0,-2016.2399999999998,35005.0,4.880302165702019
2022-10-18 06:00:00,211.07,41130.0,5059.0,12.0,1877.0,2214.0,1145.0,26905.0,0.0,1975.0,-982.3200000000002,39155.0,4.801847799659615
2022-10-18 07:00:00,268.67,45890.0,4995.0,12.0,3436.0,2565.0,1274.0,27155.0,203.0,2097.0,1527.26,43590.0,5.011985181956853
2022-10-18 08:00:00,286.82,47529.0,5247.0,12.0,3203.0,2660.0,1591.0,27442.0,337.0,2142.0,2983.0299999999997,45050.0,5.2157630078478405
2022-10-18 09:00:00,259.04,47938.0,5084.0,77.0,2348.0,2492.0,1236.0,27903.0,1630.0,2143.0,2687.46,44165.0,7.870582836163377
2022-10-18 10:00:00,203.5,48364.0,5158.0,153.0,1805.0,2147.0,685.0,27912.0,3987.0,1892.0,2128.24,42485.0,12.155735671160366
2022-10-18 11:00:00,183.32,49041.0,4686.0,129.0,742.0,2022.0,586.0,27856.0,6004.0,1768.0,2736.6899999999996,41269.0,15.847963948532861
2022-10-18 12:00:00,167.21,49547.0,4302.0,180.0,308.0,2044.0,427.0,27849.0,7302.0,1809.0,2537.86,40436.0,18.38860072254627
2022-10-18 13:00:00,162.0,49038.0,4236.0,251.0,379.0,2030.0,503.0,27835.0,7827.0,1805.0,1370.56,39406.0,19.641910355234714
2022-10-18 14:00:00,177.76,48085.0,3988.0,244.0,463.0,1978.0,542.0,27735.0,7603.0,1868.0,1148.36,38614.0,19.696371009670376
2022-10-18 15:00:00,180.32,46636.0,4157.0,242.0,731.0,2074.0,540.0,27764.0,6701.0,2029.0,-526.0600000000001,37906.0,18.71944420619264
2022-10-18 16:00:00,203.65,45285.0,4017.0,271.0,1016.0,2171.0,697.0,27765.0,5056.0,2187.0,-1102.95,38042.0,15.99425858452026
2022-10-18 17:00:00,220.62,44527.0,4298.0,474.0,1651.0,2198.0,789.0,27545.0,2583.0,2357.0,-565.6499999999999,39587.0,11.094392166550632
2022-10-18 18:00:00,249.77,46188.0,4537.0,300.0,3050.0,2564.0,1295.0,26941.0,669.0,2778.0,1042.97,42741.0,7.462977396726423
2022-10-18 19:00:00,259.95,49419.0,4294.0,278.0,3115.0,2721.0,2001.0,26911.0,201.0,3649.0,3342.5,45569.0,7.790525911086829
2022-10-18 20:00:00,210.84,46554.0,4173.0,278.0,1962.0,2389.0,1060.0,26896.0,0.0,4426.0,1787.8100000000002,42128.0,9.50723890535722
2022-10-18 21:00:00,170.49,43487.0,3674.0,278.0,831.0,2124.0,588.0,26911.0,0.0,5059.0,80.48000000000002,38428.0,11.633361694299445
2022-10-18 22:00:00,162.21,43333.0,3581.0,278.0,818.0,1988.0,540.0,27050.0,0.0,5327.0,-290.55999999999995,38006.0,12.293171485934508
2022-10-18 23:00:00,156.12,43564.0,3784.0,278.0,821.0,2054.0,527.0,27309.0,0.0,5512.0,-809.8299999999999,38052.0,12.652648976218897
2022-10-19 00:00:00,130.99,40615.0,5039.0,85.0,276.0,2075.0,566.0,27220.0,0.0,5367.0,-3859.39,35248.0,13.214329681152284
2022-10-19 01:00:00,125.18,38763.0,5045.0,11.0,,1980.0,576.0,27218.0,0.0,5428.0,-4320.2,33335.0,14.00304414003044
2022-10-19 02:00:00,121.42,37654.0,5544.0,11.0,,1956.0,491.0,27152.0,0.0,5122.0,-4240.59,32532.0,13.602804482923462
2022-10-19 03:00:00,123.73,35658.0,5642.0,11.0,,1922.0,369.0,26554.0,0.0,4919.0,-5462.42,30739.0,13.794940826742947
2022-10-19 04:00:00,128.28,34987.0,5734.0,11.0,,1833.0,454.0,26617.0,0.0,5070.0,-5847.52,29917.0,14.49109669305742
2022-10-19 05:00:00,142.03,36638.0,5346.0,11.0,,1982.0,552.0,27395.0,0.0,5231.0,-5234.59,31407.0,14.277526065833287
2022-10-19 06:00:00,159.77,40690.0,5568.0,11.0,,2108.0,765.0,27722.0,0.0,5546.0,-4236.21,35144.0,13.629884492504301
2022-10-19 07:00:00,228.27,45270.0,5950.0,11.0,1982.0,2377.0,1009.0,27467.0,208.0,5953.0,-2539.3500000000004,39109.0,13.609454384802296
2022-10-19 08:00:00,232.85,47084.0,6297.0,12.0,3044.0,2601.0,1140.0,27008.0,332.0,6287.0,-2412.4599999999996,40465.0,14.057854048084275
2022-10-19 09:00:00,195.11,47737.0,6353.0,13.0,2902.0,2496.0,1039.0,27042.0,1292.0,6273.0,-2470.19,40172.0,15.84724637073968
2022-10-19 10:00:00,166.41,48026.0,6293.0,12.0,1568.0,2313.0,949.0,27041.0,2963.0,6017.0,-2147.1400000000003,39046.0,18.698205138883107
2022-10-19 11:00:00,157.32,48389.0,6129.0,12.0,676.0,2226.0,1032.0,26911.0,4273.0,5772.0,-1414.5299999999997,38344.0,20.758850151894027
2022-10-19 12:00:00,149.45,49367.0,5942.0,13.0,779.0,2243.0,815.0,26872.0,5837.0,5752.0,-1811.04,37778.0,23.47519598112099
2022-10-19 13:00:00,130.22,48511.0,6173.0,13.0,,2116.0,600.0,26935.0,6171.0,5723.0,-1959.5200000000002,36617.0,24.518150522561893
2022-10-19 14:00:00,142.4,47837.0,6176.0,11.0,,2108.0,429.0,26914.0,5730.0,5951.0,-1636.8600000000001,36156.0,24.418337270313774
2022-10-19 15:00:00,131.5,45973.0,5864.0,14.0,,2142.0,441.0,26678.0,4607.0,6313.0,-2173.67,35053.0,23.75307245557175
2022-10-19 16:00:00,153.05,45030.0,5948.0,15.0,,2244.0,813.0,26261.0,3183.0,6622.0,-2987.82,35225.0,21.774372640461912
2022-10-19 17:00:00,190.38,44569.0,6192.0,16.0,1315.0,2447.0,695.0,25906.0,1549.0,6574.0,-3213.2200000000003,36446.0,18.225672552671142
2022-10-19 18:00:00,220.1,46664.0,5937.0,17.0,2009.0,2687.0,1055.0,25835.0,465.0,6790.0,-954.6700000000003,39409.0,15.54731698954226
2022-10-19 19:00:00,212.62,49883.0,6034.0,18.0,2326.0,2824.0,1326.0,25824.0,205.0,7527.0,1378.76,42151.0,15.500270633281879
2022-10-19 20:00:00,161.83,47070.0,5832.0,18.0,1773.0,2458.0,791.0,25846.0,0.0,7483.0,-309.87000000000035,39587.0,15.897599320161463
2022-10-19 21:00:00,141.73,43986.0,5920.0,17.0,544.0,2288.0,582.0,25898.0,0.0,7095.0,-1700.77,36891.0,16.130132314827446
2022-10-19 22:00:00,140.66,43602.0,5996.0,16.0,274.0,2249.0,487.0,25803.0,0.0,6444.0,-931.69,37158.0,14.779138571625156
2022-10-19 23:00:00,130.85,43579.0,5954.0,16.0,189.0,2167.0,638.0,25742.0,0.0,6091.0,-603.3499999999999,37488.0,13.976915486817045
2022-10-20 00:00:00,107.61,40853.0,5586.0,16.0,,1930.0,681.0,25787.0,0.0,5814.0,-2761.5499999999997,35039.0,14.231512985582453
2022-10-20 01:00:00,88.27,39181.0,5733.0,16.0,,1816.0,674.0,25495.0,0.0,5463.0,-2772.1600000000003,33718.0,13.942982568081469
2022-10-20 02:00:00,77.39,38327.0,5808.0,16.0,,1841.0,632.0,25427.0,0.0,5478.0,-2341.05,32849.0,14.292796201111488
2022-10-20 03:00:00,69.94,36338.0,5381.0,16.0,,1872.0,538.0,25032.0,0.0,5566.0,-3207.32,30772.0,15.317298695580384
2022-10-20 04:00:00,66.74,35319.0,5319.0,16.0,,1890.0,513.0,25366.0,0.0,5195.0,-3912.56,30124.0,14.708796964806478
2022-10-20 05:00:00,97.0,36904.0,5608.0,16.0,,1929.0,659.0,25416.0,0.0,5262.0,-3983.5599999999995,31642.0,14.258616952091915
2022-10-20 06:00:00,132.8,41133.0,5799.0,16.0,431.0,2279.0,967.0,25812.0,0.0,5434.0,-4049.1499999999996,35699.0,13.210803977341792
2022-10-20 07:00:00,168.05,45847.0,6260.0,18.0,2758.0,2684.0,1131.0,26052.0,211.0,4600.0,-1376.9299999999998,41036.0,10.493598272515104
2022-10-20 08:00:00,195.95,47521.0,6344.0,21.0,3206.0,2993.0,1788.0,26119.0,268.0,4172.0,-1005.6599999999999,43081.0,9.34323772647882
2022-10-20 09:00:00,167.65,47982.0,6308.0,21.0,2660.0,3033.0,1370.0,26161.0,819.0,4559.0,-141.82999999999993,42604.0,11.20836980534367
2022-10-20 10:00:00,168.2,48323.0,6298.0,18.0,1624.0,2862.0,784.0,26052.0,2178.0,5152.0,-96.03999999999996,40993.0,15.168760217701715
2022-10-20 11:00:00,167.43,49061.0,6304.0,17.0,1039.0,2687.0,843.0,26096.0,3377.0,5148.0,494.60000000000014,40536.0,17.376327429118852
2022-10-20 12:00:00,160.42,49170.0,5775.0,16.0,1019.0,2745.0,755.0,26035.0,4035.0,5484.0,440.1600000000001,39651.0,19.359365466748017
2022-10-20 13:00:00,143.82,48471.0,5477.0,15.0,1827.0,2506.0,633.0,25997.0,4302.0,5524.0,-1052.26,38645.0,20.271915165769222
2022-10-20 14:00:00,141.05,47646.0,5721.0,14.0,1231.0,2164.0,739.0,25989.0,4391.0,5686.0,-1002.4300000000001,37569.0,21.149729253242665
2022-10-20 15:00:00,163.15,46101.0,6002.0,13.0,1094.0,2196.0,734.0,26281.0,3630.0,5314.0,-2267.41,37157.0,19.400880675039588
2022-10-20 16:00:00,155.06,44886.0,6240.0,13.0,1485.0,2291.0,899.0,26267.0,2538.0,4991.0,-3093.88,37357.0,16.77360424185715
2022-10-20 17:00:00,180.07,44520.0,6070.0,13.0,1628.0,2496.0,1136.0,26138.0,1347.0,4991.0,-2596.6400000000003,38182.0,14.236298292902067
2022-10-20 18:00:00,188.25,46640.0,5889.0,13.0,1604.0,2950.0,1432.0,26206.0,435.0,4972.0,295.99,41233.0,11.593053173241852
2022-10-20 19:00:00,197.01,49351.0,5891.0,12.0,2338.0,3038.0,1636.0,26171.0,211.0,5505.0,1731.54,43635.0,11.582338757066726
2022-10-20 20:00:00,172.53,46384.0,5453.0,12.0,825.0,2508.0,870.0,26104.0,0.0,6535.0,995.24,39849.0,14.088909968954813
2022-10-20 21:00:00,146.6,43446.0,5650.0,11.0,226.0,2421.0,734.0,26204.0,0.0,6858.0,-1557.7,36588.0,15.785112553514708
2022-10-20 22:00:00,137.1,43080.0,5852.0,11.0,103.0,2424.0,703.0,25844.0,0.0,7368.0,-1838.3500000000001,35712.0,17.103064066852365
2022-10-20 23:00:00,129.36,43084.0,5563.0,10.0,,2419.0,642.0,24995.0,0.0,7903.0,-1624.7199999999998,35181.0,18.343236468294492
2022-10-21 00:00:00,131.99,40294.0,5562.0,14.0,,2488.0,786.0,25066.0,0.0,7760.0,-4661.93,32534.0,19.258450389636174
2022-10-21 01:00:00,118.62,38726.0,5857.0,13.0,,2287.0,874.0,25333.0,0.0,7570.0,-5931.719999999999,31156.0,19.547590765893716
2022-10-21 02:00:00,113.36,37655.0,6056.0,12.0,,2253.0,764.0,25545.0,0.0,7304.0,-6037.219999999999,30351.0,19.397158411897493
2022-10-21 03:00:00,111.01,35578.0,5295.0,10.0,,2235.0,561.0,25776.0,0.0,7499.0,-6984.96,28079.0,21.077632244645567
2022-10-21 04:00:00,84.92,34965.0,5096.0,9.0,,2264.0,623.0,25970.0,0.0,7683.0,-7814.26,27282.0,21.973401973401973
2022-10-21 05:00:00,84.98,36634.0,5168.0,8.0,,2304.0,659.0,26069.0,0.0,8513.0,-7406.99,28121.0,23.23797565103456
2022-10-21 06:00:00,151.94,40778.0,5597.0,8.0,,2486.0,654.0,26282.0,0.0,7820.0,-4964.59,32958.0,19.177007209769975
2022-10-21 07:00:00,187.81,45594.0,6041.0,8.0,2099.0,2793.0,1297.0,26520.0,218.0,6823.0,-3726.8499999999995,38553.0,15.44282142387156
2022-10-21 08:00:00,203.6,47329.0,6119.0,9.0,2498.0,2957.0,1563.0,26548.0,255.0,6958.0,-3251.6699999999996,40116.0,15.240127617317079
2022-10-21 09:00:00,200.59,47956.0,6323.0,7.0,2333.0,2952.0,1312.0,26598.0,784.0,6653.0,-2298.5899999999997,40519.0,15.507965635165569
2022-10-21 10:00:00,182.1,48274.0,6278.0,2.0,1921.0,3285.0,1596.0,26567.0,1920.0,6448.0,-3146.36,39906.0,17.334382897626053
2022-10-21 11:00:00,177.86,48638.0,6138.0,0.0,1538.0,3225.0,1535.0,26551.0,2976.0,6483.0,-3215.26,39179.0,19.447756897898763
2022-10-21 12:00:00,162.82,48735.0,6027.0,0.0,582.0,3132.0,1248.0,26529.0,3706.0,6340.0,-2658.5,38689.0,20.613522109366986
2022-10-21 13:00:00,166.35,47975.0,6030.0,,,3131.0,1162.0,26591.0,3870.0,6605.0,-2867.8500000000004,37500.0,21.834288692027098
2022-10-21 14:00:00,166.28,47217.0,5748.0,,,3036.0,1253.0,26586.0,3855.0,7080.0,-3698.17,36282.0,23.159031704682636
2022-10-21 15:00:00,156.03,45553.0,5762.0,13.0,,2994.0,986.0,26701.0,3048.0,7114.0,-4768.98,35391.0,22.308080697209842
2022-10-21 16:00:00,153.32,44070.0,5793.0,174.0,,3075.0,902.0,27187.0,2108.0,6406.0,-5094.799999999999,35556.0,19.319264805990468
2022-10-21 17:00:00,197.18,43593.0,5695.0,272.0,,3269.0,908.0,27491.0,1190.0,5948.0,-4701.849999999999,36455.0,16.374188516504944
2022-10-21 18:00:00,206.63,45125.0,5757.0,295.0,379.0,3564.0,1400.0,28036.0,415.0,5798.0,-3981.73,38912.0,13.76842105263158
2022-10-21 19:00:00,203.05,47623.0,5869.0,294.0,861.0,3697.0,1555.0,28226.0,211.0,6228.0,-2300.0199999999995,41184.0,13.520777775444637
2022-10-21 20:00:00,172.76,45283.0,5401.0,294.0,534.0,3388.0,1112.0,28179.0,0.0,6304.0,-4002.2200000000003,38979.0,13.921339133891305
2022-10-21 21:00:00,161.58,42733.0,4974.0,294.0,151.0,3174.0,705.0,28276.0,0.0,6397.0,-5324.200000000001,36336.0,14.969695551447359
2022-10-21 22:00:00,156.87,42668.0,5208.0,294.0,,3212.0,710.0,28013.0,0.0,6619.0,-5398.39,36049.0,15.512796475110152
2022-10-21 23:00:00,143.4,43024.0,5090.0,293.0,,3153.0,759.0,27621.0,0.0,6615.0,-4819.49,36409.0,15.37513945704723
2022-10-22 00:00:00,143.43,40373.0,4592.0,293.0,,3180.0,963.0,27499.0,0.0,6746.0,-6557.0,33627.0,16.709186832784287
2022-10-22 01:00:00,125.47,38535.0,5185.0,294.0,,3039.0,416.0,27787.0,0.0,6530.0,-7440.12,32005.0,16.94563383936681
2022-10-22 02:00:00,113.94,37065.0,5563.0,294.0,,3021.0,382.0,27758.0,0.0,6224.0,-7848.26,30841.0,16.792121947929314
2022-10-22 03:00:00,115.0,34661.0,5294.0,294.0,,3107.0,442.0,27536.0,0.0,5872.0,-9470.46,28789.0,16.94123077810796
2022-10-22 04:00:00,106.0,33339.0,4811.0,330.0,,3086.0,491.0,27854.0,0.0,5510.0,-9607.43,27829.0,16.527190377635804
2022-10-22 05:00:00,103.22,33751.0,4910.0,510.0,,3083.0,429.0,28131.0,0.0,5052.0,-9602.7,28699.0,14.968445379396167
2022-10-22 06:00:00,120.0,35373.0,4747.0,472.0,,3215.0,493.0,29099.0,0.0,4664.0,-9211.42,30709.0,13.185197749696096
2022-10-22 07:00:00,118.81,37062.0,5555.0,517.0,,3310.0,622.0,29768.0,213.0,4226.0,-8982.21,32623.0,11.977227348766931
2022-10-22 08:00:00,127.28,38656.0,5766.0,517.0,,3325.0,754.0,29986.0,280.0,3700.0,-9480.119999999999,34676.0,10.295943708609272
2022-10-22 09:00:00,145.3,40285.0,5434.0,468.0,,3382.0,855.0,30025.0,1353.0,3492.0,-8577.060000000001,35440.0,12.026808985974927
2022-10-22 10:00:00,139.63,41512.0,5403.0,571.0,,3634.0,835.0,30034.0,3468.0,2776.0,-8495.74,35268.0,15.04143380227404
2022-10-22 11:00:00,129.38,42436.0,5570.0,592.0,,3632.0,640.0,29961.0,5307.0,2249.0,-7404.8,34880.0,17.80563672353662
2022-10-22 12:00:00,125.88,43712.0,5527.0,567.0,,3514.0,619.0,29255.0,6428.0,2328.0,-5589.04,34956.0,20.031112737920935
2022-10-22 13:00:00,117.74,42592.0,5132.0,564.0,,3394.0,490.0,28352.0,6849.0,2322.0,-4883.18,33421.0,21.532212622088657
2022-10-22 14:00:00,110.2,41297.0,5052.0,404.0,,3322.0,480.0,28268.0,6747.0,2493.0,-5804.18,32057.0,22.3745066227571
2022-10-22 15:00:00,109.26,39886.0,5140.0,334.0,,3270.0,555.0,28345.0,5865.0,2448.0,-7238.029999999999,31573.0,20.841899413327987
2022-10-22 16:00:00,99.25,38865.0,5249.0,312.0,,3328.0,838.0,28384.0,4268.0,2264.0,-8780.23,32333.0,16.806895664479608
2022-10-22 17:00:00,126.09,38721.0,5817.0,77.0,1031.0,3486.0,1086.0,28611.0,2121.0,2144.0,-9016.13,34456.0,11.014694868417655
2022-10-22 18:00:00,179.13,40752.0,5861.0,3.0,1768.0,3735.0,1531.0,29046.0,510.0,2427.0,-7191.4400000000005,37815.0,7.20700824499411
2022-10-22 19:00:00,183.41,43840.0,5930.0,8.0,2011.0,3813.0,1397.0,29691.0,196.0,3360.0,-4876.539999999999,40284.0,8.11131386861314
2022-10-22 20:00:00,164.64,41513.0,5241.0,13.0,579.0,3693.0,1115.0,29502.0,0.0,4467.0,-5463.82,37046.0,10.760484667453568
2022-10-22 21:00:00,143.0,39472.0,4227.0,14.0,,3548.0,816.0,29481.0,0.0,5415.0,-7026.38,34057.0,13.718585326307256
2022-10-22 22:00:00,137.01,39851.0,4351.0,14.0,,3616.0,657.0,29601.0,0.0,5971.0,-7344.849999999999,33880.0,14.983312840330228
2022-10-22 23:00:00,132.42,40521.0,4651.0,14.0,,3663.0,613.0,29729.0,0.0,6204.0,-7272.23,34317.0,15.31057969941512
2022-10-23 00:00:00,110.66,36935.0,4492.0,,,3128.0,586.0,28581.0,0.0,6295.0,-6740.9,30640.0,17.043454717747395
2022-10-23 01:00:00,99.15,35072.0,4857.0,,,3042.0,567.0,28128.0,0.0,6034.0,-7344.06,29038.0,17.204607664233578
2022-10-23 02:00:00,93.54,34303.0,4648.0,,,2773.0,399.0,28065.0,0.0,6153.0,-7181.700000000001,28150.0,17.93720665830977
2022-10-23 03:00:00,90.0,31925.0,4453.0,,,2592.0,335.0,28127.0,0.0,6335.0,-7871.459999999999,25590.0,19.843382928739235
2022-10-23 04:00:00,72.41,30393.0,4395.0,,,2425.0,421.0,27825.0,0.0,6893.0,-8544.24,23500.0,22.67956437337545
2022-10-23 05:00:00,70.85,30393.0,4090.0,,,2333.0,388.0,28058.0,0.0,7364.0,-8423.09,23029.0,24.2292633172112
2022-10-23 06:00:00,64.29,31134.0,4073.0,,,2369.0,418.0,28356.0,0.0,7613.0,-8460.26,23521.0,24.452367186998135
2022-10-23 07:00:00,104.29,32223.0,4207.0,,,2415.0,528.0,28856.0,200.0,8191.0,-9550.04,23832.0,26.04040592123638
2022-10-23 08:00:00,72.52,33360.0,4228.0,,,2379.0,462.0,29473.0,244.0,7950.0,-8647.23,25166.0,24.562350119904078
2022-10-23 09:00:00,103.63,35232.0,4681.0,,,2562.0,513.0,29694.0,687.0,7485.0,-7746.9400000000005,27060.0,23.19482288828338
2022-10-23 10:00:00,96.0,37482.0,4847.0,,,2690.0,561.0,29911.0,1732.0,8015.0,-7929.05,27735.0,26.00448215143269
2022-10-23 11:00:00,93.23,39191.0,4494.0,,,2836.0,374.0,29596.0,2937.0,8603.0,-6845.299999999999,27651.0,29.445535964889896
2022-10-23 12:00:00,83.47,40921.0,4074.0,,,2855.0,391.0,28980.0,4058.0,9294.0,-6003.299999999999,27569.0,32.628723638229765
2022-10-23 13:00:00,76.17,39772.0,4041.0,,,2769.0,417.0,28530.0,4625.0,9957.0,-6731.679999999999,25190.0,36.663984712863325
2022-10-23 14:00:00,78.31,38415.0,4210.0,,,2614.0,486.0,27762.0,4537.0,10090.0,-7410.6900000000005,23788.0,38.07627228947026
2022-10-23 15:00:00,72.93,36946.0,4193.0,,,2425.0,460.0,27182.0,4194.0,11085.0,-8897.96,21667.0,41.35495046825096
2022-10-23 16:00:00,86.44,35815.0,4109.0,0.0,,2404.0,551.0,27188.0,3191.0,11779.0,-8810.050000000001,20845.0,41.79812927544325
2022-10-23 17:00:00,59.3,36025.0,4106.0,0.0,,2389.0,677.0,27914.0,1730.0,12377.0,-9622.18,21918.0,39.1589174184594
2022-10-23 18:00:00,88.0,38366.0,4397.0,0.0,215.0,2583.0,1078.0,28643.0,529.0,12636.0,-10010.87,25201.0,34.31423656362404
2022-10-23 19:00:00,121.99,41661.0,4806.0,0.0,698.0,2692.0,938.0,28625.0,199.0,12522.0,-6416.59,28940.0,30.53455269916709
2022-10-23 20:00:00,106.81,40487.0,4813.0,0.0,393.0,2684.0,695.0,28594.0,0.0,12571.0,-7853.52,27916.0,31.04947267023983
2022-10-23 21:00:00,91.82,38757.0,4597.0,0.0,,2596.0,396.0,28553.0,0.0,12552.0,-8724.59,26205.0,32.3864076166886
2022-10-23 22:00:00,84.71,38932.0,4659.0,0.0,,2659.0,279.0,28851.0,0.0,12074.0,-8035.64,26858.0,31.01304839206822
2022-10-23 23:00:00,76.35,39521.0,4464.0,0.0,,2713.0,238.0,28997.0,0.0,12751.0,-8014.37,26770.0,32.26385972014878
