date,Demand,Gas,Coal,Hydro Pump,Hydro R-o-R,Hydro Res,Solar,Wind Onshore,Net Imports,Residual load,RES_pen
2022-04-04 00:00:00,23520.0,14478.0,2383.0,60.0,1669.0,219.0,0.0,348.0,1115.0,23172.0,1.4795918367346939
2022-04-04 01:00:00,22164.0,14114.0,2528.0,0.0,1423.0,152.0,0.0,347.0,602.01,21817.0,1.5656018769175237
2022-04-04 02:00:00,21535.0,14114.0,2549.0,0.0,1343.0,147.0,0.0,367.0,250.09000000000015,21168.0,1.7042024611098212
2022-04-04 03:00:00,21401.0,14522.0,2579.0,0.0,1256.0,152.0,0.0,342.0,60.82999999999993,21059.0,1.5980561655997383
2022-04-04 04:00:00,21823.0,14871.0,2596.0,0.0,1341.0,143.0,0.0,297.0,-220.64999999999998,21526.0,1.3609494569949137
2022-04-04 05:00:00,23874.0,15856.0,2561.0,79.0,1314.0,177.0,0.0,366.0,210.94000000000005,23508.0,1.5330485046494096
2022-04-04 06:00:00,29679.0,18374.0,2610.0,107.0,2153.0,445.0,3.0,455.0,1941.05,29221.0,1.5431786785269046
2022-04-04 07:00:00,34760.0,21640.0,2542.0,352.0,2995.0,663.0,304.0,528.0,2224.55,33928.0,2.3935558112773303
2022-04-04 08:00:00,39391.0,21877.0,2523.0,1066.0,4287.0,932.0,1582.0,550.0,2836.38,37259.0,5.412403848594857
2022-04-04 09:00:00,40759.0,21222.0,2474.0,1899.0,4076.0,754.0,3834.0,647.0,2267.43,36278.0,10.993890919796854
2022-04-04 10:00:00,40450.0,21148.0,2445.0,445.0,2909.0,631.0,5366.0,831.0,3233.85,34253.0,15.320148331273176
2022-04-04 11:00:00,40252.0,20907.0,2300.0,26.0,1938.0,328.0,6772.0,977.0,3682.06,32503.0,19.25121733081586
2022-04-04 12:00:00,38730.0,20499.0,2340.0,87.0,1561.0,173.0,7555.0,1049.0,2129.2200000000003,30126.0,22.215336948102244
2022-04-04 13:00:00,38406.0,20454.0,2451.0,81.0,1445.0,136.0,7292.0,1067.0,2082.62,30047.0,21.764828412227256
2022-04-04 14:00:00,39317.0,20262.0,2445.0,0.0,1362.0,134.0,7535.0,987.0,3585.87,30795.0,21.675102373019307
2022-04-04 15:00:00,38892.0,20131.0,2447.0,0.0,1411.0,151.0,6825.0,1001.0,3915.87,31066.0,20.122390208783298
2022-04-04 16:00:00,38237.0,19871.0,2481.0,0.0,1448.0,159.0,5490.0,1147.0,4434.0,31600.0,17.35753327928446
2022-04-04 17:00:00,37109.0,19772.0,2461.0,26.0,1547.0,180.0,3697.0,1277.0,4582.34,32135.0,13.403756501118327
2022-04-04 18:00:00,36756.0,21439.0,2396.0,26.0,1767.0,255.0,1594.0,1427.0,4248.33,33735.0,8.219066274893896
2022-04-04 19:00:00,38586.0,21842.0,2409.0,105.0,2826.0,357.0,128.0,1575.0,5584.9400000000005,36883.0,4.413517856217281
2022-04-04 20:00:00,39660.0,21953.0,2611.0,996.0,3126.0,492.0,0.0,1600.0,5024.18,38060.0,4.034291477559253
2022-04-04 21:00:00,36923.0,21804.0,2607.0,319.0,2297.0,343.0,0.0,1579.0,4258.05,35344.0,4.276467242640089
2022-04-04 22:00:00,33312.0,20686.0,2458.0,64.0,1620.0,300.0,0.0,1440.0,3209.0299999999997,31872.0,4.322766570605188
2022-04-04 23:00:00,30167.0,20007.0,2652.0,387.0,1533.0,219.0,0.0,1413.0,444.5899999999999,28754.0,4.683926144462492
2022-04-05 00:00:00,27492.0,17806.0,2692.0,21.0,1321.0,197.0,0.0,1478.0,610.92,26014.0,5.376109413647607
2022-04-05 01:00:00,25860.0,17035.0,2652.0,42.0,1279.0,199.0,0.0,1342.0,35.639999999999986,24518.0,5.189481825212684
2022-04-05 02:00:00,25069.0,16580.0,2665.0,0.0,1313.0,179.0,0.0,1182.0,284.13,23887.0,4.714986636882204
2022-04-05 03:00:00,24768.0,15818.0,2706.0,0.0,1424.0,156.0,0.0,1291.0,485.18,23477.0,5.212370801033591
2022-04-05 04:00:00,25226.0,15717.0,2741.0,0.0,1349.0,157.0,0.0,1312.0,1066.48,23914.0,5.20098311266154
2022-04-05 05:00:00,27296.0,17467.0,2788.0,0.0,1409.0,201.0,0.0,1340.0,1069.63,25956.0,4.909144196951934
2022-04-05 06:00:00,31904.0,20107.0,2818.0,98.0,1909.0,292.0,16.0,1279.0,1914.02,30609.0,4.059052156469408
2022-04-05 07:00:00,36937.0,21624.0,2810.0,223.0,3091.0,623.0,894.0,1129.0,3065.05,34914.0,5.4768930882313125
2022-04-05 08:00:00,40987.0,21215.0,2720.0,1179.0,3770.0,935.0,3907.0,960.0,2622.3,36120.0,11.874496791665651
2022-04-05 09:00:00,41622.0,20947.0,2703.0,622.0,3019.0,746.0,6891.0,807.0,2169.49,33924.0,18.495026668588725
2022-04-05 10:00:00,40534.0,20265.0,2738.0,190.0,2257.0,301.0,9076.0,706.0,1439.12,30752.0,24.13282676271772
2022-04-05 11:00:00,39544.0,19333.0,2780.0,158.0,1921.0,232.0,10535.0,602.0,495.55999999999995,28407.0,28.163564636860205
2022-04-05 12:00:00,37528.0,18614.0,2709.0,128.0,1601.0,363.0,11210.0,614.0,-972.23,25704.0,31.507141334470262
2022-04-05 13:00:00,36983.0,18099.0,2363.0,96.0,1458.0,283.0,11478.0,600.0,-499.99,24905.0,32.65824838439283
2022-04-05 14:00:00,37616.0,18275.0,2322.0,10.0,1399.0,311.0,11150.0,647.0,250.82000000000005,25819.0,31.36165461505742
2022-04-05 15:00:00,37739.0,18317.0,2252.0,9.0,1391.0,340.0,10208.0,655.0,1023.6300000000001,26876.0,28.784546490368058
2022-04-05 16:00:00,37543.0,19399.0,2629.0,8.0,1417.0,188.0,8312.0,689.0,1401.8,28542.0,23.975175132514718
2022-04-05 17:00:00,36617.0,20429.0,2694.0,8.0,1406.0,272.0,5336.0,604.0,2338.21,30677.0,16.221973400333177
2022-04-05 18:00:00,36482.0,21818.0,2806.0,1.0,1771.0,280.0,1904.0,585.0,3621.5299999999997,33993.0,6.822542623759663
2022-04-05 19:00:00,38431.0,22632.0,2910.0,33.0,2920.0,467.0,132.0,493.0,4892.68,37806.0,1.6262912752725665
2022-04-05 20:00:00,39760.0,23196.0,2701.0,256.0,3473.0,708.0,0.0,429.0,4963.65,39331.0,1.0789738430583502
2022-04-05 21:00:00,36896.0,22947.0,2672.0,24.0,2664.0,490.0,0.0,370.0,3849.8,36526.0,1.0028187337380745
2022-04-05 22:00:00,33319.0,21445.0,2635.0,218.0,1928.0,348.0,0.0,385.0,2514.39,32934.0,1.1554968636513703
2022-04-05 23:00:00,30237.0,20742.0,2536.0,155.0,1468.0,365.0,0.0,462.0,722.46,29775.0,1.5279293580712372
2022-04-06 00:00:00,27455.0,18279.0,2454.0,136.0,1274.0,154.0,0.0,572.0,1094.25,26883.0,2.0834092150792207
2022-04-06 01:00:00,25698.0,16833.0,2393.0,2.0,1231.0,153.0,0.0,518.0,1286.62,25180.0,2.0157210677873767
2022-04-06 02:00:00,24948.0,16151.0,2396.0,0.0,1224.0,153.0,0.0,400.0,1614.4,24548.0,1.60333493666827
2022-04-06 03:00:00,24700.0,14852.0,2462.0,0.0,1220.0,135.0,0.0,469.0,2341.93,24231.0,1.8987854251012146
2022-04-06 04:00:00,25022.0,14868.0,2576.0,0.0,1242.0,136.0,0.0,493.0,2360.2,24529.0,1.9702661657741187
2022-04-06 05:00:00,27022.0,17053.0,2715.0,0.0,1252.0,156.0,0.0,574.0,1791.23,26448.0,2.1241951002886537
2022-04-06 06:00:00,31494.0,19802.0,2772.0,43.0,1658.0,255.0,22.0,743.0,2710.79,30729.0,2.4290341017336634
2022-04-06 07:00:00,36343.0,21132.0,2767.0,475.0,2853.0,440.0,761.0,894.0,3450.54,34688.0,4.553834300965798
2022-04-06 08:00:00,40071.0,21326.0,2776.0,1017.0,3365.0,578.0,3138.0,988.0,3166.59,35945.0,10.296723316113898
2022-04-06 09:00:00,40554.0,21070.0,2720.0,434.0,2853.0,419.0,5622.0,1148.0,2679.7799999999997,33784.0,16.693790994723084
2022-04-06 10:00:00,39692.0,20211.0,2675.0,263.0,2110.0,303.0,7388.0,1422.0,1894.3200000000002,30882.0,22.19590849541469
2022-04-06 11:00:00,38764.0,20041.0,2622.0,297.0,1718.0,258.0,7944.0,1656.0,1022.11,29164.0,24.765246104633164
2022-04-06 12:00:00,36882.0,19623.0,2651.0,,1657.0,292.0,8188.0,1753.0,-378.28999999999996,26941.0,26.95352746597256
2022-04-06 13:00:00,36576.0,18683.0,2627.0,,1635.0,257.0,8452.0,2018.0,205.46000000000004,26106.0,28.625328083989498
2022-04-06 14:00:00,37640.0,18452.0,2643.0,0.0,1408.0,252.0,7830.0,2343.0,2082.26,27467.0,27.027098831030816
2022-04-06 15:00:00,37670.0,18131.0,2629.0,0.0,1431.0,171.0,6182.0,2450.0,4006.63,29038.0,22.91478630209716
2022-04-06 16:00:00,37627.0,18488.0,2691.0,0.0,1465.0,196.0,4269.0,2540.0,5135.13,30818.0,18.09604805060196
2022-04-06 17:00:00,36980.0,19877.0,2675.0,41.0,1470.0,198.0,2239.0,2261.0,5015.9,32480.0,12.168739859383452
2022-04-06 18:00:00,37508.0,21122.0,2678.0,286.0,1745.0,246.0,838.0,1996.0,5051.97,34674.0,7.5557214460915
2022-04-06 19:00:00,39602.0,21464.0,2717.0,1268.0,2881.0,402.0,71.0,1591.0,5384.360000000001,37940.0,4.196757739508106
2022-04-06 20:00:00,39993.0,21397.0,2767.0,1263.0,3355.0,588.0,0.0,1621.0,5074.95,38372.0,4.053209311629535
2022-04-06 21:00:00,36887.0,21067.0,2703.0,192.0,2068.0,386.0,0.0,1794.0,4907.93,35093.0,4.863502046791552
2022-04-06 22:00:00,33110.0,18821.0,2685.0,151.0,1580.0,275.0,0.0,2129.0,3933.59,30981.0,6.430081546360617
2022-04-06 23:00:00,29817.0,17213.0,2696.0,0.0,1554.0,203.0,0.0,2926.0,2040.37,26891.0,9.813193815608546
2022-04-07 00:00:00,27408.0,11938.0,2733.0,0.0,1383.0,153.0,0.0,3298.0,5222.05,24110.0,12.03298307063631
2022-04-07 01:00:00,25709.0,10404.0,2487.0,0.0,1344.0,133.0,0.0,3548.0,5140.22,22161.0,13.800614570772881
2022-04-07 02:00:00,25020.0,9954.0,2463.0,0.0,1352.0,134.0,0.0,3876.0,5228.24,21144.0,15.491606714628297
2022-04-07 03:00:00,24783.0,9853.0,2430.0,0.0,1305.0,134.0,0.0,3915.0,5128.8099999999995,20868.0,15.797118992858008
2022-04-07 04:00:00,25062.0,9836.0,2491.0,0.0,1311.0,134.0,0.0,4158.0,4961.28,20904.0,16.590854680392628
2022-04-07 05:00:00,26749.0,10641.0,2607.0,0.0,1368.0,137.0,0.0,4155.0,4992.360000000001,22594.0,15.533290964148192
2022-04-07 06:00:00,31297.0,13487.0,2748.0,7.0,1618.0,218.0,14.0,4362.0,5462.42,26921.0,13.982170815094097
2022-04-07 07:00:00,36020.0,16127.0,2769.0,639.0,2475.0,274.0,579.0,4335.0,5400.76,31106.0,13.642420877290395
2022-04-07 08:00:00,40297.0,15938.0,2737.0,1882.0,3693.0,833.0,2581.0,3968.0,5176.24,33748.0,16.251830161054173
2022-04-07 09:00:00,41283.0,15707.0,2637.0,1271.0,3260.0,816.0,5239.0,3932.0,5065.85,32112.0,22.214955308480487
2022-04-07 10:00:00,40308.0,15527.0,2464.0,213.0,2431.0,274.0,7095.0,3993.0,4946.23,29220.0,27.508186960404885
2022-04-07 11:00:00,39588.0,14132.0,2030.0,203.0,1939.0,215.0,8839.0,4439.0,4466.28,26310.0,33.540466808123675
2022-04-07 12:00:00,37565.0,11370.0,1864.0,0.0,1654.0,158.0,9521.0,5225.0,4768.72,22819.0,39.25462531611873
2022-04-07 13:00:00,37360.0,10050.0,1604.0,0.0,1438.0,149.0,10029.0,5447.0,5987.2,21884.0,41.42398286937902
2022-04-07 14:00:00,37658.0,10664.0,1520.0,,1406.0,129.0,9426.0,6212.0,5802.639999999999,22020.0,41.526368899038715
2022-04-07 15:00:00,37758.0,10820.0,1488.0,,1441.0,129.0,8766.0,6682.0,6242.0599999999995,22310.0,40.91318396101488
2022-04-07 16:00:00,38025.0,11516.0,1526.0,,1520.0,214.0,7692.0,6927.0,6349.84,23406.0,38.44575936883629
2022-04-07 17:00:00,37003.0,12076.0,2081.0,0.0,1506.0,223.0,4889.0,6950.0,6051.860000000001,25164.0,31.994703132178472
2022-04-07 18:00:00,36551.0,13354.0,2567.0,0.0,1598.0,292.0,1836.0,6634.0,6605.28,28081.0,23.17310059916281
2022-04-07 19:00:00,37938.0,15456.0,2813.0,549.0,2416.0,377.0,139.0,6418.0,6065.51,31381.0,17.28346249143339
2022-04-07 20:00:00,38937.0,16223.0,2779.0,648.0,2687.0,546.0,0.0,6233.0,6009.41,32704.0,16.007910213935332
2022-04-07 21:00:00,36387.0,16032.0,2682.0,590.0,2041.0,301.0,0.0,6610.0,4433.49,29777.0,18.16582845521752
2022-04-07 22:00:00,33121.0,13598.0,2673.0,2.0,1585.0,217.0,0.0,6806.0,4544.12,26315.0,20.548896470517196
2022-04-07 23:00:00,30034.0,11542.0,2359.0,0.0,1441.0,163.0,0.0,6792.0,4532.0599999999995,23242.0,22.614370380235734
2022-04-08 00:00:00,27680.0,7964.0,1917.0,0.0,1582.0,134.0,0.0,6661.0,6069.12,21019.0,24.064306358381504
2022-04-08 01:00:00,26159.0,7294.0,1455.0,0.0,1344.0,134.0,0.0,6482.0,6283.0,19677.0,24.77923468022478
2022-04-08 02:00:00,25267.0,7242.0,1233.0,0.0,1274.0,133.0,0.0,6367.0,5956.18,18900.0,25.19887600427435
2022-04-08 03:00:00,24986.0,7183.0,1234.0,0.0,1250.0,134.0,0.0,6196.0,5921.4400000000005,18790.0,24.797886816617307
2022-04-08 04:00:00,25228.0,7442.0,1696.0,0.0,1278.0,134.0,0.0,5914.0,5587.42,19314.0,23.44220707150785
2022-04-08 05:00:00,26645.0,8078.0,1936.0,0.0,1310.0,135.0,0.0,5897.0,5705.34,20748.0,22.131732032276226
2022-04-08 06:00:00,30649.0,10950.0,2080.0,22.0,1762.0,283.0,31.0,5793.0,6180.04,24825.0,19.002251296942806
2022-04-08 07:00:00,35180.0,13262.0,2117.0,210.0,2439.0,392.0,921.0,5708.0,6692.55,28551.0,18.843092666287664
2022-04-08 08:00:00,38886.0,13652.0,2083.0,630.0,3005.0,505.0,3714.0,5390.0,6439.139999999999,29782.0,23.412024893277785
2022-04-08 09:00:00,39777.0,13364.0,2075.0,433.0,2940.0,595.0,6350.0,5371.0,5327.45,28056.0,29.466777283354702
2022-04-08 10:00:00,39170.0,12654.0,1989.0,321.0,2505.0,406.0,8355.0,5143.0,4517.32,25672.0,34.46004595353587
2022-04-08 11:00:00,38327.0,11532.0,1714.0,18.0,2150.0,329.0,9910.0,5323.0,4408.79,23094.0,39.74482740626713
2022-04-08 12:00:00,36280.0,10762.0,1362.0,,1591.0,190.0,10403.0,5526.0,3626.29,20351.0,43.905733186328554
2022-04-08 13:00:00,35582.0,10510.0,1237.0,0.0,1382.0,187.0,10070.0,5796.0,4015.43,19716.0,44.589961216345344
2022-04-08 14:00:00,36145.0,10549.0,1233.0,0.0,1460.0,153.0,9449.0,5907.0,4933.71,20789.0,42.48443768156038
2022-04-08 15:00:00,35999.0,10054.0,1248.0,,1455.0,149.0,8304.0,5984.0,5492.860000000001,21711.0,39.68999138864969
2022-04-08 16:00:00,35986.0,10158.0,1563.0,4.0,1479.0,184.0,6797.0,6627.0,5769.139999999999,22562.0,37.30339576501973
2022-04-08 17:00:00,35635.0,11771.0,1794.0,0.0,1501.0,211.0,4289.0,6648.0,5873.98,24698.0,30.691735653149994
2022-04-08 18:00:00,35138.0,13315.0,1932.0,16.0,1841.0,269.0,1430.0,6438.0,6301.85,27270.0,22.39171267573567
2022-04-08 19:00:00,36963.0,15009.0,1941.0,255.0,2453.0,383.0,120.0,6239.0,6737.42,30604.0,17.20369017666315
2022-04-08 20:00:00,37678.0,15097.0,1936.0,811.0,2932.0,567.0,0.0,5869.0,6594.35,31809.0,15.576729125749775
2022-04-08 21:00:00,34972.0,14454.0,1984.0,180.0,1854.0,310.0,0.0,5791.0,6627.09,29181.0,16.558961454878187
2022-04-08 22:00:00,32057.0,12527.0,1963.0,91.0,1614.0,254.0,0.0,5543.0,6166.48,26514.0,17.291075272171444
2022-04-08 23:00:00,29116.0,11345.0,2025.0,11.0,1462.0,171.0,0.0,5696.0,4702.53,23420.0,19.5631268031323
2022-04-09 00:00:00,27066.0,7586.0,2014.0,0.0,1472.0,152.0,0.0,5884.0,6132.9400000000005,21182.0,21.73945171063327
2022-04-09 01:00:00,25501.0,6815.0,1882.0,0.0,1410.0,132.0,0.0,5939.0,5580.07,19562.0,23.289282773224578
2022-04-09 02:00:00,24587.0,6547.0,1897.0,0.0,1413.0,132.0,0.0,6055.0,4822.84,18532.0,24.62683531947777
2022-04-09 03:00:00,24275.0,6668.0,1904.0,0.0,1399.0,132.0,0.0,5975.0,4419.03,18300.0,24.613800205973224
2022-04-09 04:00:00,24181.0,7001.0,1908.0,0.0,1385.0,133.0,0.0,5758.0,4192.5599999999995,18423.0,23.812083867499275
2022-04-09 05:00:00,24848.0,6949.0,1871.0,0.0,1572.0,133.0,0.0,5609.0,4799.72,19239.0,22.573245331616228
2022-04-09 06:00:00,26505.0,8076.0,1876.0,0.0,1842.0,156.0,14.0,5612.0,5159.43,20879.0,21.226183738917186
2022-04-09 07:00:00,28541.0,8906.0,1840.0,61.0,2303.0,246.0,683.0,5605.0,5264.84,22253.0,22.031463508636698
2022-04-09 08:00:00,30601.0,8832.0,1799.0,179.0,2575.0,348.0,2658.0,5320.0,5471.3,22623.0,26.071043429953267
2022-04-09 09:00:00,31508.0,8649.0,1805.0,228.0,2336.0,276.0,5052.0,5421.0,4373.79,21035.0,33.239177351783674
2022-04-09 10:00:00,30985.0,7931.0,1823.0,90.0,1742.0,216.0,6955.0,5714.0,3185.91,18316.0,40.88752622236566
2022-04-09 11:00:00,30071.0,6424.0,1400.0,85.0,1479.0,167.0,8499.0,6214.0,2587.42,15358.0,48.92753815968874
2022-04-09 12:00:00,29122.0,6001.0,1249.0,85.0,1548.0,70.0,9179.0,6306.0,1642.6999999999998,13637.0,53.172859006936335
2022-04-09 13:00:00,28622.0,5950.0,1150.0,37.0,1390.0,52.0,9664.0,6144.0,1661.98,12814.0,55.23024247082664
2022-04-09 14:00:00,28293.0,5654.0,1201.0,,1437.0,52.0,8579.0,6658.0,2657.81,13056.0,53.85431025341957
2022-04-09 15:00:00,27808.0,5546.0,1275.0,,1488.0,56.0,6635.0,6831.0,3388.57,14342.0,48.42491369390103
2022-04-09 16:00:00,28254.0,6058.0,1497.0,0.0,1561.0,200.0,5311.0,6706.0,4059.38,16237.0,42.53203086288667
2022-04-09 17:00:00,28696.0,7103.0,1618.0,2.0,1597.0,318.0,3300.0,6651.0,4440.2,18745.0,34.67730694173404
2022-04-09 18:00:00,29547.0,8304.0,1769.0,3.0,2062.0,320.0,1226.0,6650.0,5609.03,21671.0,26.655836463938808
2022-04-09 19:00:00,31804.0,9770.0,1767.0,416.0,2639.0,434.0,113.0,6327.0,6496.72,25364.0,20.249025279839014
2022-04-09 20:00:00,33142.0,10399.0,1944.0,484.0,3482.0,568.0,0.0,6274.0,5996.610000000001,26868.0,18.93066199987931
2022-04-09 21:00:00,31038.0,10436.0,2009.0,687.0,3069.0,465.0,0.0,6013.0,4370.37,25025.0,19.37302661253947
2022-04-09 22:00:00,28549.0,10372.0,2006.0,696.0,2209.0,452.0,0.0,5890.0,3066.56,22659.0,20.631195488458438
2022-04-09 23:00:00,26301.0,9785.0,1973.0,589.0,1900.0,190.0,0.0,5789.0,2233.5299999999997,20512.0,22.01056994030645
2022-04-10 00:00:00,24385.0,8043.0,2015.0,704.0,1812.0,256.0,0.0,5936.0,1862.67,18449.0,24.34283370924749
2022-04-10 01:00:00,22673.0,7227.0,1972.0,409.0,1610.0,165.0,0.0,5799.0,1790.62,16874.0,25.576677104926564
2022-04-10 02:00:00,21862.0,7087.0,1996.0,465.0,1594.0,189.0,0.0,5421.0,1490.99,16441.0,24.79645046198884
2022-04-10 03:00:00,21418.0,6899.0,1979.0,521.0,1536.0,91.0,0.0,5112.0,1728.17,16306.0,23.867774768885983
2022-04-10 04:00:00,21488.0,6775.0,2016.0,520.0,1512.0,100.0,0.0,5238.0,1781.45,16250.0,24.37639612807148
2022-04-10 05:00:00,21942.0,6757.0,2027.0,421.0,1631.0,153.0,0.0,5337.0,2035.48,16605.0,24.323215750615258
2022-04-10 06:00:00,22580.0,6503.0,2135.0,401.0,1713.0,152.0,26.0,5394.0,2726.31,17160.0,24.00354295837024
2022-04-10 07:00:00,23421.0,6539.0,2168.0,350.0,1834.0,142.0,877.0,5638.0,2418.56,16906.0,27.81691644250886
2022-04-10 08:00:00,25801.0,6251.0,1951.0,2.0,1992.0,206.0,4107.0,6112.0,1941.88,15582.0,39.60699197705515
2022-04-10 09:00:00,27385.0,6110.0,1410.0,,1927.0,185.0,7449.0,5936.0,1748.37,14000.0,48.87712251232427
2022-04-10 10:00:00,27588.0,4404.0,1188.0,,1613.0,121.0,10088.0,5605.0,2145.9700000000003,11895.0,56.88342757720748
2022-04-10 11:00:00,27378.0,4141.0,1162.0,,1475.0,104.0,11556.0,5010.0,1724.35,10812.0,60.50843743151435
2022-04-10 12:00:00,27314.0,3916.0,1193.0,,1460.0,196.0,12311.0,5119.0,1010.31,9884.0,63.81342901076371
2022-04-10 13:00:00,25204.0,3487.0,1331.0,,1392.0,104.0,12012.0,4875.0,809.97,8317.0,67.00126963973972
2022-04-10 14:00:00,24385.0,3325.0,1446.0,,1359.0,101.0,11748.0,4207.0,1435.83,8430.0,65.42956735698175
2022-04-10 15:00:00,24152.0,3724.0,1562.0,,1426.0,218.0,10676.0,3810.0,2156.4700000000003,9666.0,59.97846969195098
2022-04-10 16:00:00,24376.0,3995.0,1635.0,,1475.0,277.0,8860.0,4579.0,2564.73,10937.0,55.132097144732526
2022-04-10 17:00:00,24990.0,4761.0,1792.0,,1524.0,161.0,6022.0,5509.0,3788.16,13459.0,46.14245698279312
2022-04-10 18:00:00,26133.0,6185.0,1936.0,0.0,1773.0,215.0,2258.0,5605.0,5289.26,18270.0,30.088393984617152
2022-04-10 19:00:00,28552.0,8450.0,2711.0,311.0,2719.0,304.0,154.0,5417.0,4721.3099999999995,22981.0,19.511768002241524
2022-04-10 20:00:00,30584.0,8984.0,3045.0,461.0,2861.0,471.0,0.0,4904.0,5937.01,25680.0,16.034527857703374
2022-04-10 21:00:00,29445.0,9421.0,3137.0,402.0,2345.0,267.0,0.0,4400.0,5753.6900000000005,25045.0,14.943114280862627
2022-04-10 22:00:00,27469.0,9576.0,3141.0,262.0,1791.0,241.0,0.0,4024.0,4607.22,23445.0,14.64924096253959
2022-04-10 23:00:00,24948.0,7509.0,3022.0,29.0,1502.0,254.0,0.0,3735.0,5161.389999999999,21213.0,14.971139971139971
2022-04-11 00:00:00,22629.0,7392.0,2873.0,10.0,1374.0,146.0,0.0,3485.0,4051.62,19144.0,15.400592160502011
2022-04-11 01:00:00,21326.0,6302.0,2383.0,10.0,1335.0,145.0,0.0,3082.0,5249.34,18244.0,14.451842820969707
2022-04-11 02:00:00,20857.0,5886.0,2320.0,10.0,1298.0,141.0,0.0,3057.0,5606.360000000001,17800.0,14.656949705134966
2022-04-11 03:00:00,20789.0,5621.0,2155.0,0.0,1277.0,139.0,0.0,2670.0,6469.82,18119.0,12.84333060753283
2022-04-11 04:00:00,21313.0,6447.0,2339.0,0.0,1279.0,139.0,0.0,2364.0,6268.110000000001,18949.0,11.09182189274152
2022-04-11 05:00:00,23420.0,8785.0,2681.0,5.0,1338.0,140.0,0.0,1967.0,5679.9400000000005,21453.0,8.398804440649018
2022-04-11 06:00:00,28976.0,13071.0,3046.0,1390.0,1926.0,572.0,55.0,1798.0,3555.16,27123.0,6.3949475427940365
2022-04-11 07:00:00,34162.0,14901.0,3141.0,2609.0,3352.0,711.0,1311.0,1560.0,3050.42,31291.0,8.404074702886248
2022-04-11 08:00:00,38598.0,15636.0,3134.0,2484.0,3438.0,641.0,4808.0,1361.0,3363.0299999999997,32429.0,15.982693403803305
2022-04-11 09:00:00,38817.0,15062.0,3113.0,262.0,2001.0,305.0,8029.0,1287.0,5117.47,29501.0,23.999793904732464
2022-04-11 10:00:00,38114.0,12161.0,2765.0,66.0,1618.0,209.0,10215.0,1090.0,6406.68,26809.0,29.66101694915254
2022-04-11 11:00:00,37543.0,12610.0,2390.0,0.0,1439.0,205.0,11582.0,1025.0,5722.77,24936.0,33.580161414910904
2022-04-11 12:00:00,35673.0,11164.0,2110.0,0.0,1339.0,148.0,12118.0,1140.0,5447.1,22415.0,37.16536315981274
2022-04-11 13:00:00,35452.0,10059.0,2014.0,0.0,1306.0,148.0,12185.0,1193.0,6367.27,22074.0,37.735529730339614
2022-04-11 14:00:00,36210.0,10139.0,2158.0,0.0,1308.0,148.0,11742.0,1238.0,6287.47,23230.0,35.846451256558964
2022-04-11 15:00:00,36432.0,10702.0,2300.0,0.0,1296.0,148.0,10779.0,1298.0,6805.79,24355.0,33.14942907334212
2022-04-11 16:00:00,36441.0,11623.0,2573.0,4.0,1373.0,175.0,8902.0,1310.0,6854.57,26229.0,28.02338025850004
2022-04-11 17:00:00,35451.0,14178.0,3050.0,0.0,1455.0,255.0,5863.0,1241.0,5794.27,28347.0,20.03892696962004
2022-04-11 18:00:00,35190.0,17248.0,3235.0,714.0,1672.0,400.0,2083.0,1220.0,4878.97,31887.0,9.38618925831202
2022-04-11 19:00:00,36863.0,18528.0,3284.0,1039.0,2731.0,512.0,177.0,1195.0,5480.3,35491.0,3.7218891571494455
2022-04-11 20:00:00,38502.0,18864.0,3335.0,1007.0,3288.0,584.0,0.0,1014.0,6454.51,37488.0,2.6336294218482155
2022-04-11 21:00:00,36058.0,18408.0,3411.0,472.0,2812.0,399.0,0.0,920.0,5785.15,35138.0,2.5514448943369015
2022-04-11 22:00:00,32522.0,16765.0,3404.0,37.0,1430.0,270.0,0.0,969.0,5854.05,31553.0,2.979521554639936
2022-04-11 23:00:00,29321.0,14868.0,3313.0,0.0,1299.0,181.0,0.0,994.0,4967.77,28327.0,3.390061730500324
2022-04-12 00:00:00,26804.0,11890.0,3350.0,6.0,1211.0,61.0,0.0,1117.0,5715.0599999999995,25687.0,4.167288464408298
2022-04-12 01:00:00,25208.0,10718.0,3057.0,10.0,1194.0,60.0,0.0,1191.0,6057.51,24017.0,4.724690574420818
2022-04-12 02:00:00,24361.0,10512.0,2698.0,10.0,1193.0,60.0,0.0,1249.0,6048.0,23112.0,5.127047329748368
2022-04-12 03:00:00,24284.0,10797.0,3002.0,10.0,1203.0,60.0,0.0,1258.0,5353.15,23026.0,5.180365672871027
2022-04-12 04:00:00,24640.0,10514.0,3209.0,3.0,1195.0,60.0,0.0,1127.0,5091.03,23513.0,4.573863636363637
2022-04-12 05:00:00,26240.0,11921.0,3336.0,0.0,1219.0,61.0,0.0,1124.0,5121.110000000001,25116.0,4.283536585365854
2022-04-12 06:00:00,31032.0,14515.0,3354.0,68.0,2490.0,342.0,42.0,1165.0,5417.34,29825.0,3.889533384893014
2022-04-12 07:00:00,35899.0,15772.0,3394.0,76.0,2870.0,451.0,1224.0,1211.0,7004.96,33464.0,6.782918744254715
2022-04-12 08:00:00,39626.0,15874.0,3390.0,765.0,2768.0,510.0,4139.0,1101.0,6861.4400000000005,34386.0,13.223641043759148
2022-04-12 09:00:00,39856.0,15457.0,3237.0,636.0,1683.0,287.0,6864.0,1040.0,6320.29,31952.0,19.83139301485347
2022-04-12 10:00:00,39502.0,14108.0,3155.0,286.0,1491.0,206.0,9448.0,1127.0,5404.59,28927.0,26.770796415371372
2022-04-12 11:00:00,38995.0,12373.0,2998.0,166.0,1376.0,130.0,11147.0,1289.0,5257.5,26559.0,31.891268111296323
2022-04-12 12:00:00,36842.0,12650.0,2852.0,0.0,1351.0,126.0,11589.0,1354.0,3149.14,23899.0,35.1311003745725
2022-04-12 13:00:00,36562.0,12133.0,2740.0,0.0,1204.0,127.0,11874.0,1474.0,3298.04,23214.0,36.50784967999562
2022-04-12 14:00:00,37155.0,11735.0,2785.0,0.0,1253.0,126.0,11355.0,1685.0,3651.46,24115.0,35.09621854393756
2022-04-12 15:00:00,37013.0,11793.0,2958.0,0.0,1251.0,126.0,9977.0,1864.0,5137.04,25172.0,31.991462459135978
2022-04-12 16:00:00,36642.0,12804.0,3173.0,49.0,1374.0,130.0,7618.0,1943.0,5746.88,27081.0,26.0930080235795
2022-04-12 17:00:00,35702.0,14881.0,3279.0,0.0,1550.0,201.0,4372.0,1827.0,5851.68,29503.0,17.36317293148843
2022-04-12 18:00:00,35656.0,17602.0,3293.0,13.0,1855.0,358.0,1625.0,1567.0,5471.0599999999995,32464.0,8.952210006730985
2022-04-12 19:00:00,37415.0,18824.0,3441.0,465.0,2714.0,333.0,167.0,1384.0,6014.54,35864.0,4.145396231457972
2022-04-12 20:00:00,38565.0,19334.0,3418.0,783.0,2973.0,683.0,0.0,1393.0,5768.45,37172.0,3.6120834953973806
2022-04-12 21:00:00,35798.0,19054.0,3430.0,32.0,1796.0,372.0,0.0,1410.0,5637.37,34388.0,3.93876752891223
2022-04-12 22:00:00,32333.0,17141.0,3424.0,0.0,1343.0,221.0,0.0,1416.0,5106.4400000000005,30917.0,4.379426592026722
2022-04-12 23:00:00,29477.0,15844.0,3460.0,0.0,1237.0,171.0,0.0,1439.0,3675.2,28038.0,4.881772229195644
2022-04-13 00:00:00,26871.0,12689.0,3110.0,0.0,1178.0,24.0,0.0,1419.0,4905.54,25452.0,5.280785977447806
2022-04-13 01:00:00,25468.0,10402.0,2703.0,1.0,1112.0,19.0,0.0,1490.0,6219.389999999999,23978.0,5.8504790325113865
2022-04-13 02:00:00,24748.0,10646.0,2402.0,0.0,1069.0,19.0,0.0,1477.0,6476.92,23271.0,5.968159043155002
2022-04-13 03:00:00,24626.0,10643.0,2362.0,0.0,1075.0,19.0,0.0,1425.0,6439.18,23201.0,5.786567042962722
2022-04-13 04:00:00,25036.0,11057.0,2285.0,0.0,1102.0,20.0,0.0,1383.0,6492.139999999999,23653.0,5.524045374660489
2022-04-13 05:00:00,26645.0,11585.0,2830.0,0.0,1225.0,19.0,0.0,1398.0,5968.15,25247.0,5.246762994933383
2022-04-13 06:00:00,30809.0,13790.0,3441.0,31.0,1861.0,181.0,56.0,1519.0,6175.3099999999995,29234.0,5.112142555746697
2022-04-13 07:00:00,35285.0,14651.0,3489.0,1658.0,2445.0,254.0,1151.0,1640.0,6301.33,32494.0,7.90987671815219
2022-04-13 08:00:00,38769.0,14269.0,3476.0,1730.0,3328.0,445.0,3758.0,1573.0,6338.78,33438.0,13.750677087363616
2022-04-13 09:00:00,39584.0,14535.0,3472.0,151.0,2088.0,285.0,6818.0,1669.0,6747.0,31097.0,21.440481002425223
2022-04-13 10:00:00,38912.0,13508.0,3396.0,109.0,1618.0,187.0,8875.0,1857.0,5539.37,28180.0,27.580180921052634
2022-04-13 11:00:00,38020.0,12167.0,2966.0,151.0,1453.0,130.0,10324.0,1980.0,5038.58,25716.0,32.36191478169385
2022-04-13 12:00:00,36351.0,10849.0,2648.0,101.0,1327.0,152.0,11190.0,2092.0,4186.1,23069.0,36.53819702346565
2022-04-13 13:00:00,35900.0,9816.0,2669.0,0.0,1181.0,138.0,11097.0,2385.0,5736.26,22418.0,37.55431754874652
2022-04-13 14:00:00,36329.0,10354.0,2626.0,0.0,1242.0,134.0,10033.0,2504.0,6745.98,23792.0,34.509620413443805
2022-04-13 15:00:00,36744.0,11911.0,2602.0,53.0,1268.0,142.0,8738.0,2548.0,6790.83,25458.0,30.715218811234486
2022-04-13 16:00:00,36532.0,12038.0,3015.0,52.0,1322.0,121.0,6743.0,2566.0,6925.91,27223.0,25.481769407642613
2022-04-13 17:00:00,35765.0,13719.0,3342.0,17.0,1438.0,184.0,4169.0,2532.0,6419.35,29064.0,18.7361946036628
2022-04-13 18:00:00,35962.0,15888.0,3414.0,1307.0,2214.0,387.0,1621.0,2275.0,4752.8099999999995,32066.0,10.83365774984706
2022-04-13 19:00:00,37707.0,16734.0,3544.0,1746.0,3201.0,563.0,207.0,2294.0,5008.5,35206.0,6.632720714986608
2022-04-13 20:00:00,38614.0,16826.0,3537.0,1653.0,3297.0,646.0,0.0,2439.0,5874.66,36175.0,6.316361941264827
2022-04-13 21:00:00,36124.0,16518.0,3430.0,971.0,1978.0,295.0,0.0,2514.0,6289.85,33610.0,6.959362196877422
2022-04-13 22:00:00,32610.0,14776.0,3482.0,1.0,1424.0,204.0,0.0,2539.0,6219.65,30071.0,7.785955228457528
2022-04-13 23:00:00,29635.0,12505.0,3217.0,0.0,1260.0,146.0,0.0,2538.0,6184.13,27097.0,8.564197739159777
2022-04-14 00:00:00,27161.0,10591.0,3068.0,0.0,1196.0,20.0,0.0,2536.0,6033.71,24625.0,9.336916902912265
2022-04-14 01:00:00,25786.0,9473.0,2788.0,0.0,1108.0,19.0,0.0,2612.0,6037.389999999999,23174.0,10.12952765066315
2022-04-14 02:00:00,24851.0,9043.0,2433.0,0.0,1129.0,19.0,0.0,2643.0,5896.09,22208.0,10.63538690595952
2022-04-14 03:00:00,24506.0,9214.0,2571.0,0.0,1074.0,20.0,0.0,2747.0,5214.0599999999995,21759.0,11.209499714355669
2022-04-14 04:00:00,24807.0,9066.0,2738.0,0.0,1118.0,19.0,0.0,2687.0,5460.4400000000005,22120.0,10.831620107227799
2022-04-14 05:00:00,26450.0,10296.0,2875.0,1.0,1137.0,19.0,0.0,2767.0,5584.34,23683.0,10.46124763705104
2022-04-14 06:00:00,30050.0,12602.0,3335.0,124.0,1551.0,75.0,55.0,2913.0,5503.77,27082.0,9.876871880199667
2022-04-14 07:00:00,34380.0,13740.0,3452.0,231.0,2562.0,373.0,1243.0,2994.0,5855.38,30143.0,12.324025596276906
2022-04-14 08:00:00,38650.0,13735.0,3510.0,111.0,3351.0,546.0,4216.0,3051.0,6050.34,31383.0,18.802069857697283
2022-04-14 09:00:00,38967.0,13290.0,3363.0,66.0,2121.0,312.0,7022.0,3005.0,5760.2,28940.0,25.732029666127747
2022-04-14 10:00:00,38504.0,11390.0,3083.0,8.0,1773.0,145.0,9060.0,3191.0,5741.34,26253.0,31.81747350924579
2022-04-14 11:00:00,37988.0,9969.0,2629.0,7.0,1528.0,78.0,10466.0,3409.0,5903.0599999999995,24113.0,36.52469200800253
2022-04-14 12:00:00,35992.0,8587.0,2526.0,0.0,1363.0,69.0,10855.0,3548.0,5350.05,21589.0,40.01722605023338
2022-04-14 13:00:00,35012.0,8311.0,2603.0,0.0,1290.0,73.0,10310.0,3557.0,5899.75,21145.0,39.60642065577517
2022-04-14 14:00:00,35467.0,8384.0,2660.0,0.0,1282.0,75.0,9413.0,3480.0,6746.4,22574.0,36.35210195392901
2022-04-14 15:00:00,36044.0,9608.0,2808.0,0.0,1307.0,80.0,8653.0,3350.0,6333.46,24041.0,33.300965486627454
2022-04-14 16:00:00,36054.0,10261.0,3329.0,0.0,1382.0,118.0,6688.0,3279.0,7080.93,26087.0,27.64464414489377
2022-04-14 17:00:00,35304.0,11695.0,3834.0,39.0,1635.0,173.0,4206.0,3015.0,6743.139999999999,28083.0,20.4537729435758
2022-04-14 18:00:00,35283.0,14261.0,3828.0,126.0,1819.0,261.0,1633.0,2692.0,6558.5599999999995,30958.0,12.25802794546949
2022-04-14 19:00:00,37016.0,14890.0,3887.0,930.0,3269.0,488.0,171.0,2511.0,6492.01,34334.0,7.245515452777178
2022-04-14 20:00:00,38527.0,15748.0,3874.0,1311.0,3916.0,647.0,0.0,2375.0,6296.23,36152.0,6.164508007371454
2022-04-14 21:00:00,35822.0,14993.0,3854.0,702.0,2402.0,426.0,0.0,2296.0,6848.91,33526.0,6.409469041371224
2022-04-14 22:00:00,32533.0,13938.0,3789.0,87.0,1902.0,263.0,0.0,2373.0,6069.82,30160.0,7.294132112009343
2022-04-14 23:00:00,29700.0,11669.0,3607.0,0.0,1407.0,121.0,0.0,2459.0,6496.15,27241.0,8.27946127946128
2022-04-15 00:00:00,26892.0,10055.0,3682.0,0.0,1347.0,22.0,0.0,2400.0,5805.85,24492.0,8.92458723784025
2022-04-15 01:00:00,25302.0,9246.0,3049.0,0.0,1217.0,19.0,0.0,2457.0,5769.82,22845.0,9.710694806734645
2022-04-15 02:00:00,24358.0,8691.0,2629.0,0.0,1168.0,19.0,0.0,2499.0,5849.93,21859.0,10.259463010099351
2022-04-15 03:00:00,24107.0,8222.0,2309.0,0.0,1131.0,19.0,0.0,2553.0,6329.639999999999,21554.0,10.590284979466546
2022-04-15 04:00:00,24503.0,8662.0,2386.0,0.0,1158.0,20.0,0.0,2325.0,6344.22,22178.0,9.48863404481084
2022-04-15 05:00:00,25955.0,9885.0,2799.0,5.0,1219.0,19.0,0.0,2086.0,6247.68,23869.0,8.036987093045656
2022-04-15 06:00:00,28998.0,11398.0,3414.0,174.0,1807.0,67.0,41.0,2079.0,6321.35,26878.0,7.310849024070626
2022-04-15 07:00:00,33176.0,11770.0,3558.0,122.0,3619.0,515.0,1036.0,2213.0,6485.48,29927.0,9.793224017361949
2022-04-15 08:00:00,36737.0,11651.0,3682.0,504.0,4187.0,639.0,3391.0,2088.0,6765.17,31258.0,14.914119280289626
2022-04-15 09:00:00,37073.0,11702.0,3567.0,989.0,2603.0,397.0,5680.0,1743.0,6663.29,29650.0,20.02265799908289
2022-04-15 10:00:00,36658.0,10531.0,3454.0,925.0,1883.0,124.0,8050.0,1633.0,6399.7,26975.0,26.414425227781113
2022-04-15 11:00:00,36256.0,9246.0,3333.0,408.0,1607.0,126.0,9815.0,1672.0,6452.77,24769.0,31.68303177405119
2022-04-15 12:00:00,34333.0,7734.0,2676.0,184.0,1447.0,77.0,10482.0,1707.0,6648.610000000001,22144.0,35.50228642996534
2022-04-15 13:00:00,33568.0,6918.0,2611.0,0.0,1348.0,79.0,10501.0,1779.0,6991.79,21288.0,36.58245948522402
2022-04-15 14:00:00,33828.0,7731.0,2609.0,0.0,1366.0,79.0,9955.0,1842.0,6967.84,22031.0,34.8734775925269
2022-04-15 15:00:00,33740.0,8225.0,2606.0,0.0,1373.0,78.0,8794.0,1746.0,7251.76,23200.0,31.238885595732068
2022-04-15 16:00:00,33636.0,9661.0,2547.0,3.0,1467.0,93.0,7259.0,1686.0,7195.58,24691.0,26.593530740872872
2022-04-15 17:00:00,33317.0,10989.0,3277.0,113.0,1542.0,123.0,4808.0,1562.0,7110.85,26947.0,19.119368490560372
2022-04-15 18:00:00,33491.0,13215.0,3664.0,349.0,2065.0,199.0,1886.0,1430.0,6728.45,30175.0,9.901167477829864
2022-04-15 19:00:00,35125.0,13620.0,3612.0,493.0,4278.0,681.0,228.0,1604.0,6566.78,33293.0,5.215658362989324
2022-04-15 20:00:00,35821.0,13981.0,3629.0,671.0,4628.0,852.0,0.0,1691.0,6299.77,34130.0,4.720694564640853
2022-04-15 21:00:00,33326.0,14176.0,3451.0,193.0,2992.0,446.0,0.0,1806.0,6218.110000000001,31520.0,5.4191922222889035
2022-04-15 22:00:00,30401.0,13415.0,3204.0,138.0,1925.0,148.0,0.0,1590.0,6027.139999999999,28811.0,5.230091115423835
2022-04-15 23:00:00,27939.0,11759.0,3133.0,0.0,1644.0,127.0,0.0,1414.0,5953.4400000000005,26525.0,5.061025806220695
2022-04-16 00:00:00,25630.0,10390.0,1495.0,0.0,1389.0,87.0,0.0,1516.0,6993.07,24114.0,5.914943425673039
2022-04-16 01:00:00,24031.0,9410.0,1234.0,0.0,1395.0,190.0,0.0,1443.0,6734.4,22588.0,6.0047438724980235
2022-04-16 02:00:00,22956.0,8587.0,1212.0,0.0,1323.0,89.0,0.0,1621.0,6560.9,21335.0,7.061334727304408
2022-04-16 03:00:00,22398.0,7775.0,1271.0,0.0,1266.0,60.0,0.0,2000.0,6515.66,20398.0,8.92936869363336
2022-04-16 04:00:00,22382.0,7335.0,1276.0,0.0,1389.0,64.0,0.0,2230.0,6425.87,20152.0,9.963363417031543
2022-04-16 05:00:00,22764.0,7409.0,1215.0,14.0,1310.0,147.0,0.0,2375.0,6454.79,20389.0,10.433140045686171
2022-04-16 06:00:00,23338.0,7811.0,1222.0,13.0,1542.0,157.0,51.0,2377.0,6357.33,20910.0,10.403633559002486
2022-04-16 07:00:00,24817.0,7929.0,1222.0,58.0,2032.0,171.0,1118.0,2188.0,6369.24,21511.0,13.32151347866382
2022-04-16 08:00:00,27272.0,7334.0,1156.0,37.0,2358.0,222.0,3901.0,2434.0,6179.9400000000005,20937.0,23.22895277207392
2022-04-16 09:00:00,28868.0,6077.0,965.0,28.0,2082.0,185.0,6924.0,3037.0,5820.22,18907.0,34.505334626576136
2022-04-16 10:00:00,28699.0,5033.0,578.0,49.0,1571.0,78.0,9182.0,3278.0,5285.24,16239.0,43.41614690407331
2022-04-16 11:00:00,27988.0,4220.0,554.0,11.0,1367.0,74.0,10699.0,3219.0,5162.98,14070.0,49.728455052165216
2022-04-16 12:00:00,27086.0,3913.0,643.0,,1426.0,73.0,11279.0,3046.0,4689.04,12761.0,52.88710034704275
2022-04-16 13:00:00,26381.0,3911.0,579.0,,1311.0,63.0,11423.0,3045.0,4565.63,11913.0,54.84250028429551
2022-04-16 14:00:00,25727.0,4159.0,534.0,,1302.0,71.0,10449.0,3261.0,4850.5,12017.0,53.29031756520387
2022-04-16 15:00:00,25898.0,4259.0,539.0,,1240.0,59.0,8819.0,3644.0,5690.22,13435.0,48.1234072129122
2022-04-16 16:00:00,25954.0,4576.0,543.0,,1394.0,62.0,6257.0,4222.0,5706.3,15475.0,40.37527934037143
2022-04-16 17:00:00,26249.0,6393.0,652.0,3.0,1584.0,74.0,3739.0,4645.0,5766.88,17865.0,31.94026439102442
2022-04-16 18:00:00,27453.0,7720.0,686.0,171.0,1870.0,217.0,1548.0,4744.0,6839.8099999999995,21161.0,22.91917094670892
2022-04-16 19:00:00,29416.0,7870.0,752.0,1564.0,3042.0,742.0,186.0,4908.0,6535.23,24322.0,17.31710633668752
2022-04-16 20:00:00,30245.0,8913.0,899.0,1885.0,3490.0,675.0,0.0,5144.0,5500.26,25101.0,17.007769879318896
2022-04-16 21:00:00,28344.0,9081.0,751.0,787.0,2597.0,467.0,0.0,4953.0,6092.12,23391.0,17.47459779847587
2022-04-16 22:00:00,25895.0,9328.0,749.0,414.0,1875.0,98.0,0.0,4512.0,5355.87,21383.0,17.424213168565363
2022-04-16 23:00:00,23645.0,8033.0,642.0,157.0,1500.0,37.0,0.0,4550.0,5268.2,19095.0,19.24296891520406
2022-04-17 00:00:00,21788.0,6932.0,600.0,113.0,1583.0,57.0,0.0,4806.0,4237.5,16982.0,22.058013585459886
2022-04-17 01:00:00,20274.0,5024.0,646.0,37.0,1305.0,32.0,0.0,4991.0,8234.220000000001,15283.0,24.617737003058103
2022-04-17 02:00:00,19216.0,5853.0,666.0,43.0,1382.0,37.0,0.0,5292.0,2651.81,13924.0,27.53955037468776
2022-04-17 03:00:00,18694.0,5121.0,596.0,9.0,1287.0,37.0,0.0,5469.0,2921.09,13225.0,29.255376056488714
2022-04-17 04:00:00,18626.0,4738.0,592.0,9.0,1283.0,37.0,0.0,5629.0,3068.08,12997.0,30.22119617738645
2022-04-17 05:00:00,19011.0,4808.0,593.0,9.0,1310.0,37.0,0.0,5906.0,2992.98,13105.0,31.06622481721109
2022-04-17 06:00:00,18997.0,4771.0,612.0,9.0,1521.0,48.0,57.0,6213.0,2447.18,12727.0,33.0052113491604
2022-04-17 07:00:00,19606.0,4205.0,681.0,13.0,1659.0,54.0,931.0,6361.0,2450.0,12314.0,37.192696113434664
2022-04-17 08:00:00,21758.0,4306.0,586.0,8.0,2112.0,212.0,3325.0,6419.0,1949.94,12014.0,44.78352789778472
2022-04-17 09:00:00,23533.0,4274.0,532.0,0.0,1884.0,87.0,5975.0,6567.0,1083.1,10991.0,53.29537245570051
2022-04-17 10:00:00,24772.0,3528.0,536.0,53.0,1487.0,46.0,8481.0,6854.0,478.32000000000005,9437.0,61.904569675440015
2022-04-17 11:00:00,25468.0,3657.0,528.0,63.0,1394.0,55.0,10277.0,7001.0,-753.3,8190.0,67.84199780116225
2022-04-17 12:00:00,24889.0,3235.0,527.0,,1327.0,78.0,11186.0,6707.0,-563.33,6996.0,71.8911969142995
2022-04-17 13:00:00,22040.0,3110.0,528.0,,1227.0,63.0,11141.0,6055.0,-418.88,4844.0,78.02177858439201
2022-04-17 14:00:00,20436.0,3285.0,528.0,,1320.0,75.0,10301.0,5457.0,-41.829999999999984,4678.0,77.1090232922294
2022-04-17 15:00:00,20266.0,3526.0,530.0,,1281.0,77.0,8987.0,5380.0,200.12,5899.0,70.8921346096911
2022-04-17 16:00:00,20757.0,3702.0,531.0,,1416.0,74.0,7339.0,6212.0,174.39999999999998,7206.0,65.28400057811822
2022-04-17 17:00:00,21667.0,5102.0,535.0,0.0,1468.0,109.0,4846.0,6619.0,380.63,10202.0,52.91457054506854
2022-04-17 18:00:00,22508.0,5382.0,601.0,1.0,1777.0,115.0,2026.0,6851.0,2586.2200000000003,13631.0,39.43931046738937
2022-04-17 19:00:00,24393.0,5041.0,683.0,449.0,2646.0,501.0,227.0,6958.0,3965.7200000000003,17208.0,29.455171565613085
2022-04-17 20:00:00,26636.0,5646.0,718.0,1520.0,3068.0,570.0,0.0,6774.0,4566.12,19862.0,25.43174650848476
2022-04-17 21:00:00,26157.0,6083.0,686.0,827.0,2336.0,379.0,0.0,6723.0,5273.99,19434.0,25.702488817524944
2022-04-17 22:00:00,24444.0,5809.0,670.0,205.0,1755.0,174.0,0.0,6697.0,5370.76,17747.0,27.39731631484209
2022-04-17 23:00:00,22522.0,4772.0,642.0,13.0,1417.0,125.0,0.0,6721.0,5311.54,15801.0,29.841932332830122
2022-04-18 00:00:00,20646.0,4793.0,562.0,11.0,1356.0,83.0,0.0,6664.0,3868.37,13982.0,32.27743872905163
2022-04-18 01:00:00,19357.0,4840.0,549.0,12.0,1281.0,72.0,0.0,6220.0,3109.41,13137.0,32.13307847290386
2022-04-18 02:00:00,18593.0,5385.0,550.0,12.0,1267.0,88.0,0.0,5755.0,2338.45,12838.0,30.95250900876674
2022-04-18 03:00:00,18422.0,5209.0,551.0,12.0,1272.0,94.0,0.0,5615.0,2477.33,12807.0,30.479861035718166
2022-04-18 04:00:00,18483.0,5277.0,551.0,12.0,1302.0,94.0,0.0,5693.0,2374.66,12790.0,30.801276848996373
2022-04-18 05:00:00,19174.0,5939.0,593.0,12.0,1344.0,94.0,0.0,5731.0,2108.5,13443.0,29.889433608010847
2022-04-18 06:00:00,19643.0,5933.0,711.0,12.0,1499.0,238.0,74.0,5940.0,1831.4099999999999,13629.0,30.61650460723922
2022-04-18 07:00:00,20626.0,5959.0,597.0,12.0,1705.0,155.0,1236.0,6146.0,1541.1399999999999,13244.0,35.78977988945991
2022-04-18 08:00:00,22769.0,5041.0,550.0,0.0,2088.0,125.0,4402.0,6366.0,978.46,12001.0,47.29237120646493
2022-04-18 09:00:00,24378.0,4515.0,574.0,0.0,1833.0,129.0,7412.0,6556.0,17.480000000000018,10410.0,57.29756337681516
2022-04-18 10:00:00,24643.0,3994.0,536.0,0.0,1581.0,63.0,9589.0,6127.0,-330.23,8927.0,63.77470275534635
2022-04-18 11:00:00,24258.0,3685.0,530.0,8.0,1403.0,64.0,11039.0,5678.0,-1221.78,7541.0,68.91334817379834
2022-04-18 12:00:00,23858.0,3181.0,531.0,,1342.0,105.0,11831.0,5622.0,-1178.8200000000002,6405.0,73.15365914997066
2022-04-18 13:00:00,21966.0,3184.0,570.0,,1345.0,96.0,11528.0,5374.0,-1567.6,5064.0,76.94618956569244
2022-04-18 14:00:00,21034.0,3382.0,628.0,,1324.0,62.0,11195.0,4969.0,-1691.71,4870.0,76.84700960349909
2022-04-18 15:00:00,20751.0,3562.0,699.0,,1376.0,69.0,10103.0,4821.0,-1157.88,5827.0,71.91942556985205
2022-04-18 16:00:00,21145.0,4079.0,733.0,,1371.0,78.0,8651.0,5086.0,-272.2,7408.0,64.96571293449989
2022-04-18 17:00:00,22170.0,5136.0,885.0,,1492.0,134.0,5881.0,5166.0,1624.97,11123.0,49.82859720342805
2022-04-18 18:00:00,23216.0,6662.0,1072.0,5.0,1860.0,191.0,2325.0,4396.0,3607.33,16495.0,28.949862164024807
2022-04-18 19:00:00,25415.0,8637.0,1585.0,333.0,2535.0,416.0,243.0,3301.0,4708.93,21871.0,13.944520952193587
2022-04-18 20:00:00,28003.0,9139.0,1657.0,1461.0,3073.0,473.0,0.0,3082.0,5430.03,24921.0,11.005963646752134
2022-04-18 21:00:00,27559.0,9240.0,1735.0,1271.0,2730.0,500.0,0.0,3167.0,5148.43,24392.0,11.49170869770311
2022-04-18 22:00:00,25550.0,9030.0,1680.0,247.0,2128.0,295.0,0.0,3403.0,5080.3,22147.0,13.31898238747554
2022-04-18 23:00:00,23212.0,8207.0,1408.0,12.0,1512.0,167.0,0.0,3305.0,5055.75,19907.0,14.238325004308116
2022-04-19 00:00:00,21001.0,7012.0,1116.0,,1249.0,70.0,0.0,3001.0,6107.29,18000.0,14.289795724013143
2022-04-19 01:00:00,19810.0,6226.0,1159.0,,1172.0,23.0,0.0,2924.0,6235.3099999999995,16886.0,14.760222110045431
2022-04-19 02:00:00,19095.0,6015.0,1024.0,,1135.0,23.0,0.0,2784.0,6052.76,16311.0,14.57973291437549
2022-04-19 03:00:00,18912.0,6160.0,1077.0,,1123.0,22.0,0.0,2481.0,6196.360000000001,16431.0,13.118654822335024
2022-04-19 04:00:00,19626.0,7164.0,1255.0,,1148.0,23.0,0.0,2064.0,6224.26,17562.0,10.516661571384898
2022-04-19 05:00:00,21624.0,8930.0,1366.0,,1235.0,45.0,0.0,1631.0,6220.02,19993.0,7.542545320014798
2022-04-19 06:00:00,26008.0,10303.0,2114.0,1536.0,1778.0,313.0,107.0,1283.0,5307.66,24618.0,5.344509381728699
2022-04-19 07:00:00,31124.0,12047.0,2409.0,2731.0,2890.0,343.0,1529.0,932.0,4644.52,28663.0,7.90708135201131
2022-04-19 08:00:00,35635.0,12921.0,2472.0,2984.0,2788.0,453.0,4540.0,667.0,4912.96,30428.0,14.612038725971658
2022-04-19 09:00:00,37084.0,13341.0,2502.0,1900.0,2347.0,340.0,7559.0,567.0,4655.33,28958.0,21.912415057706827
2022-04-19 10:00:00,36672.0,13373.0,2425.0,130.0,1866.0,199.0,9484.0,695.0,4653.05,26493.0,27.75687172774869
2022-04-19 11:00:00,35925.0,12277.0,2325.0,0.0,1613.0,182.0,10477.0,932.0,5258.110000000001,24516.0,31.75782881002088
2022-04-19 12:00:00,34454.0,12333.0,1997.0,0.0,1337.0,62.0,11055.0,1258.0,4255.8099999999995,22141.0,35.73750507923608
2022-04-19 13:00:00,34461.0,11796.0,1813.0,0.0,1214.0,61.0,11129.0,1918.0,4271.21,21414.0,37.860189779751025
2022-04-19 14:00:00,35913.0,11637.0,1666.0,0.0,1235.0,134.0,11316.0,2762.0,4629.65,21835.0,39.20028958872832
2022-04-19 15:00:00,36329.0,10820.0,1562.0,0.0,1252.0,132.0,10492.0,3696.0,5367.46,22141.0,39.05419912466625
2022-04-19 16:00:00,36009.0,11410.0,1753.0,0.0,1292.0,100.0,8310.0,4609.0,5405.95,23090.0,35.8771418256547
2022-04-19 17:00:00,34910.0,12203.0,1993.0,0.0,1320.0,106.0,5058.0,5192.0,5969.610000000001,24660.0,29.361214551704386
2022-04-19 18:00:00,34484.0,13714.0,2153.0,128.0,1784.0,306.0,2122.0,4982.0,5767.33,27380.0,20.600858369098713
2022-04-19 19:00:00,36066.0,14660.0,2384.0,2359.0,2737.0,551.0,295.0,4698.0,4538.5599999999995,31073.0,13.844063661065823
2022-04-19 20:00:00,37550.0,15098.0,2455.0,2728.0,3291.0,742.0,0.0,4378.0,4982.3099999999995,33172.0,11.659121171770973
2022-04-19 21:00:00,35140.0,14644.0,2442.0,1323.0,2312.0,438.0,0.0,4420.0,5902.43,30720.0,12.578258394991462
2022-04-19 22:00:00,31754.0,13420.0,2262.0,168.0,1527.0,103.0,0.0,4359.0,6285.3,27395.0,13.727404421490204
2022-04-19 23:00:00,28565.0,11963.0,1860.0,69.0,1352.0,98.0,0.0,4339.0,5865.54,24226.0,15.189917731489585
2022-04-20 00:00:00,25872.0,9109.0,1562.0,0.0,1238.0,38.0,0.0,4288.0,6536.96,21584.0,16.573902288188002
2022-04-20 01:00:00,24331.0,7933.0,1366.0,0.0,1133.0,20.0,0.0,4369.0,6576.8099999999995,19962.0,17.95651637828285
2022-04-20 02:00:00,23721.0,8156.0,1347.0,0.0,1138.0,20.0,0.0,4374.0,6805.23,19347.0,18.43935753130138
2022-04-20 03:00:00,23462.0,7914.0,1331.0,0.0,1091.0,20.0,0.0,4421.0,6752.0599999999995,19041.0,18.843235870769757
2022-04-20 04:00:00,23891.0,8185.0,1335.0,0.0,1141.0,20.0,0.0,4245.0,7029.57,19646.0,17.76819722908208
2022-04-20 05:00:00,25208.0,8494.0,1332.0,0.0,1230.0,19.0,0.0,4087.0,6901.99,21121.0,16.213106950174545
2022-04-20 06:00:00,29233.0,11950.0,1562.0,30.0,1587.0,43.0,76.0,3965.0,6787.68,25192.0,13.823418739096226
2022-04-20 07:00:00,34356.0,14758.0,2194.0,227.0,3133.0,258.0,1254.0,3670.0,5359.46,29432.0,14.332285481429736
2022-04-20 08:00:00,38884.0,15076.0,2424.0,780.0,3824.0,474.0,3688.0,2553.0,6369.3,32643.0,16.05030346672153
2022-04-20 09:00:00,39845.0,14959.0,2407.0,1163.0,4404.0,584.0,5553.0,2040.0,5202.05,32252.0,19.05634333040532
2022-04-20 10:00:00,39459.0,14354.0,2401.0,1003.0,2995.0,403.0,7502.0,1779.0,5525.84,30178.0,23.520616335943636
2022-04-20 11:00:00,39177.0,14270.0,2401.0,239.0,1977.0,286.0,8988.0,1655.0,5857.72,28534.0,27.166449702631645
2022-04-20 12:00:00,36548.0,13553.0,2280.0,78.0,1471.0,210.0,8509.0,1536.0,5636.78,26503.0,27.484404071358213
2022-04-20 13:00:00,36426.0,13349.0,2112.0,70.0,1314.0,174.0,8760.0,1551.0,6002.58,26115.0,28.30670400263548
2022-04-20 14:00:00,37215.0,13866.0,2209.0,28.0,1349.0,110.0,8402.0,1490.0,6281.24,27323.0,26.58067983340051
2022-04-20 15:00:00,37859.0,14899.0,2188.0,129.0,1515.0,314.0,7190.0,1619.0,6420.66,29050.0,23.267915158879
2022-04-20 16:00:00,37499.0,15992.0,2339.0,99.0,1592.0,245.0,5337.0,1789.0,6498.33,30373.0,19.00317341795781
2022-04-20 17:00:00,36405.0,15704.0,2347.0,429.0,2593.0,423.0,2942.0,2131.0,6218.8,31332.0,13.934899052327976
2022-04-20 18:00:00,35933.0,15641.0,2413.0,554.0,2790.0,557.0,1194.0,2342.0,6845.07,32397.0,9.840536554142432
2022-04-20 19:00:00,37578.0,16325.0,2302.0,1590.0,4022.0,680.0,146.0,2436.0,6220.3,34996.0,6.871041566874235
2022-04-20 20:00:00,38423.0,16307.0,2416.0,2319.0,4293.0,692.0,0.0,2586.0,5798.01,35837.0,6.730343804492101
2022-04-20 21:00:00,35759.0,16044.0,2403.0,1154.0,2602.0,372.0,0.0,2414.0,6883.05,33345.0,6.750748063424592
2022-04-20 22:00:00,32203.0,14975.0,2226.0,467.0,1792.0,80.0,0.0,2225.0,6780.72,29978.0,6.909294165139894
2022-04-20 23:00:00,29235.0,13912.0,2053.0,165.0,1552.0,76.0,0.0,1955.0,6028.5599999999995,27280.0,6.687190011971951
2022-04-21 00:00:00,26569.0,11536.0,2032.0,194.0,1498.0,113.0,0.0,1712.0,6427.639999999999,24857.0,6.443599683842072
2022-04-21 01:00:00,25008.0,11191.0,1834.0,,1368.0,100.0,0.0,1607.0,6472.13,23401.0,6.425943698016634
2022-04-21 02:00:00,24320.0,11167.0,1987.0,,1382.0,86.0,0.0,1573.0,6552.22,22747.0,6.467927631578947
2022-04-21 03:00:00,24081.0,10846.0,2042.0,,1371.0,101.0,0.0,1863.0,6353.68,22218.0,7.736389684813753
2022-04-21 04:00:00,24486.0,10984.0,2067.0,,1449.0,20.0,0.0,2121.0,6126.6900000000005,22365.0,8.662092624356776
2022-04-21 05:00:00,26085.0,11767.0,1899.0,,1335.0,46.0,0.0,2414.0,6172.5599999999995,23671.0,9.254360743722447
2022-04-21 06:00:00,29919.0,13338.0,2344.0,92.0,1673.0,412.0,16.0,2617.0,6072.57,27286.0,8.800427821785489
2022-04-21 07:00:00,34690.0,15069.0,2367.0,814.0,2315.0,596.0,473.0,2849.0,6776.5,31368.0,9.576246756990487
2022-04-21 08:00:00,39282.0,15021.0,2366.0,1895.0,4009.0,881.0,1572.0,3263.0,6808.3099999999995,34447.0,12.308436433990124
2022-04-21 09:00:00,40480.0,14871.0,2350.0,1377.0,4143.0,710.0,2876.0,3618.0,7202.16,33986.0,16.042490118577074
2022-04-21 10:00:00,40240.0,15163.0,2409.0,877.0,3114.0,521.0,3557.0,3908.0,7622.92,32775.0,18.551192842942346
2022-04-21 11:00:00,40030.0,15156.0,2378.0,635.0,3238.0,502.0,3742.0,4092.0,7195.5599999999995,32196.0,19.57032225830627
2022-04-21 12:00:00,38188.0,14611.0,2443.0,388.0,2361.0,393.0,3443.0,4475.0,6965.03,30270.0,20.734262071855035
2022-04-21 13:00:00,37998.0,14977.0,2464.0,277.0,1856.0,205.0,3524.0,4458.0,7254.18,30016.0,21.00636875625033
2022-04-21 14:00:00,38535.0,14971.0,2435.0,400.0,2496.0,347.0,2975.0,4327.0,7526.43,31233.0,18.94900739587388
2022-04-21 15:00:00,39121.0,14807.0,2442.0,384.0,3199.0,750.0,2552.0,4675.0,7166.42,31894.0,18.473454155057386
2022-04-21 16:00:00,38934.0,15249.0,2444.0,370.0,2942.0,711.0,1699.0,5207.0,7017.25,32028.0,17.737709970719678
2022-04-21 17:00:00,38149.0,15585.0,2323.0,368.0,2631.0,440.0,1171.0,5811.0,6376.72,31167.0,18.30192141340533
2022-04-21 18:00:00,37632.0,15927.0,2378.0,463.0,2327.0,284.0,494.0,5568.0,6599.13,31570.0,16.108630952380953
2022-04-21 19:00:00,38598.0,16340.0,2345.0,629.0,3008.0,700.0,86.0,5378.0,6187.85,33134.0,14.15617389502047
2022-04-21 20:00:00,38756.0,16659.0,2481.0,552.0,3122.0,451.0,0.0,4647.0,6768.41,34109.0,11.990401486221488
2022-04-21 21:00:00,35890.0,16029.0,2439.0,370.0,2302.0,224.0,0.0,4080.0,6478.08,31810.0,11.368069100027862
2022-04-21 22:00:00,32378.0,13921.0,2140.0,238.0,1747.0,74.0,0.0,3858.0,6635.389999999999,28520.0,11.915498177775033
2022-04-21 23:00:00,29440.0,12368.0,1836.0,370.0,1542.0,19.0,0.0,3947.0,6443.47,25493.0,13.406929347826088
2022-04-22 00:00:00,26876.0,9924.0,1249.0,144.0,1404.0,20.0,0.0,3651.0,7400.5599999999995,23225.0,13.584610805179341
2022-04-22 01:00:00,25351.0,9173.0,1318.0,,1323.0,20.0,0.0,3895.0,7483.74,21456.0,15.364285432527316
2022-04-22 02:00:00,24660.0,7913.0,1369.0,,1294.0,20.0,0.0,4619.0,7493.28,20041.0,18.730738037307383
2022-04-22 03:00:00,24420.0,7616.0,1244.0,,1269.0,20.0,0.0,5107.0,7211.51,19313.0,20.913185913185913
2022-04-22 04:00:00,24712.0,8000.0,1215.0,,1407.0,20.0,0.0,5156.0,7035.99,19556.0,20.864357397215926
2022-04-22 05:00:00,26270.0,9120.0,1217.0,,1439.0,22.0,0.0,5024.0,7249.17,21246.0,19.12447658926532
2022-04-22 06:00:00,29998.0,10929.0,1396.0,4.0,1762.0,207.0,42.0,4807.0,7341.8099999999995,25149.0,16.164410960730716
2022-04-22 07:00:00,34824.0,13181.0,1562.0,654.0,2314.0,456.0,655.0,4761.0,7751.8,29408.0,15.552492533884676
2022-04-22 08:00:00,38881.0,13770.0,1562.0,1046.0,3490.0,652.0,2000.0,4997.0,7916.39,31884.0,17.995936318510328
2022-04-22 09:00:00,40057.0,13425.0,1426.0,548.0,3980.0,631.0,3286.0,5304.0,8062.33,31467.0,21.44444167061937
2022-04-22 10:00:00,39991.0,13057.0,1506.0,494.0,3493.0,628.0,4566.0,4684.0,8207.14,30741.0,23.130204295966593
2022-04-22 11:00:00,39819.0,12575.0,1635.0,128.0,3229.0,625.0,5535.0,4849.0,8176.8099999999995,29435.0,26.078002963409432
2022-04-22 12:00:00,37741.0,11523.0,1491.0,97.0,2097.0,201.0,6023.0,5162.0,8267.27,26556.0,29.636204658064173
2022-04-22 13:00:00,37091.0,12209.0,1405.0,70.0,1581.0,120.0,5837.0,4845.0,8350.42,26409.0,28.79943921706074
2022-04-22 14:00:00,37653.0,12885.0,1617.0,37.0,1866.0,243.0,5407.0,4616.0,8094.83,27630.0,26.619392877061586
2022-04-22 15:00:00,37578.0,13143.0,1673.0,52.0,1899.0,214.0,4832.0,4605.0,8221.99,28141.0,25.113098089307574
2022-04-22 16:00:00,37348.0,13326.0,1669.0,53.0,1781.0,263.0,4199.0,4474.0,8117.6,28675.0,23.222127021527257
2022-04-22 17:00:00,36139.0,13582.0,1683.0,187.0,1861.0,366.0,2522.0,3964.0,8419.83,29653.0,17.94736987741775
2022-04-22 18:00:00,36191.0,14007.0,1553.0,1110.0,2807.0,586.0,1043.0,3534.0,7640.07,31614.0,12.646790638556546
2022-04-22 19:00:00,37508.0,14369.0,1682.0,1808.0,3919.0,665.0,198.0,3026.0,7795.73,34284.0,8.595499626746294
2022-04-22 20:00:00,38130.0,14627.0,1661.0,2017.0,4385.0,955.0,0.0,2634.0,7893.28,35496.0,6.907946498819826
2022-04-22 21:00:00,35280.0,14001.0,1518.0,2296.0,2883.0,510.0,0.0,2411.0,8007.72,32869.0,6.833900226757369
2022-04-22 22:00:00,32055.0,12394.0,1531.0,791.0,2626.0,410.0,0.0,2719.0,7906.75,29336.0,8.482296053657775
2022-04-22 23:00:00,29252.0,11723.0,1493.0,153.0,1832.0,35.0,0.0,2868.0,7441.48,26384.0,9.804457814850267
2022-04-23 00:00:00,26786.0,10193.0,1638.0,0.0,1508.0,82.0,0.0,2679.0,7199.15,24107.0,10.001493317404615
2022-04-23 01:00:00,25185.0,8614.0,1640.0,0.0,1393.0,39.0,0.0,2887.0,7147.68,22298.0,11.463172523327378
2022-04-23 02:00:00,24185.0,7950.0,1641.0,0.0,1328.0,40.0,0.0,2914.0,6894.49,21271.0,12.04879057266901
2022-04-23 03:00:00,23546.0,7594.0,1630.0,0.0,1343.0,27.0,0.0,3189.0,6673.82,20357.0,13.543701690308332
2022-04-23 04:00:00,23663.0,7663.0,1585.0,0.0,1356.0,44.0,0.0,3459.0,6330.22,20204.0,14.617757680767443
2022-04-23 05:00:00,24405.0,8322.0,1554.0,0.0,1455.0,111.0,0.0,3457.0,6171.73,20948.0,14.165130096291744
2022-04-23 06:00:00,25530.0,8663.0,1572.0,0.0,1816.0,251.0,139.0,3315.0,6246.97,22076.0,13.52918135526831
2022-04-23 07:00:00,28227.0,9083.0,1598.0,215.0,2504.0,325.0,1566.0,3261.0,6213.66,23400.0,17.100648315442662
2022-04-23 08:00:00,30927.0,9149.0,1628.0,366.0,2508.0,419.0,4229.0,3198.0,6020.28,23500.0,24.01461506127332
2022-04-23 09:00:00,32012.0,8170.0,1570.0,156.0,2121.0,198.0,6725.0,3269.0,6322.24,22018.0,31.21954267149819
2022-04-23 10:00:00,32186.0,7023.0,1282.0,36.0,1868.0,43.0,8483.0,3570.0,6553.360000000001,20133.0,37.44795873982476
2022-04-23 11:00:00,31428.0,7003.0,1233.0,,1555.0,34.0,9589.0,3931.0,6638.24,17908.0,43.018963981163296
2022-04-23 12:00:00,30179.0,6408.0,1072.0,,1482.0,34.0,9705.0,4041.0,6026.1900000000005,16433.0,45.548228900891345
2022-04-23 13:00:00,29147.0,5993.0,932.0,0.0,1411.0,34.0,9601.0,3682.0,6235.48,15864.0,45.57244313308402
2022-04-23 14:00:00,27778.0,5958.0,932.0,0.0,1436.0,34.0,8276.0,3727.0,6160.92,15775.0,43.21045431636547
2022-04-23 15:00:00,27955.0,5936.0,941.0,0.0,1461.0,34.0,7490.0,3791.0,6623.42,16674.0,40.35414058307995
2022-04-23 16:00:00,28045.0,6197.0,966.0,0.0,1511.0,34.0,5591.0,3742.0,7067.84,18712.0,33.278659297557496
2022-04-23 17:00:00,28601.0,8551.0,1197.0,0.0,1951.0,51.0,3299.0,3391.0,6929.6900000000005,21911.0,23.39079053179959
2022-04-23 18:00:00,29510.0,10577.0,1569.0,48.0,2229.0,406.0,1297.0,2769.0,7075.3,25444.0,13.77838021009827
2022-04-23 19:00:00,31327.0,11184.0,1634.0,892.0,3707.0,631.0,132.0,2537.0,6836.46,28658.0,8.519807195071344
2022-04-23 20:00:00,32331.0,11361.0,1625.0,1748.0,4424.0,729.0,0.0,2193.0,6540.09,30138.0,6.782963719031271
2022-04-23 21:00:00,30046.0,11561.0,1680.0,949.0,2817.0,476.0,0.0,2177.0,6829.65,27869.0,7.245556812886907
2022-04-23 22:00:00,27656.0,10904.0,1695.0,302.0,2183.0,250.0,0.0,2296.0,6559.389999999999,25360.0,8.301995950245878
2022-04-23 23:00:00,25580.0,10086.0,1631.0,10.0,1937.0,29.0,0.0,2388.0,6143.93,23192.0,9.335418295543393
2022-04-24 00:00:00,23791.0,8072.0,1460.0,125.0,1820.0,145.0,0.0,2692.0,5842.0599999999995,21099.0,11.31520322811147
2022-04-24 01:00:00,22140.0,6843.0,1267.0,101.0,1820.0,67.0,0.0,3049.0,5470.74,19091.0,13.771454381210479
2022-04-24 02:00:00,21163.0,6575.0,1131.0,20.0,1919.0,31.0,0.0,3167.0,5331.23,17996.0,14.964797051457731
2022-04-24 03:00:00,20724.0,6198.0,947.0,20.0,2003.0,30.0,0.0,3350.0,5148.11,17374.0,16.164833043813935
2022-04-24 04:00:00,20512.0,6050.0,927.0,20.0,1982.0,30.0,0.0,3495.0,5069.52,17017.0,17.03880655226209
2022-04-24 05:00:00,20839.0,6326.0,991.0,20.0,1960.0,30.0,1.0,3476.0,5122.26,17362.0,16.6850616632276
2022-04-24 06:00:00,20793.0,6012.0,952.0,19.0,2139.0,30.0,161.0,3440.0,5080.889999999999,17192.0,17.318328283556966
2022-04-24 07:00:00,21970.0,6104.0,925.0,11.0,2300.0,112.0,1469.0,3079.0,5193.639999999999,17422.0,20.700955848884842
2022-04-24 08:00:00,24037.0,5973.0,834.0,11.0,2586.0,173.0,4002.0,2417.0,5107.73,17618.0,26.704663643549527
2022-04-24 09:00:00,26125.0,5507.0,837.0,3.0,2351.0,56.0,6788.0,2815.0,5053.99,16522.0,36.757894736842104
2022-04-24 10:00:00,26841.0,5411.0,661.0,0.0,2311.0,251.0,8055.0,3690.0,3654.74,15096.0,43.75768413993517
2022-04-24 11:00:00,27125.0,4770.0,644.0,31.0,2160.0,41.0,8557.0,4452.0,3618.56,14116.0,47.95944700460829
2022-04-24 12:00:00,27029.0,4369.0,532.0,,1986.0,65.0,9009.0,5189.0,3411.56,12831.0,52.528765400125785
2022-04-24 13:00:00,24590.0,3751.0,508.0,,1907.0,36.0,8495.0,5890.0,2041.37,10205.0,58.499389995933306
2022-04-24 14:00:00,24740.0,3898.0,508.0,,1920.0,34.0,8729.0,5641.0,2204.2799999999997,10370.0,58.08407437348424
2022-04-24 15:00:00,24346.0,4058.0,509.0,,1937.0,34.0,7336.0,6113.0,2461.51,10897.0,55.24110736876694
2022-04-24 16:00:00,24560.0,3983.0,527.0,,1938.0,112.0,6026.0,6387.0,3220.02,12147.0,50.541530944625414
2022-04-24 17:00:00,24991.0,4901.0,553.0,,2105.0,115.0,4159.0,6304.0,4230.62,14528.0,41.86707214597255
2022-04-24 18:00:00,25720.0,5870.0,561.0,139.0,2306.0,151.0,1820.0,6046.0,5677.43,17854.0,30.58320373250389
2022-04-24 19:00:00,27485.0,7383.0,526.0,704.0,2899.0,213.0,266.0,5130.0,6769.62,22089.0,19.632526832817902
2022-04-24 20:00:00,29475.0,8393.0,732.0,665.0,3900.0,516.0,0.0,4352.0,7107.43,25123.0,14.765055131467344
2022-04-24 21:00:00,28082.0,8387.0,840.0,1598.0,3460.0,393.0,0.0,3918.0,5785.0,24164.0,13.951997720960046
2022-04-24 22:00:00,26065.0,8571.0,865.0,658.0,2682.0,206.0,0.0,3737.0,5779.6900000000005,22328.0,14.33723383848072
2022-04-24 23:00:00,23926.0,8812.0,871.0,670.0,2237.0,197.0,0.0,3583.0,4099.13,20343.0,14.975340633620329
