date,Spot price,Demand,Lignite,Gas,Coal,Hydro Pump,Hydro R-o-R,Hydro Res,Solar,Wind Onshore,Net Imports,Residual load,RES_pen
2022-10-03 00:00:00,90.47,14652.78,3678.41,812.3,5002.72,0.0,120.16,0.0,0.0,5688.88,-1429.12,8963.900000000001,38.824577998168266
2022-10-03 01:00:00,99.76,14208.4,3519.57,814.28,4957.09,0.0,120.68,0.0,0.0,5888.98,-1684.6799999999998,8319.42,41.447172095380196
2022-10-03 02:00:00,94.38,13990.9,3124.33,825.23,4954.88,0.0,120.61,0.0,0.0,5930.78,-1510.74,8060.12,42.39026795988821
2022-10-03 03:00:00,91.3,14038.48,3114.17,819.09,4957.86,0.0,120.63,0.0,0.0,6049.33,-1564.89,7989.15,43.091061140522335
2022-10-03 04:00:00,101.63,14530.81,3746.33,811.03,5065.05,0.0,120.63,0.0,0.0,6180.36,-2055.74,8350.45,42.53279755223556
2022-10-03 05:00:00,104.11,15675.61,4078.76,804.54,5256.55,0.0,120.61,0.0,0.0,6342.45,-1641.5,9333.16,40.46062641262445
2022-10-03 06:00:00,79.76,18488.18,4490.09,802.77,5590.3,0.0,120.81,37.71,6.28,6337.9,-31.610000000000127,12144.0,34.31478923290448
2022-10-03 07:00:00,102.46,20460.88,4867.28,837.15,6351.89,73.57,123.06,43.1,108.74,6305.04,61.650000000000205,14047.100000000002,31.34655009950696
2022-10-03 08:00:00,105.63,21650.01,4886.51,804.47,7012.09,241.4,127.25,43.1,511.2,6355.19,-69.07999999999993,14783.619999999999,31.715412602580784
2022-10-03 09:00:00,103.86,22028.08,4756.57,788.91,6959.8,451.71,126.4,43.1,1068.41,6232.71,-51.89999999999992,14726.960000000003,33.14460452295434
2022-10-03 10:00:00,100.74,21994.96,4838.08,801.14,6626.91,77.1,126.18,5.39,1572.08,6305.76,-36.36000000000013,14117.119999999999,35.81656888669041
2022-10-03 11:00:00,84.79,22208.86,4921.86,817.78,6271.68,9.7,124.6,0.0,2084.45,6160.59,124.88999999999987,13963.82,37.125003264462926
2022-10-03 12:00:00,88.41,22236.43,4878.27,812.56,6217.92,0.0,127.05,0.0,2335.11,6277.56,152.0199999999999,13623.76,38.73225153498111
2022-10-03 13:00:00,95.02,22124.61,4796.96,816.75,6257.36,0.0,127.4,0.0,2502.78,6322.59,-2.880000000000166,13299.24,39.889381100955
2022-10-03 14:00:00,85.77,21449.9,4626.51,806.18,6033.15,0.0,120.58,0.0,2434.05,6230.45,-92.06000000000017,12785.400000000001,40.3941277115511
2022-10-03 15:00:00,97.91,21165.34,4725.7,795.28,6257.29,0.0,124.03,0.0,1967.51,5975.33,-85.81000000000006,13222.5,37.52758046882308
2022-10-03 16:00:00,103.73,21192.2,4815.45,814.01,6799.45,0.0,139.44,0.0,1349.49,5566.73,121.47000000000014,14275.980000000001,32.63568671492341
2022-10-03 17:00:00,124.08,21263.0,4959.83,818.09,7796.7,16.9,149.99,0.0,432.33,5165.73,38.37999999999994,15664.94,26.327705403752994
2022-10-03 18:00:00,119.95,22043.73,4853.73,852.75,8599.0,551.47,169.54,37.71,44.61,4888.21,49.67999999999995,17110.91,22.3774288652601
2022-10-03 19:00:00,153.24,22901.21,4910.67,1111.35,9051.51,930.46,185.6,43.1,0.0,4739.03,-138.5999999999999,18162.18,20.69336074382096
2022-10-03 20:00:00,133.44,22301.18,5029.55,932.54,8828.13,624.5,192.26,43.1,0.0,4775.16,-36.92000000000007,17526.02,21.41214052350593
2022-10-03 21:00:00,108.1,20829.06,4797.43,804.14,7717.82,341.45,192.65,43.1,0.0,5005.45,-22.230000000000018,15823.61,24.0310892570284
2022-10-03 22:00:00,112.4,19042.2,4160.51,819.82,6973.72,33.9,153.6,5.39,0.0,5060.11,167.76999999999998,13982.09,26.573137557635146
2022-10-03 23:00:00,99.24,17635.24,3544.5,826.25,6702.25,0.0,144.33,0.0,0.0,4844.33,-9.739999999999952,12790.910000000002,27.469600640535653
2022-10-04 00:00:00,96.84,16708.55,3461.16,821.14,6649.96,0.0,139.89,0.0,0.0,4693.95,-456.59999999999997,12014.599999999999,28.09310203458708
2022-10-04 01:00:00,111.07,16216.56,3950.69,822.68,6634.0,0.0,139.24,0.0,0.0,4633.4,-1179.48,11583.16,28.572027606348076
2022-10-04 02:00:00,113.94,15836.94,4240.49,816.44,6605.42,0.0,139.31,0.0,0.0,4399.18,-1332.6100000000001,11437.76,27.77796720831171
2022-10-04 03:00:00,118.18,15944.35,4347.78,815.14,6622.69,0.0,139.28,0.0,0.0,4445.74,-1572.12,11498.61,27.882855055239002
2022-10-04 04:00:00,111.93,16126.25,4016.35,812.69,6673.77,0.0,139.28,0.0,0.0,4440.34,-1036.61,11685.91,27.53485776296411
2022-10-04 05:00:00,107.92,16947.95,3807.05,801.71,6721.81,0.0,139.31,0.0,0.0,4388.24,-84.06999999999994,12559.710000000001,25.89245306954528
2022-10-04 06:00:00,151.21,19421.06,5148.84,803.05,7203.17,0.0,139.2,37.71,3.24,4306.36,7.489999999999895,15111.460000000003,22.19034388442237
2022-10-04 07:00:00,196.98,21181.41,5578.95,819.02,8253.52,70.09,134.43,43.1,201.15,4054.08,48.41000000000008,16926.18,20.089455801101057
2022-10-04 08:00:00,191.66,21997.76,5641.19,916.53,8479.59,77.05,151.24,43.1,848.74,3515.35,330.39000000000004,17633.67,19.83879267707258
2022-10-04 09:00:00,183.84,22354.93,5383.55,920.59,8430.87,234.02,159.44,43.1,1622.75,3335.06,216.25,17397.120000000003,22.177703083838775
2022-10-04 10:00:00,124.5,21819.51,5128.41,880.79,8176.53,63.04,163.15,5.39,2301.89,3344.63,-75.47000000000008,16172.989999999998,25.878307991334363
2022-10-04 11:00:00,122.46,22000.86,4965.62,864.33,8007.23,5.11,163.09,0.0,3034.35,3234.74,-106.87000000000006,15731.77,28.49474975069156
2022-10-04 12:00:00,113.99,22067.55,4957.09,866.78,7531.42,0.0,148.94,0.0,3711.01,3196.01,-104.02999999999997,15160.529999999999,31.299441940768236
2022-10-04 13:00:00,119.25,21822.78,4894.97,833.05,7374.34,0.0,146.94,0.0,3898.71,3216.91,-239.37000000000006,14707.16,32.60638653737058
2022-10-04 14:00:00,123.52,21404.53,4815.81,796.89,7183.27,0.0,146.08,0.0,3656.7,3005.88,99.42999999999998,14741.949999999999,31.126962376655786
2022-10-04 15:00:00,144.99,21475.53,5029.13,811.91,7688.84,0.0,142.76,37.71,3160.23,2696.71,53.160000000000025,15618.589999999998,27.27262144403421
2022-10-04 16:00:00,194.95,21380.11,5186.52,827.95,8862.24,0.0,142.88,43.1,2082.7,2141.74,210.86999999999983,17155.670000000002,19.758738378801606
2022-10-04 17:00:00,207.24,21448.13,5318.75,830.15,10463.2,96.45,143.4,43.1,755.28,1627.9,38.27999999999997,19064.95,11.111364953494782
2022-10-04 18:00:00,219.63,22168.85,5320.26,995.47,11131.07,693.92,150.54,43.1,56.96,1540.7,-70.34000000000015,20571.19,7.206778881177869
2022-10-04 19:00:00,275.92,23097.69,5255.93,1194.51,11331.79,984.94,188.18,43.1,0.0,1855.7,-77.85000000000002,21241.989999999998,8.034136747008034
2022-10-04 20:00:00,215.94,22573.7,5236.63,926.13,10956.81,779.34,192.71,43.1,0.0,2237.75,19.18999999999994,20335.95,9.913084695907184
2022-10-04 21:00:00,193.81,21054.19,5256.7,813.71,9851.16,184.78,193.34,43.1,0.0,2541.76,4.069999999999936,18512.43,12.072466335679504
2022-10-04 22:00:00,191.68,19317.89,5107.82,810.17,8479.99,9.63,160.5,43.1,0.0,2792.69,-30.819999999999936,16525.2,14.456496025187015
2022-10-04 23:00:00,133.2,17992.93,4458.37,809.0,7668.22,0.0,155.76,5.39,0.0,3186.73,120.98000000000002,14806.2,17.711012047509772
2022-10-05 00:00:00,95.79,16894.73,3693.72,807.6,7297.94,0.0,143.08,0.0,0.0,3304.68,286.1700000000002,13590.05,19.560419136618343
2022-10-05 01:00:00,90.59,16311.06,3513.18,816.68,7142.62,0.0,144.43,0.0,0.0,3265.45,89.36000000000001,13045.61,20.019851560842767
2022-10-05 02:00:00,91.64,15976.28,3602.78,799.01,7043.89,0.0,146.83,0.0,0.0,3318.78,-259.73,12657.5,20.773171226343052
2022-10-05 03:00:00,91.63,16007.03,3698.82,799.0,7154.28,0.0,146.76,0.0,0.0,3321.13,-344.35999999999996,12685.900000000001,20.747946371063215
2022-10-05 04:00:00,98.02,16238.48,3590.66,802.94,7319.18,0.0,146.78,0.0,0.0,3437.28,-350.97999999999996,12801.199999999999,21.167498435814192
2022-10-05 05:00:00,88.74,17167.94,3578.03,801.0,7562.53,0.67,146.68,0.0,0.0,3701.19,-80.30000000000007,13466.749999999998,21.558730983449383
2022-10-05 06:00:00,162.62,19728.04,4812.54,815.42,8108.1,70.2,146.35,37.71,3.91,3915.81,-7.159999999999968,15808.320000000002,19.868775610755048
2022-10-05 07:00:00,152.66,21361.68,5076.78,817.31,8904.56,85.61,150.79,43.1,279.34,3909.39,98.2700000000001,17172.95,19.60861692526056
2022-10-05 08:00:00,155.15,22075.53,5023.86,805.14,9023.96,77.31,150.65,43.1,1229.61,3629.45,40.270000000000095,17216.47,22.01106836393056
2022-10-05 09:00:00,156.23,22126.14,5055.0,800.09,8726.2,74.19,150.63,43.1,2403.01,2818.5,64.65000000000003,16904.629999999997,23.598829258063088
2022-10-05 10:00:00,156.22,21768.3,5085.99,799.93,7931.02,93.91,175.09,43.1,3266.73,2336.04,181.40000000000003,16165.529999999999,25.73820647455245
2022-10-05 11:00:00,143.41,21727.73,4965.7,773.09,7927.48,255.2,178.83,43.1,3548.5,2219.41,-31.250000000000114,15959.82,26.546307414534333
2022-10-05 12:00:00,116.33,21618.73,4952.16,778.63,7547.84,287.78,165.74,5.39,3609.71,2338.03,110.78000000000003,15670.99,27.511976883008394
2022-10-05 13:00:00,126.03,21771.85,4918.72,793.96,7627.32,219.05,159.59,0.0,3640.83,2587.4,46.07999999999993,15543.619999999999,28.606801902456613
2022-10-05 14:00:00,131.4,21331.35,5032.3,823.77,7781.2,0.0,159.48,0.0,3017.91,2469.61,202.20999999999998,15843.829999999998,25.725141634261313
2022-10-05 15:00:00,138.01,21429.18,5022.82,807.59,8539.79,0.0,159.31,37.71,2319.4,2542.56,28.560000000000173,16567.22,22.688502313200974
2022-10-05 16:00:00,159.56,21339.08,5264.53,810.3,8996.45,6.71,169.26,43.1,1377.66,2543.75,140.75999999999988,17417.670000000002,18.376659162438116
2022-10-05 17:00:00,155.95,21456.38,5388.72,834.14,9528.55,73.74,169.6,43.1,520.16,2812.94,3.6399999999999864,18123.280000000002,15.534307278301371
2022-10-05 18:00:00,162.49,22326.29,5280.07,809.77,9757.32,589.95,189.29,43.1,78.95,3651.35,-150.92999999999995,18595.99,16.708105108372234
2022-10-05 19:00:00,170.79,23117.21,5178.72,813.47,9492.06,747.8,193.89,43.1,0.0,4478.75,108.19000000000005,18638.46,19.374094019131203
2022-10-05 20:00:00,146.45,22500.0,5161.48,785.02,8595.13,621.02,188.54,43.1,0.0,4860.16,314.55999999999995,17639.84,21.60071111111111
2022-10-05 21:00:00,107.81,20857.05,4948.0,766.68,7462.79,570.66,187.15,43.1,0.0,5108.7,-28.180000000000064,15748.349999999999,24.493876171366516
2022-10-05 22:00:00,106.33,19213.18,4658.83,781.0,6641.08,241.35,165.74,43.1,0.0,5242.4,-229.6500000000001,13970.78,27.28543635150454
2022-10-05 23:00:00,97.24,17948.99,4059.32,785.96,6303.13,194.5,163.19,5.39,0.0,5439.7,-616.3800000000001,12509.29,30.30644064094971
2022-10-06 00:00:00,81.21,16973.18,3863.07,623.42,6074.11,101.88,149.65,0.0,0.0,5502.2,-909.74,11470.98,32.41702497705203
2022-10-06 01:00:00,81.06,16236.2,3733.69,599.09,6017.38,6.86,148.75,0.0,0.0,5503.29,-1252.87,10732.91,33.8951848338897
2022-10-06 02:00:00,81.22,16051.95,3527.74,589.35,5964.68,0.0,148.8,0.0,0.0,5710.95,-1395.85,10341.0,35.57792043957276
2022-10-06 03:00:00,89.29,16176.81,3620.86,591.28,5977.19,0.0,148.73,0.0,0.0,5927.13,-1419.3200000000002,10249.68,36.639671233079945
2022-10-06 04:00:00,80.57,16382.96,3679.06,600.36,6020.06,0.0,148.76,0.0,0.0,5848.1,-1115.1100000000001,10534.859999999999,35.69623560089264
2022-10-06 05:00:00,72.97,17098.28,3755.48,598.73,6011.15,0.0,148.65,37.71,0.0,5800.08,-269.6199999999998,11298.199999999999,33.92200852951291
2022-10-06 06:00:00,95.2,19633.25,5092.92,615.02,6220.27,50.47,148.01,43.1,5.56,5874.1,-7.480000000000018,13753.59,29.947461576662043
2022-10-06 07:00:00,95.09,21252.64,5501.92,635.62,6848.05,107.0,145.31,43.1,411.08,5666.21,126.69000000000017,15175.349999999999,28.595459199421814
2022-10-06 08:00:00,99.71,22112.25,5531.92,643.1,6751.94,9.88,167.3,43.1,1696.41,5282.73,233.64999999999986,15133.11,31.562324051148117
2022-10-06 09:00:00,78.1,22313.08,5107.08,644.55,6289.69,0.0,176.3,43.1,2897.04,5234.03,307.06000000000006,14182.010000000002,36.440823050874194
2022-10-06 10:00:00,73.06,21556.3,4548.13,647.61,6238.59,0.0,164.95,5.39,3413.69,5268.05,154.71999999999997,12874.56,40.27472247092497
2022-10-06 11:00:00,73.07,21540.11,4602.83,633.05,6143.8,0.0,157.9,0.0,3818.31,5363.69,-350.89999999999986,12358.11,42.6274517632454
2022-10-06 12:00:00,73.05,21752.24,4487.79,631.31,6101.02,0.0,151.56,0.0,4186.63,5492.18,-490.6399999999999,12073.43,44.49569331710206
2022-10-06 13:00:00,71.87,22039.86,4420.6,650.63,6164.62,0.0,156.89,0.0,4267.89,5380.38,25.95999999999981,12391.59,43.77645774519439
2022-10-06 14:00:00,72.52,21501.14,4555.59,636.45,6063.61,0.0,153.85,0.0,3931.98,5127.49,-84.17999999999995,12441.67,42.13483564127297
2022-10-06 15:00:00,83.06,21645.04,5085.46,636.3,6234.98,50.33,153.31,37.71,3288.29,4793.28,-163.34000000000015,13563.470000000001,37.336821738375164
2022-10-06 16:00:00,107.78,21490.6,5308.2,662.7,7387.95,16.78,151.05,43.1,2025.21,4142.98,-78.95000000000005,15322.41,28.701804509878738
2022-10-06 17:00:00,145.2,21460.4,5607.0,771.73,8573.72,297.13,161.93,43.1,682.23,3080.53,268.2700000000002,17697.64,17.53350356936497
2022-10-06 18:00:00,155.66,22386.39,5690.05,802.46,9544.97,801.54,181.24,43.1,70.35,2841.23,252.74,19474.809999999998,13.006027322851072
2022-10-06 19:00:00,175.89,23189.51,5780.82,818.95,9759.53,1070.08,187.0,43.1,0.0,3042.54,361.78999999999996,20146.969999999998,13.120328976334559
2022-10-06 20:00:00,155.55,22637.05,5754.59,759.63,9477.38,728.34,186.63,43.1,0.0,3239.34,310.5500000000002,19397.71,14.309903454734608
2022-10-06 21:00:00,140.08,21077.08,5647.69,652.92,8880.11,256.75,177.16,43.1,0.0,3381.76,-34.999999999999886,17695.32,16.04472725823501
2022-10-06 22:00:00,146.04,19389.36,5539.17,638.56,7827.4,12.23,166.99,43.1,0.0,3213.41,80.31999999999994,16175.95,16.573058625968056
2022-10-06 23:00:00,116.26,18119.69,5187.96,645.69,7326.69,0.0,166.18,43.1,0.0,2934.1,91.61000000000001,15185.589999999998,16.192881887052152
2022-10-07 00:00:00,111.44,17039.74,4967.65,642.04,7246.97,0.0,161.86,5.39,0.0,2608.64,84.83000000000004,14431.100000000002,15.309153778167975
2022-10-07 01:00:00,112.0,16565.48,5061.77,641.91,7434.3,0.0,162.26,0.0,0.0,2224.48,-207.43999999999994,14341.0,13.428406541796555
2022-10-07 02:00:00,122.18,16214.56,5017.48,636.1,7621.62,0.0,162.06,0.0,0.0,1898.75,-436.79999999999995,14315.81,11.71015433042895
2022-10-07 03:00:00,122.85,16227.79,5015.31,637.19,7623.26,0.0,162.2,0.0,0.0,1777.05,-312.28999999999996,14450.740000000002,10.950659331923816
2022-10-07 04:00:00,111.48,16586.23,4983.66,643.09,7714.16,0.0,162.14,0.0,0.0,1884.36,-147.82000000000005,14701.869999999999,11.360990411926037
2022-10-07 05:00:00,136.52,17388.13,5107.23,676.91,8050.72,0.02,162.01,0.0,0.0,1928.61,0.03999999999984993,15459.52,11.09153198187499
2022-10-07 06:00:00,186.79,19795.2,5512.62,783.93,9098.92,118.22,161.45,37.71,9.25,2066.04,-16.189999999999827,17719.91,10.483804154542515
2022-10-07 07:00:00,173.74,21443.18,5634.97,840.24,9530.58,367.8,173.19,43.1,471.65,2288.9,-7.060000000000173,18682.63,12.873790174778183
2022-10-07 08:00:00,145.99,22199.65,5560.12,659.2,8985.15,401.08,188.23,43.1,2189.75,2254.89,-86.62999999999988,17755.010000000002,20.021216550711383
2022-10-07 09:00:00,133.53,22036.69,5365.17,651.31,8171.8,140.11,194.34,43.1,4058.86,1550.34,-23.660000000000082,16427.489999999998,25.453913450704256
2022-10-07 10:00:00,95.12,21326.69,4986.97,652.68,7564.57,0.0,191.85,5.39,5294.64,1094.79,-179.37000000000006,14937.259999999998,29.95978278860902
2022-10-07 11:00:00,100.21,21173.71,4706.22,630.54,7398.01,0.0,191.06,0.0,5974.06,1667.88,-434.09000000000003,13531.769999999999,36.09164383568114
2022-10-07 12:00:00,98.92,21054.29,3514.94,608.57,7286.78,0.0,169.79,0.0,6302.13,2473.05,20.359999999999957,12279.11,41.67882175081658
2022-10-07 13:00:00,85.61,20872.2,3180.21,603.35,7326.89,0.0,165.29,0.0,6114.66,2252.49,319.97,12505.050000000001,40.087532698996746
2022-10-07 14:00:00,83.89,20622.28,3313.2,595.02,7491.61,0.0,166.84,0.0,5468.61,1771.8,620.7099999999998,13381.869999999999,35.109648399691984
2022-10-07 15:00:00,110.2,21005.61,4674.59,593.0,7895.58,0.0,166.66,37.71,4302.09,1549.3,-20.079999999999927,15154.220000000001,27.856320287770743
2022-10-07 16:00:00,152.33,21257.58,5714.24,590.52,8675.93,17.0,176.81,43.1,2560.18,1384.55,112.31000000000006,17312.850000000002,18.556815968703866
2022-10-07 17:00:00,193.02,21244.35,5830.65,593.28,9993.32,356.7,180.53,43.1,733.51,1329.68,-6.92999999999995,19181.16,9.711711584491878
2022-10-07 18:00:00,182.65,21989.44,5785.75,596.17,10694.97,522.51,198.66,43.1,101.16,1966.73,-219.60000000000008,19921.55,9.404013926684808
2022-10-07 19:00:00,183.26,22484.65,5786.67,602.62,10469.85,485.08,210.23,43.1,0.0,2786.8,-98.24000000000012,19697.850000000002,12.39423339923014
2022-10-07 20:00:00,164.14,21760.36,5633.67,609.91,9835.58,172.06,208.15,43.1,0.0,3194.03,-90.62000000000012,18566.33,14.678203853245076
2022-10-07 21:00:00,128.13,20251.4,5528.89,609.89,8581.8,9.71,189.54,43.1,0.0,3462.69,-170.20999999999998,16788.710000000003,17.09852158369298
2022-10-07 22:00:00,131.25,18877.64,5400.88,498.81,7438.98,0.0,184.64,43.1,0.0,3526.41,-105.70000000000005,15351.23,18.68035411206062
2022-10-07 23:00:00,111.55,17647.3,5207.75,262.95,6876.3,0.0,184.18,5.39,0.0,3396.69,-46.32000000000005,14250.609999999999,19.247646948825032
2022-10-08 00:00:00,131.58,16534.9,4665.73,172.71,6545.24,0.0,156.19,0.0,0.0,3071.58,179.4200000000002,13463.320000000002,18.576344580251465
2022-10-08 01:00:00,108.53,15740.73,4616.86,62.69,6380.86,0.0,152.38,0.0,0.0,2839.15,41.400000000000205,12901.58,18.03696524875276
2022-10-08 02:00:00,111.26,15482.15,4619.42,61.69,6357.58,0.0,152.31,0.0,0.0,2851.71,-241.23000000000002,12630.439999999999,18.419340983003007
2022-10-08 03:00:00,112.26,15421.9,4596.69,61.6,6443.68,0.0,152.31,0.0,0.0,2820.44,-320.7500000000001,12601.46,18.28853772881422
2022-10-08 04:00:00,123.32,15466.1,4624.31,61.69,6515.76,0.0,152.33,0.0,0.0,2679.73,-263.1,12786.37,17.32647532344935
2022-10-08 05:00:00,118.52,15642.64,4653.12,61.73,6456.77,0.0,152.11,0.0,0.0,2590.45,47.319999999999936,13052.189999999999,16.560184214429277
2022-10-08 06:00:00,107.47,16344.99,5095.44,61.87,6768.32,0.0,150.99,0.0,7.51,2519.28,-14.13000000000011,13818.199999999999,15.459110100403858
2022-10-08 07:00:00,143.9,17227.43,5201.05,61.46,7238.62,0.0,147.64,37.71,323.73,2398.74,43.549999999999955,14504.960000000001,15.803111665524108
2022-10-08 08:00:00,162.54,18527.56,5243.68,61.27,7318.87,0.0,143.4,43.1,1457.83,2318.68,158.1500000000001,14751.050000000001,20.383202105404056
2022-10-08 09:00:00,160.13,19107.76,5116.9,61.37,7322.85,0.0,146.08,43.1,2905.05,1732.01,-17.209999999999923,14470.699999999997,24.267941401817904
2022-10-08 10:00:00,129.97,19128.14,5170.62,61.62,6913.16,0.0,131.35,5.39,3906.4,1224.76,47.98000000000019,13996.98,26.825190530809586
2022-10-08 11:00:00,119.58,19159.19,5087.81,78.97,6451.32,0.0,120.89,0.0,4368.1,1468.69,57.85000000000002,13322.399999999998,30.464701273905636
2022-10-08 12:00:00,100.74,19037.68,4887.76,80.84,6150.47,0.0,123.48,0.0,4358.26,2155.94,1.2800000000000864,12523.48,34.217404641742064
2022-10-08 13:00:00,100.54,18779.98,4640.1,97.58,6125.64,0.0,134.24,0.0,3724.66,2742.49,-1.42999999999995,12312.83,34.43640515059121
2022-10-08 14:00:00,100.79,18204.46,4682.53,187.74,6164.89,0.0,142.65,0.0,2782.4,2830.46,182.1099999999998,12591.599999999999,30.83233449385481
2022-10-08 15:00:00,113.49,18291.09,5165.81,215.23,6352.99,6.71,142.85,0.0,1984.65,2739.39,137.76999999999987,13567.05,25.827001015248406
2022-10-08 16:00:00,132.51,18422.16,5195.11,222.89,6936.68,86.86,152.68,37.71,1157.34,2614.59,243.89999999999998,14650.23,20.474960590940476
2022-10-08 17:00:00,149.94,18618.18,5185.44,256.74,7765.84,518.39,157.84,43.1,404.64,2506.48,-80.68000000000029,15707.060000000001,15.635899964443356
2022-10-08 18:00:00,197.8,19489.36,5183.61,257.54,8169.99,957.53,161.93,43.1,98.04,2810.74,-92.56000000000006,16580.58,14.92496418558639
2022-10-08 19:00:00,211.48,19767.94,5268.98,259.04,7954.13,1170.69,162.23,43.1,0.0,3117.7,-48.350000000000136,16650.239999999998,15.771496675930827
2022-10-08 20:00:00,178.02,19191.84,5277.16,270.53,7442.71,806.63,167.06,43.1,0.0,3396.29,64.04999999999995,15795.55,17.696531442529743
2022-10-08 21:00:00,146.13,18143.98,5201.72,295.35,6679.9,159.29,167.95,43.1,0.0,3724.55,109.68000000000018,14419.43,20.52774529072453
2022-10-08 22:00:00,101.94,16963.09,5028.07,290.02,5935.35,0.0,164.51,43.1,0.0,3707.78,158.99,13255.31,21.857928007220384
2022-10-08 23:00:00,99.17,15698.91,4722.24,314.62,5444.77,0.0,153.75,5.39,0.0,3645.3,-70.54999999999995,12053.61,23.220083432544044
2022-10-09 00:00:00,69.54,14732.55,3833.76,373.72,5272.43,0.0,128.44,0.0,0.0,3657.89,50.72000000000014,11074.66,24.828627766408395
2022-10-09 01:00:00,69.53,14147.44,3645.91,393.86,5261.0,0.0,125.8,0.0,0.0,3638.24,-335.64000000000004,10509.2,25.71659607674604
2022-10-09 02:00:00,72.4,13830.33,3854.21,395.41,5281.6,0.0,124.9,0.0,0.0,3457.53,-736.54,10372.8,24.999620399513244
2022-10-09 03:00:00,72.41,13566.06,3876.65,393.91,5268.17,0.0,124.9,0.0,0.0,3491.48,-923.5,10074.58,25.736875703041267
2022-10-09 04:00:00,72.38,13575.98,3790.96,396.1,5276.36,0.0,125.03,0.0,0.0,3378.38,-754.26,10197.599999999999,24.884980679111194
2022-10-09 05:00:00,72.07,13711.53,3800.07,392.15,5237.47,0.0,125.9,0.0,0.0,3055.88,-271.2799999999999,10655.650000000001,22.286936614659343
2022-10-09 06:00:00,72.21,14191.56,4053.37,395.42,5365.18,0.0,135.3,0.0,7.64,2850.34,-114.85000000000002,11333.58,20.138589415117156
2022-10-09 07:00:00,78.4,14593.8,4309.47,395.98,5531.12,0.0,139.18,0.0,251.59,2504.26,-6.610000000000056,11837.949999999999,18.88370403870137
2022-10-09 08:00:00,82.53,15594.76,4496.76,417.6,5601.79,131.66,147.25,37.71,1123.34,2035.88,81.54000000000005,12435.54,20.25821493886408
2022-10-09 09:00:00,76.37,16427.8,4825.16,402.66,5599.1,99.01,158.25,43.1,2212.0,1385.9,57.170000000000016,12829.9,21.901289277931312
2022-10-09 10:00:00,71.03,16581.05,4790.12,400.17,5409.33,0.0,154.78,5.39,3158.59,1082.94,-1.1199999999997914,12339.519999999999,25.580587477873845
2022-10-09 11:00:00,69.75,16711.41,4700.25,396.19,5266.2,0.0,145.16,0.0,4045.03,1118.71,-233.74000000000007,11547.67,30.899487236564717
2022-10-09 12:00:00,71.88,16735.96,4614.33,398.99,5248.11,0.0,130.13,0.0,4523.54,975.99,0.37000000000011823,11236.43,32.86055894015043
2022-10-09 13:00:00,72.34,16943.21,4470.5,403.63,5324.44,0.0,130.46,0.0,4650.61,837.0,247.7199999999999,11455.599999999999,32.388254645961425
2022-10-09 14:00:00,72.45,16476.99,4658.09,393.23,5400.69,0.0,135.18,0.0,4163.59,743.59,-8.350000000000023,11569.810000000001,29.782017225233492
2022-10-09 15:00:00,89.41,16375.4,4589.03,383.22,5592.04,0.0,135.16,0.0,3597.38,615.36,126.58000000000015,12162.66,25.726028066489974
2022-10-09 16:00:00,140.04,16491.14,5204.72,408.99,6239.64,39.84,135.3,0.0,2157.16,467.34,137.12,13866.64,15.914606267365386
2022-10-09 17:00:00,164.83,17194.61,5428.63,440.98,7583.89,407.5,149.55,37.71,748.76,329.58,126.83000000000001,16116.27,6.271383881344211
2022-10-09 18:00:00,195.25,18551.8,5650.26,445.56,8467.82,753.55,167.56,43.1,88.34,339.65,572.6099999999999,18123.809999999998,2.3069998598518744
2022-10-09 19:00:00,203.32,19273.9,5531.87,440.99,9359.67,1008.91,169.18,43.1,0.0,471.43,156.57000000000008,18802.47,2.4459502228402137
2022-10-09 20:00:00,196.7,18833.04,5485.24,441.92,9067.09,841.97,171.01,43.1,0.0,636.44,118.08000000000011,18196.600000000002,3.3793800682205317
2022-10-09 21:00:00,123.6,17818.76,5307.75,447.8,7479.4,444.25,168.8,43.1,0.0,857.46,1208.08,16961.3,4.812119361841116
2022-10-09 22:00:00,97.59,16785.34,5153.7,432.09,7092.72,0.0,138.51,43.1,0.0,1365.49,807.6400000000001,15419.85,8.135015436088873
2022-10-09 23:00:00,72.47,15714.56,4668.35,430.09,6315.28,0.0,137.08,5.39,0.0,1989.95,637.7400000000001,13724.609999999999,12.663097153213327
2022-10-10 00:00:00,100.19,14955.79,4843.18,427.24,6149.3,0.0,127.8,0.0,0.0,2624.04,-546.5399999999998,12331.75,17.545311882555183
2022-10-10 01:00:00,82.56,14596.13,4680.0,425.05,6124.75,0.0,127.85,0.0,0.0,2924.89,-579.02,11671.24,20.038804806479526
2022-10-10 02:00:00,84.34,14497.96,4645.52,429.44,6215.97,0.0,127.43,0.0,0.0,3089.09,-901.3400000000001,11408.869999999999,21.30706664937688
2022-10-10 03:00:00,82.47,14575.79,4446.1,427.12,6120.88,0.0,126.55,0.0,0.0,3308.48,-642.7,11267.310000000001,22.69846094105362
2022-10-10 04:00:00,84.22,14969.93,4518.69,421.43,6202.11,0.0,127.03,0.0,0.0,3604.51,-648.05,11365.42,24.078335703640565
2022-10-10 05:00:00,89.01,16122.64,4885.45,420.36,6672.43,0.0,127.91,0.0,0.0,3747.95,-655.3899999999998,12374.689999999999,23.246503054090397
2022-10-10 06:00:00,125.07,19118.74,5408.46,434.32,7673.07,124.89,137.7,37.71,3.41,4028.35,-513.4399999999998,15086.980000000001,21.088000569075156
2022-10-10 07:00:00,122.63,21188.41,5531.89,432.07,8490.99,548.59,144.28,43.1,398.64,4352.44,-715.5600000000001,16437.33,22.423013336064386
2022-10-10 08:00:00,118.61,22042.3,5537.16,431.84,8212.04,173.05,155.15,43.1,2073.2,4228.89,-693.61,15740.21,28.590891150197578
2022-10-10 09:00:00,107.32,21811.04,5359.07,426.82,7511.09,0.0,149.25,5.39,4004.71,3279.38,-716.98,14526.95,33.396344236680136
2022-10-10 10:00:00,82.36,21070.13,4687.39,418.19,6892.46,0.0,145.13,0.0,5290.18,3092.88,-849.1600000000001,12687.07,39.78646548455088
2022-10-10 11:00:00,82.5,20970.58,3895.42,428.85,6602.66,0.17,142.41,0.0,5965.63,3414.73,-708.12,11590.220000000001,44.731047019205
2022-10-10 12:00:00,92.65,20853.53,3482.36,433.83,6668.11,0.17,138.95,0.0,6025.88,3453.76,-826.95,11373.89,45.45820299968399
2022-10-10 13:00:00,86.02,20975.75,3763.64,430.62,6609.85,0.0,138.45,0.0,5634.59,3530.98,-722.29,11810.18,43.69602993933471
2022-10-10 14:00:00,86.14,20564.78,4162.3,430.17,6557.25,0.0,138.21,0.0,4734.48,3724.36,-774.3,12105.939999999999,41.13265495667836
2022-10-10 15:00:00,82.73,21019.75,5084.0,442.13,6842.77,0.0,138.35,0.0,3549.44,3799.41,-581.76,13670.9,34.96164321649877
2022-10-10 16:00:00,107.02,21239.88,5583.98,442.67,7998.46,13.93,152.63,0.0,2019.15,3713.29,-614.4500000000002,15507.44,26.989041369348605
2022-10-10 17:00:00,125.65,21285.46,5684.83,475.4,8825.49,465.67,153.76,37.71,530.24,3793.49,-644.4799999999999,16961.73,20.313068169539207
2022-10-10 18:00:00,125.72,22271.45,5557.12,480.93,9252.15,806.23,171.21,43.1,20.43,4383.7,-528.55,17867.32,19.774778920995264
2022-10-10 19:00:00,127.77,22954.8,5558.52,470.8,9116.32,789.39,177.89,43.1,0.0,4787.81,-48.31000000000006,18166.989999999998,20.85755484691655
2022-10-10 20:00:00,121.57,22296.8,5514.28,473.64,8512.42,591.04,179.24,43.1,0.0,4965.03,49.590000000000146,17331.77,22.267903914463062
2022-10-10 21:00:00,108.11,20787.69,5375.46,441.37,7829.99,125.68,181.63,5.39,0.0,4876.98,61.22000000000003,15910.71,23.460904025411192
2022-10-10 22:00:00,103.17,19154.79,4961.15,434.61,7130.44,0.0,152.9,0.0,0.0,4786.04,-12.400000000000205,14368.75,24.986126185669484
2022-10-10 23:00:00,100.11,17866.46,4372.23,431.38,6897.94,0.0,136.28,0.0,0.0,4631.25,-75.91999999999985,13235.21,25.92147521109386
2022-10-11 00:00:00,101.71,16856.33,3935.35,419.62,6724.25,0.0,140.21,0.0,0.0,4361.68,268.2800000000001,12494.650000000001,25.875620612553263
2022-10-11 01:00:00,102.72,16410.29,3890.13,436.33,6802.18,0.0,139.65,0.0,0.0,4265.79,-136.49000000000024,12144.5,25.994604604793697
2022-10-11 02:00:00,103.29,16109.48,3918.1,435.24,6781.92,0.0,137.96,0.0,0.0,4361.86,-481.2300000000001,11747.619999999999,27.07635504063446
2022-10-11 03:00:00,103.09,16151.89,3841.79,433.18,6791.41,0.0,138.59,0.0,0.0,4392.85,-277.25,11759.039999999999,27.19712677587577
2022-10-11 04:00:00,154.08,16599.31,4504.22,441.86,7105.06,0.0,138.03,0.0,0.0,4300.98,-925.0099999999998,12298.330000000002,25.91059507895207
2022-10-11 05:00:00,110.11,17416.33,4508.24,477.82,7192.8,0.0,138.98,0.0,0.0,3918.38,13.300000000000182,13497.95,22.49831049365739
2022-10-11 06:00:00,178.5,19934.88,5363.66,479.2,8178.92,16.86,140.0,0.0,3.14,3620.59,436.81000000000006,16311.150000000001,18.177837037393754
2022-10-11 07:00:00,175.65,21537.2,5616.89,477.42,9236.37,143.61,143.45,0.0,228.3,3417.48,390.6500000000001,17891.420000000002,16.927827201307505
2022-10-11 08:00:00,179.77,22417.45,5633.08,477.85,9252.06,252.02,152.29,0.0,1249.08,2860.31,601.97,18308.06,18.331210730926127
2022-10-11 09:00:00,164.34,22477.49,5663.94,483.0,8577.47,74.05,157.06,0.0,2505.13,2398.09,867.8,17574.27,21.813912496457565
2022-10-11 10:00:00,138.31,21964.81,5411.01,478.59,7904.81,0.17,153.39,0.0,3315.29,2341.01,662.8799999999998,16308.510000000002,25.751645472917815
2022-10-11 11:00:00,113.0,21959.21,5270.68,473.59,7495.44,0.0,153.54,0.0,3871.69,2603.24,530.58,15484.279999999999,29.48617003981473
2022-10-11 12:00:00,105.38,21952.16,5255.49,470.45,7310.08,0.0,153.53,0.0,4161.93,2900.06,420.17999999999995,14890.17,32.169909475878455
2022-10-11 13:00:00,105.26,21718.05,5056.16,469.32,7309.91,0.0,153.54,0.0,4140.23,2992.2,359.3499999999998,14585.619999999999,32.841023940915505
2022-10-11 14:00:00,105.71,21239.04,4995.28,466.49,7389.46,0.0,153.39,0.0,3701.03,3022.01,16.46000000000015,14516.0,31.65416139335865
2022-10-11 15:00:00,126.39,21186.49,5277.91,472.1,7909.57,0.0,152.56,0.0,2837.48,2801.31,58.03000000000003,15547.7,26.615026840217514
2022-10-11 16:00:00,159.72,21634.38,5367.57,477.08,9073.88,0.0,153.15,0.0,1956.54,2449.35,372.0400000000001,17228.49,20.365224240306397
2022-10-11 17:00:00,186.13,21826.93,5671.38,494.03,10320.01,161.9,171.03,37.71,482.7,1703.68,805.5699999999999,19640.55,10.016891977021047
2022-10-11 18:00:00,196.3,22853.94,5596.64,481.07,11217.26,1011.04,181.85,43.1,14.0,1594.34,575.2200000000001,21245.6,7.037473625991843
2022-10-11 19:00:00,215.71,23409.78,5500.81,474.71,11660.69,1074.87,188.58,43.1,0.0,1869.36,463.52,21540.42,7.985380469188518
2022-10-11 20:00:00,196.84,22834.89,5466.71,473.83,11013.41,991.21,197.66,43.1,0.0,2042.54,521.4200000000001,20792.35,8.944820842141127
2022-10-11 21:00:00,184.89,21184.76,5449.23,475.13,10103.56,387.43,188.66,43.1,0.0,2102.85,499.8800000000001,19081.91,9.926239428721402
2022-10-11 22:00:00,188.49,19698.94,5380.07,479.67,9328.46,26.58,171.36,43.1,0.0,2044.76,399.73000000000013,17654.18,10.380050906292421
2022-10-11 23:00:00,181.53,18380.84,4828.09,444.34,8889.84,0.0,143.75,5.39,0.0,1985.06,503.21,16395.78,10.799615251533663
2022-10-12 00:00:00,195.43,17402.91,5142.09,443.17,9036.46,0.0,135.5,0.0,0.0,1794.29,-774.1200000000001,15608.619999999999,10.310287187602533
2022-10-12 01:00:00,196.66,16932.56,5283.63,442.65,9570.35,0.0,135.66,0.0,0.0,1601.54,-1644.03,15331.02,9.458345341755765
2022-10-12 02:00:00,195.67,16578.88,5224.37,435.89,9815.99,0.0,135.76,0.0,0.0,1505.18,-1980.4899999999996,15073.7,9.078900384103147
2022-10-12 03:00:00,195.93,16677.18,5265.01,435.7,9777.67,0.0,135.76,0.0,0.0,1339.31,-1804.2800000000002,15337.87,8.030794175034387
2022-10-12 04:00:00,196.07,16917.9,5326.56,445.46,9598.68,0.0,135.74,0.0,0.0,1125.23,-1242.7900000000002,15792.670000000002,6.651121002015616
2022-10-12 05:00:00,194.24,17702.06,5292.27,479.65,9522.11,0.0,135.73,0.0,0.0,932.96,-100.54000000000019,16769.100000000002,5.27034706695153
2022-10-12 06:00:00,216.38,20411.99,5729.04,651.78,10688.72,99.76,137.64,37.71,3.18,793.16,228.33999999999997,19615.65,3.9013344607752596
2022-10-12 07:00:00,217.5,21887.46,5964.41,706.8,11244.2,363.84,152.01,43.1,326.24,760.31,171.95000000000005,20800.91,4.9642580728873975
2022-10-12 08:00:00,217.47,22879.01,6018.43,638.81,11328.81,301.8,164.85,43.1,1666.08,567.96,3.9700000000000273,20644.969999999998,9.764583345170967
2022-10-12 09:00:00,197.07,22782.65,5943.09,479.95,10660.33,46.63,178.46,5.39,3188.18,287.6,41.39000000000004,19306.870000000003,15.25625860029452
2022-10-12 10:00:00,164.38,21741.39,5691.4,484.42,9670.2,0.0,164.44,0.0,4195.18,146.64,-77.8900000000001,17399.57,19.97029628740389
2022-10-12 11:00:00,162.22,21622.8,5565.29,537.37,9204.66,0.0,164.06,0.0,4938.55,189.06,-268.67999999999995,16495.19,23.7139038422406
2022-10-12 12:00:00,157.07,21563.03,5276.12,565.57,9012.71,0.0,162.14,0.0,5021.65,252.65,-39.80000000000018,16288.73,24.45992052137385
2022-10-12 13:00:00,159.28,21580.34,5798.43,622.36,8879.04,0.0,162.28,0.0,4195.56,228.81,279.3300000000001,17155.97,20.501854929069705
2022-10-12 14:00:00,164.32,21763.08,6017.47,693.72,9517.32,0.0,148.0,0.0,3660.08,179.25,-62.50999999999988,17923.75,17.641482731304574
2022-10-12 15:00:00,194.9,21775.63,5979.49,893.54,10170.62,0.0,143.28,0.0,2693.31,141.7,-187.6400000000002,18940.620000000003,13.019187045334624
2022-10-12 16:00:00,196.13,21981.61,6180.64,929.33,10826.95,0.0,143.19,0.0,1571.11,126.31,42.609999999999786,20284.190000000002,7.722000344833703
2022-10-12 17:00:00,217.3,22072.53,6238.3,990.87,11431.49,320.25,153.66,0.0,425.71,149.13,198.51000000000005,21497.69,2.6043231111250043
2022-10-12 18:00:00,256.76,22917.19,6230.58,1060.72,11108.88,1010.72,172.5,37.71,18.56,247.74,791.1199999999999,22650.89,1.1620098275573925
2022-10-12 19:00:00,308.1,23421.18,6126.49,1124.85,11138.16,1420.81,175.61,43.1,0.0,394.7,917.8299999999999,23026.48,1.6852267904520608
2022-10-12 20:00:00,225.8,22806.48,5981.81,996.09,11157.79,807.87,187.08,43.1,0.0,631.39,910.35,22175.09,2.7684675583430676
2022-10-12 21:00:00,198.49,21293.21,5911.57,995.04,10660.16,419.16,189.48,43.1,0.0,838.56,174.88999999999987,20454.649999999998,3.938156811490611
2022-10-12 22:00:00,196.11,19758.69,5857.94,856.57,9639.93,125.0,179.3,43.1,0.0,989.24,156.94,18769.449999999997,5.0066072194057405
2022-10-12 23:00:00,192.56,18429.38,5637.26,765.39,8930.79,0.25,166.4,5.39,0.0,1291.49,-43.22999999999968,17137.89,7.0077777982764475
2022-10-13 00:00:00,157.56,17339.59,4941.44,752.26,8529.13,0.0,150.48,0.0,0.0,1534.1,36.0,15805.49,8.847383357968672
2022-10-13 01:00:00,149.07,16770.73,4897.55,752.7,8203.07,0.0,143.63,0.0,0.0,1701.96,-49.91000000000008,15068.77,10.148395448498665
2022-10-13 02:00:00,146.82,16423.95,4877.17,751.85,8191.35,0.0,143.75,0.0,0.0,1870.54,-468.69999999999993,14553.41,11.389099455368532
2022-10-13 03:00:00,144.76,16400.19,4866.21,751.47,8087.08,0.0,144.64,0.0,0.0,1865.69,-340.0899999999999,14534.499999999998,11.37602674115361
2022-10-13 04:00:00,136.06,16801.85,4925.46,751.87,8132.42,0.0,144.68,0.0,0.0,1848.29,-50.55000000000007,14953.559999999998,11.000514824260424
2022-10-13 05:00:00,157.42,17677.63,5039.16,749.71,8536.17,0.01,144.4,0.0,0.0,1928.65,-128.52999999999997,15748.980000000001,10.910116344781512
2022-10-13 06:00:00,183.26,20240.13,5581.99,799.1,9701.59,30.2,142.75,37.71,3.59,2180.03,-173.6600000000002,18056.510000000002,10.788567069480285
2022-10-13 07:00:00,174.78,21749.73,5778.89,791.28,10290.74,95.65,143.31,43.1,251.95,2390.09,-34.87999999999988,19107.69,12.147461140896922
2022-10-13 08:00:00,158.76,22511.93,5736.54,751.58,9871.15,111.91,137.23,43.1,1632.43,2406.63,-130.69999999999982,18472.87,17.941864602457454
2022-10-13 09:00:00,135.99,22362.1,5469.33,750.09,9135.06,14.67,132.06,5.39,3449.46,1738.16,-133.3699999999999,17174.48,23.198268498933462
2022-10-13 10:00:00,113.44,21577.29,5133.02,745.55,8434.62,0.0,132.85,0.0,4707.35,1197.83,-230.1500000000001,15672.11,27.367570255578897
2022-10-13 11:00:00,102.69,21375.34,4454.77,736.15,8158.45,0.0,131.93,0.0,5511.76,1496.34,-366.3199999999998,14367.24,32.78591124164575
2022-10-13 12:00:00,100.6,21045.8,3592.17,741.17,7908.17,0.0,131.96,0.0,5544.24,1845.64,-151.95000000000005,13655.919999999998,35.113324273726825
2022-10-13 13:00:00,100.68,21170.31,3635.49,775.5,7973.7,0.0,134.6,0.0,5318.93,1761.58,120.32999999999998,14089.800000000001,33.44547151175396
2022-10-13 14:00:00,107.58,20888.31,4077.73,780.77,8273.25,0.0,135.03,0.0,4441.44,1621.31,10.349999999999909,14825.560000000001,29.024607543645224
2022-10-13 15:00:00,136.05,21240.8,5341.5,786.93,8576.66,0.0,135.8,0.0,3210.84,1420.14,22.43999999999994,16609.82,21.802286166246095
2022-10-13 16:00:00,162.42,21564.23,5944.07,791.52,9791.27,0.0,144.11,0.0,1680.63,1232.83,10.959999999999923,18650.77,13.510614568663012
2022-10-13 17:00:00,183.25,21791.49,5891.04,777.31,10866.26,160.95,159.49,37.71,319.84,1355.7,68.83999999999992,20115.95,7.688964820670821
2022-10-13 18:00:00,190.58,22742.25,5807.41,847.71,11264.42,564.72,165.98,43.1,16.71,1998.21,-74.83999999999992,20727.33,8.85980938561488
2022-10-13 19:00:00,185.04,23216.78,5756.59,772.69,11018.6,600.97,172.66,43.1,0.0,2832.98,-12.330000000000155,20383.8,12.202295064173413
2022-10-13 20:00:00,178.1,22544.14,5744.34,771.88,10207.97,310.08,181.74,43.1,0.0,3207.96,117.22000000000008,19336.18,14.229684521121674
2022-10-13 21:00:00,148.99,21001.69,5560.95,772.97,9243.54,210.53,167.88,43.1,0.0,3202.34,-68.75999999999999,17799.35,15.24801099340101
2022-10-13 22:00:00,153.19,19436.36,5057.16,775.06,8576.18,0.0,158.65,5.39,0.0,3049.59,26.530000000000086,16386.77,15.690129221726703
2022-10-13 23:00:00,136.09,18035.3,4431.6,767.63,8349.48,0.0,157.59,0.0,0.0,2794.9,-109.67000000000019,15240.4,15.496831214340768
2022-10-14 00:00:00,140.23,17152.18,4324.95,753.74,8154.3,0.0,158.4,0.0,0.0,2363.96,8.480000000000018,14788.220000000001,13.782271408065913
2022-10-14 01:00:00,142.03,16621.08,4383.73,753.29,8181.54,0.0,157.53,0.0,0.0,1981.03,-173.39999999999986,14640.050000000001,11.9187802477336
2022-10-14 02:00:00,141.26,16325.94,4545.03,755.16,8192.99,0.0,157.53,0.0,0.0,1676.21,-383.4900000000001,14649.73,10.267157664428511
2022-10-14 03:00:00,144.1,16313.49,4666.44,751.98,8149.06,0.0,157.56,0.0,0.0,1506.9,-337.1700000000001,14806.59,9.237140550550496
2022-10-14 04:00:00,148.44,16699.49,4888.51,745.13,8152.64,0.0,157.56,0.0,0.0,1459.5,-219.87000000000012,15239.990000000002,8.739787861784999
2022-10-14 05:00:00,159.12,17594.31,5146.35,761.92,8493.05,0.0,157.46,0.0,0.0,1441.74,-59.580000000000155,16152.570000000002,8.194353742772522
2022-10-14 06:00:00,195.35,19994.15,5729.24,957.11,9800.15,0.0,157.25,37.71,5.0,1366.48,86.96999999999997,18622.670000000002,6.8594063763650865
2022-10-14 07:00:00,197.94,21683.24,5910.98,1064.19,10555.52,178.16,157.34,43.1,199.66,1293.84,144.17999999999995,20189.74,6.887808279574455
2022-10-14 08:00:00,197.4,22679.91,5899.9,1074.82,10442.62,527.35,153.75,43.1,980.23,1094.48,289.54000000000013,20605.2,9.14778762349586
2022-10-14 09:00:00,193.61,22787.78,5732.79,1090.21,10248.62,321.53,151.88,43.1,2184.1,701.88,183.12999999999994,19901.8,12.664594795982758
2022-10-14 10:00:00,180.58,22229.9,5716.02,801.66,9907.02,89.48,151.65,5.39,3220.45,320.61,45.22000000000003,18688.84,15.929266438445516
2022-10-14 11:00:00,164.81,22287.96,5664.91,744.0,9558.46,55.66,139.46,0.0,4117.36,225.43,-119.04999999999995,17945.17,19.484914725259735
2022-10-14 12:00:00,158.53,22092.95,5683.87,743.4,9335.33,0.0,137.95,0.0,4141.29,284.86,-62.15000000000009,17666.800000000003,20.03421906083162
2022-10-14 13:00:00,158.54,21913.34,5701.62,742.92,9474.2,0.0,138.66,0.0,3857.59,362.43,-147.13,17693.32,19.257767186563076
2022-10-14 14:00:00,162.66,21895.58,5863.09,750.61,9618.78,16.92,139.94,0.0,3353.88,336.78,28.42999999999995,18204.920000000002,16.855730699986022
2022-10-14 15:00:00,175.34,21861.41,5883.64,745.65,10503.48,118.49,139.69,0.0,2149.46,339.05,-46.68000000000018,19372.9,11.383117557376218
2022-10-14 16:00:00,193.22,21902.23,5937.26,748.65,11383.06,0.0,134.91,37.71,1038.0,407.66,-4.509999999999991,20456.57,6.60051510736578
2022-10-14 17:00:00,200.82,21937.71,6038.33,776.51,11714.1,298.78,147.9,43.1,263.1,572.1,-67.05000000000007,21102.51,3.8071430427332666
2022-10-14 18:00:00,207.65,22789.21,5628.06,1003.42,12101.39,716.21,176.84,43.1,26.09,931.53,-132.89,21831.59,4.202076333492912
2022-10-14 19:00:00,219.38,22874.94,5491.57,983.02,11947.54,782.22,180.55,43.1,0.0,1450.05,-206.32999999999993,21424.89,6.33903302041448
2022-10-14 20:00:00,200.01,22202.83,5562.46,919.41,11258.03,139.33,150.18,43.1,0.0,2011.91,60.6400000000001,20190.920000000002,9.06150252017423
2022-10-14 21:00:00,158.28,20645.91,5613.31,756.44,9854.27,9.41,139.46,43.1,0.0,2260.91,79.85000000000002,18385.0,10.950885671786809
2022-10-14 22:00:00,157.98,19234.63,5253.91,747.92,8866.11,0.0,138.49,5.39,0.0,2433.68,-34.409999999999854,16800.95,12.652595864854172
2022-10-14 23:00:00,143.2,17927.49,4860.07,599.7,8194.79,0.0,130.2,0.0,0.0,2519.3,-83.75000000000011,15408.190000000002,14.052720152123916
2022-10-15 00:00:00,144.93,16870.09,4443.61,474.55,7577.77,0.0,126.45,0.0,0.0,2495.29,219.44999999999993,14374.8,14.791207397233801
2022-10-15 01:00:00,143.95,16256.6,4394.36,479.34,7126.21,0.0,126.28,0.0,0.0,2591.41,180.43000000000006,13665.19,15.9406640995042
2022-10-15 02:00:00,148.83,15839.28,4367.83,471.91,7347.91,0.0,125.93,0.0,0.0,2672.58,-511.1299999999999,13166.7,16.873115444641424
2022-10-15 03:00:00,144.74,15726.7,4416.57,476.51,7167.64,0.0,125.88,0.0,0.0,2543.83,-175.6199999999999,13182.87,16.175230658688726
2022-10-15 04:00:00,139.9,15740.85,4435.64,477.6,7282.45,0.0,126.09,0.0,0.0,2518.98,-170.62999999999988,13221.87,16.00282068630347
2022-10-15 05:00:00,133.36,15885.15,4369.34,471.41,7416.83,0.0,126.1,0.0,0.0,2653.28,-185.8499999999999,13231.869999999999,16.70289547155677
2022-10-15 06:00:00,147.49,16652.1,4803.94,473.01,7455.35,0.0,125.11,0.0,4.45,2769.66,-188.16000000000008,13877.989999999998,16.65922015841846
2022-10-15 07:00:00,144.51,17461.98,5013.49,474.39,7354.47,0.11,124.19,0.0,148.35,2859.39,29.36999999999989,14454.24,17.224507186470262
2022-10-15 08:00:00,153.97,18715.83,5024.75,520.21,7605.4,18.63,125.23,0.0,751.65,2699.09,270.7700000000001,15265.090000000002,18.43754725278013
2022-10-15 09:00:00,154.04,19352.36,5052.93,576.05,7779.18,59.34,125.45,0.0,1602.15,2271.28,269.75,15478.93,20.015284957493556
2022-10-15 10:00:00,151.46,19422.36,4952.42,546.15,7831.88,180.18,125.59,0.0,2297.3,1934.83,-65.61000000000001,15190.23,21.789988446306214
2022-10-15 11:00:00,151.58,19408.09,4953.05,528.2,7616.75,49.09,125.73,0.0,2818.81,1831.3,-100.63999999999999,14757.98,23.95964775513716
2022-10-15 12:00:00,144.91,19354.51,4949.62,504.26,7084.37,0.0,129.25,0.0,2887.05,1936.36,255.5300000000002,14531.099999999999,24.92137491468397
2022-10-15 13:00:00,136.57,19135.11,4926.8,485.38,6990.92,0.0,129.73,0.0,2485.86,2133.84,585.9700000000001,14515.41,24.142531712647592
2022-10-15 14:00:00,137.08,18814.6,4915.71,509.03,7134.69,0.0,129.7,0.0,1922.44,2001.39,657.37,14890.769999999999,20.855240079512722
2022-10-15 15:00:00,148.96,18769.91,4975.23,553.26,7899.05,8.24,133.9,0.0,1216.61,1809.15,485.12,15744.15,16.12026909026202
2022-10-15 16:00:00,155.29,18651.86,4997.52,571.59,8483.07,23.34,136.53,0.0,558.06,1732.85,441.81999999999994,16360.95,12.282474777314432
2022-10-15 17:00:00,161.03,19013.14,4925.5,640.1,8746.09,340.56,150.3,37.71,180.54,1996.34,193.75000000000006,16836.26,11.449345031909512
2022-10-15 18:00:00,180.74,19808.7,4902.56,747.12,8789.53,1048.49,161.04,43.1,20.03,2343.94,57.67000000000007,17444.73,11.933998697541991
2022-10-15 19:00:00,186.33,19835.16,4900.92,743.09,8442.12,943.37,164.28,43.1,0.0,2682.85,159.69000000000005,17152.31,13.525729058903483
2022-10-15 20:00:00,161.76,19176.33,4909.86,614.6,7827.37,298.71,150.91,43.1,0.0,3029.5,669.0000000000001,16146.830000000002,15.798121955556665
2022-10-15 21:00:00,142.95,18094.56,4933.59,483.41,6849.98,9.31,137.23,43.1,0.0,3177.56,899.1199999999999,14917.000000000002,17.560858070049782
2022-10-15 22:00:00,130.22,16984.0,4959.07,448.82,6218.12,37.15,135.54,5.39,0.0,3184.8,531.71,13799.2,18.751766368346683
2022-10-15 23:00:00,107.42,15764.08,4655.11,435.45,5870.04,0.0,134.06,0.0,0.0,3294.79,3.6000000000000227,12469.29,20.900617099126624
2022-10-16 00:00:00,85.09,14741.13,4189.5,431.0,5504.4,0.0,121.29,0.0,0.0,3261.75,-40.59999999999991,11479.38,22.12686544382961
2022-10-16 01:00:00,86.34,14128.5,3847.28,432.65,5420.55,0.0,120.28,0.0,0.0,3210.1,-37.5300000000002,10918.4,22.720741763102946
2022-10-16 02:00:00,83.92,13867.31,3666.95,434.62,5433.77,0.0,120.18,0.0,0.0,3185.18,67.96000000000015,10682.13,22.968982448650817
2022-10-16 03:00:00,81.47,13630.05,3492.65,435.05,5432.42,0.0,120.2,0.0,0.0,3117.36,258.21000000000004,10512.689999999999,22.871229379202575
2022-10-16 04:00:00,85.4,13645.8,3714.42,434.45,5432.32,0.0,120.14,0.0,0.0,3148.0,83.61000000000013,10497.8,23.06936932975714
2022-10-16 05:00:00,89.21,13786.68,4009.68,433.45,5458.11,0.0,120.0,0.0,0.0,3077.2,-152.13,10709.48,22.32009446799374
2022-10-16 06:00:00,89.35,14267.89,3910.35,432.94,5457.02,0.0,119.19,0.0,3.98,3104.78,190.61000000000013,11159.13,21.78850551833523
2022-10-16 07:00:00,99.7,14547.93,4030.05,432.4,5452.25,0.0,119.14,0.0,134.13,3030.83,232.29999999999995,11382.970000000001,21.755397503287412
2022-10-16 08:00:00,105.33,15543.58,4100.95,434.63,5474.5,0.0,129.35,0.0,762.06,2869.59,555.48,11911.93,23.364308608441554
2022-10-16 09:00:00,101.66,16395.4,4088.56,435.4,5463.67,0.0,135.46,0.0,1858.53,2438.79,717.49,12098.080000000002,26.210522463617842
2022-10-16 10:00:00,91.0,16778.55,4088.24,440.72,5404.45,0.0,128.95,0.0,2654.83,2115.74,691.9599999999999,12007.98,28.432552276567403
2022-10-16 11:00:00,88.78,16705.43,4052.4,432.18,5337.35,0.0,128.05,0.0,3052.74,1889.91,554.7600000000001,11762.78,29.58708635455657
2022-10-16 12:00:00,90.23,16710.55,4086.23,456.36,5327.42,0.0,123.05,0.0,3267.69,1847.43,299.63,11595.43,30.610123544706784
2022-10-16 13:00:00,75.24,16646.21,3773.08,469.24,5302.67,0.0,120.05,0.0,2922.84,1914.66,985.88,11808.71,29.060669065210643
2022-10-16 14:00:00,80.02,16588.81,4025.84,468.07,5304.8,0.0,120.05,0.0,2574.55,2050.0,819.2199999999998,11964.260000000002,27.877527080001517
2022-10-16 15:00:00,84.21,16534.8,4739.44,492.7,5418.94,0.0,120.05,0.0,1956.7,1980.73,453.78999999999996,12597.369999999999,23.81298836393546
2022-10-16 16:00:00,136.06,16604.89,5048.73,587.19,5969.17,33.29,124.48,0.0,1150.49,1899.0,379.68000000000006,13555.4,18.365011752562047
2022-10-16 17:00:00,139.44,17167.05,5085.15,623.93,7043.64,499.0,139.41,37.71,318.8,1823.73,-96.84999999999991,15024.519999999999,12.480478591254759
2022-10-16 18:00:00,145.05,18397.53,5074.81,705.98,7686.29,971.4,146.41,43.1,22.29,2383.51,-350.05000000000007,15991.73,13.076755412275453
2022-10-16 19:00:00,152.94,18680.48,5155.41,626.41,7501.38,736.24,148.28,43.1,0.0,2966.73,-123.34000000000003,15713.75,15.881444159893107
2022-10-16 20:00:00,144.01,18222.94,5197.31,606.77,6857.75,613.16,149.81,43.1,0.0,3236.83,-1.4600000000000364,14986.109999999999,17.7623917984694
2022-10-16 21:00:00,140.28,17393.14,5179.46,568.25,6470.43,167.9,141.81,43.1,0.0,3291.91,-39.139999999999986,14101.23,18.926484809528354
2022-10-16 22:00:00,140.04,16498.49,5133.62,530.61,6001.93,0.0,120.15,5.39,0.0,2809.53,466.95000000000005,13688.960000000001,17.029012958155565
2022-10-16 23:00:00,132.02,15617.7,5017.04,530.83,5852.53,0.0,118.88,0.0,0.0,2289.66,411.6299999999999,13328.04,14.660673466643615
2022-10-17 00:00:00,128.31,14781.48,4820.9,532.41,6242.26,0.0,116.41,0.0,0.0,1842.86,254.02999999999997,12938.619999999999,12.467357801789806
2022-10-17 01:00:00,133.03,14511.58,4832.33,533.62,6399.31,0.0,117.04,0.0,0.0,1379.55,501.32999999999987,13132.03,9.506545806865965
2022-10-17 02:00:00,134.4,14316.1,4851.52,514.43,6557.55,0.0,117.08,0.0,0.0,997.7,504.2700000000001,13318.4,6.9690767737023345
2022-10-17 03:00:00,122.49,14388.81,4849.47,500.96,6721.51,0.0,117.05,0.0,0.0,853.88,589.8300000000002,13534.93,5.9343336940302915
2022-10-17 04:00:00,109.97,14863.73,4828.03,534.7,6808.88,0.0,117.03,0.0,0.0,770.79,993.49,14092.939999999999,5.1857104508760585
2022-10-17 05:00:00,159.18,16011.31,4883.08,569.95,7962.79,0.0,117.15,0.0,0.0,794.19,369.22,15217.119999999999,4.960181271863452
2022-10-17 06:00:00,197.23,19226.89,5590.24,761.64,9252.86,204.0,117.94,37.71,0.59,1006.86,327.52999999999986,18219.44,5.239796971845161
2022-10-17 07:00:00,197.17,21052.11,5631.69,898.78,10191.07,547.03,117.13,43.1,166.85,1306.91,73.92999999999984,19578.350000000002,7.000533438215932
2022-10-17 08:00:00,195.24,21960.88,5496.53,868.45,10196.36,394.97,127.49,43.1,1210.71,1486.4,61.44999999999982,19263.77,12.28142952377136
2022-10-17 09:00:00,166.15,21910.16,5451.71,774.52,9329.86,43.78,143.3,5.39,2747.54,1473.84,128.63000000000005,17688.78,19.266769389178354
2022-10-17 10:00:00,142.69,21340.36,5392.98,694.12,8468.48,0.0,135.33,0.0,3957.84,1049.76,51.92000000000007,16332.76,23.46539608516445
2022-10-17 11:00:00,130.43,21418.13,5376.32,688.85,8166.32,0.0,134.25,0.0,4763.99,795.45,-56.29000000000019,15858.690000000002,25.95670116858941
2022-10-17 12:00:00,120.11,21292.06,5213.0,688.48,7737.8,0.0,134.33,0.0,5184.68,837.45,189.82,15269.93,28.283454019949218
2022-10-17 13:00:00,121.66,21270.56,5273.43,677.64,7548.55,0.0,135.2,0.0,5107.88,1025.98,75.92999999999995,15136.7,28.83732257166713
2022-10-17 14:00:00,123.52,20907.78,5277.14,583.14,7622.63,0.0,135.0,0.0,4273.24,1384.15,-39.10000000000002,15250.39,27.05877907649688
2022-10-17 15:00:00,137.93,21306.96,5411.08,491.05,8594.76,0.0,134.06,0.0,3164.16,1612.19,105.0399999999999,16530.61,22.41685346009004
2022-10-17 16:00:00,154.77,21387.33,5605.43,458.51,9414.88,0.0,138.51,0.0,1546.7,2119.48,184.05000000000007,17721.15,17.141831168266446
2022-10-17 17:00:00,163.39,21508.03,5496.36,539.72,9896.51,128.07,148.36,37.71,310.53,3199.73,-198.8800000000001,17997.769999999997,16.32069510782717
2022-10-17 18:00:00,164.91,22591.28,5533.91,562.48,9470.62,541.52,152.26,43.1,3.59,4412.94,-12.519999999999982,18174.75,19.54971121600901
2022-10-17 19:00:00,164.89,22964.88,5462.74,482.36,8978.95,787.62,152.69,43.1,0.0,5008.13,188.43999999999983,17956.75,21.80777778938971
2022-10-17 20:00:00,149.55,22242.53,5421.71,478.78,8532.59,497.13,143.71,5.39,0.0,5372.96,43.94999999999993,16869.57,24.156244815675194
2022-10-17 21:00:00,130.84,20674.25,4779.09,480.61,8121.16,53.14,142.06,0.0,0.0,5435.9,-24.850000000000136,15238.35,26.29309406629019
2022-10-17 22:00:00,127.7,18997.7,3843.19,482.33,7750.9,0.0,137.53,0.0,0.0,5330.68,-124.11999999999989,13667.02,28.05960721561031
2022-10-17 23:00:00,108.66,17599.84,3483.91,480.66,7469.27,0.0,136.9,0.0,0.0,5141.75,-444.1099999999999,12458.09,29.21475422503841
2022-10-18 00:00:00,132.49,16556.66,3592.96,526.69,7442.48,0.0,126.28,0.0,0.0,4474.33,-768.97,12082.33,27.02435152983754
2022-10-18 01:00:00,134.76,16108.6,3947.91,561.78,7497.76,0.0,119.9,0.0,0.0,3984.41,-1269.8100000000002,12124.19,24.734675887414177
2022-10-18 02:00:00,132.33,15815.88,4035.49,523.36,7348.06,0.0,119.9,0.0,0.0,3697.74,-1163.87,12118.14,23.379919422757382
2022-10-18 03:00:00,134.13,15781.78,4052.95,486.7,7464.27,0.0,119.9,0.0,0.0,3200.7,-745.6099999999999,12581.080000000002,20.280982246616034
2022-10-18 04:00:00,133.71,16158.93,4047.73,484.5,7503.39,0.0,119.9,0.0,0.0,2891.89,-68.17999999999984,13267.04,17.896543892448324
2022-10-18 05:00:00,150.3,17147.5,4865.55,506.01,7988.9,0.0,119.9,0.0,0.0,2469.3,5.399999999999977,14678.2,14.400349905234
2022-10-18 06:00:00,170.0,19810.66,5503.99,678.99,9634.18,65.2,119.9,37.71,0.59,2154.29,65.96000000000015,17655.78,10.877376119725442
2022-10-18 07:00:00,167.92,21299.65,5510.36,678.59,10473.47,498.07,135.95,43.1,161.03,1778.04,-10.079999999999927,19360.58,9.103764615850494
2022-10-18 08:00:00,177.3,22130.4,5518.86,677.63,10800.36,564.58,142.93,43.1,961.83,1308.13,44.01999999999998,19860.440000000002,10.257202761811806
2022-10-18 09:00:00,166.89,22131.06,5438.21,666.4,10852.75,159.42,145.7,5.39,1976.54,926.76,-51.69999999999993,19227.760000000002,13.118666706429789
2022-10-18 10:00:00,156.54,21663.58,5368.91,552.23,10374.47,0.0,132.33,0.0,2731.53,663.33,-178.33000000000004,18268.72,15.670817104098214
2022-10-18 11:00:00,154.59,21743.89,5490.12,492.82,10024.63,0.0,128.83,0.0,3096.16,573.8,91.08000000000004,18073.93,16.87812070425301
2022-10-18 12:00:00,151.47,21877.59,5521.08,481.57,10062.5,0.0,121.91,0.0,3106.63,589.35,153.35000000000014,18181.61,16.89390833268198
2022-10-18 13:00:00,150.62,21854.64,5537.5,485.45,10227.91,0.0,120.8,0.0,2821.51,650.89,92.96999999999991,18382.239999999998,15.888616788013895
2022-10-18 14:00:00,152.55,21709.9,5349.4,565.64,10557.68,0.0,120.06,0.0,2233.06,904.41,12.050000000000068,18572.43,14.451793882053806
2022-10-18 15:00:00,161.48,21895.25,5321.51,574.6,10963.67,0.0,120.23,0.0,1488.81,1411.35,-92.13000000000011,18995.09,13.245612632876993
2022-10-18 16:00:00,170.56,22016.6,5375.46,663.47,11167.74,11.84,132.43,0.0,730.15,1673.94,4.769999999999982,19612.51,10.919442602400009
2022-10-18 17:00:00,178.52,22351.78,5372.69,666.67,11383.02,270.21,149.63,37.71,254.85,2092.14,-117.35000000000002,20004.79,10.500237564972453
2022-10-18 18:00:00,183.27,23080.79,5487.27,668.77,11282.54,755.23,154.53,43.1,1.95,2423.66,-31.910000000000082,20655.18,10.509215672427155
2022-10-18 19:00:00,183.65,23146.11,5583.04,674.5,10972.05,662.82,158.6,43.1,0.0,2631.94,181.1599999999999,20514.170000000002,11.37098199222245
2022-10-18 20:00:00,172.1,22424.7,5613.6,592.16,10380.03,586.45,154.51,5.39,0.0,2748.86,177.62,19675.84,12.258179596605528
2022-10-18 21:00:00,141.79,20741.75,5392.75,479.7,9248.43,391.22,132.24,0.0,0.0,3183.81,-60.319999999999936,17557.94,15.34976556944327
2022-10-18 22:00:00,143.55,19139.74,5036.82,480.62,8292.62,0.0,122.19,0.0,0.0,3422.71,-96.27999999999975,15717.030000000002,17.882740308907017
2022-10-18 23:00:00,115.89,17892.75,4003.57,481.1,7860.12,0.0,117.59,0.0,0.0,3674.28,-6.7599999999997635,14218.47,20.535021167791427
2022-10-19 00:00:00,103.89,16726.66,3607.96,480.48,7675.6,0.0,117.51,0.0,0.0,3560.15,-0.13999999999987267,13166.51,21.2842850873994
2022-10-19 01:00:00,106.8,16204.5,3698.62,478.07,7702.09,0.0,118.75,0.0,0.0,3645.56,-511.5799999999999,12558.94,22.497207565799624
2022-10-19 02:00:00,110.64,15922.64,3897.08,475.43,7665.23,0.0,118.54,0.0,0.0,3614.45,-978.0599999999998,12308.189999999999,22.700067325518884
2022-10-19 03:00:00,110.22,15865.71,3899.32,472.65,7690.51,0.0,118.1,0.0,0.0,3630.26,-1010.5599999999998,12235.449999999999,22.88116951589308
2022-10-19 04:00:00,109.51,16155.19,3718.44,465.67,7586.85,0.0,118.1,0.0,0.0,3631.11,-501.03,12524.08,22.476430175070675
2022-10-19 05:00:00,117.0,16974.56,4140.09,469.95,7766.01,0.0,117.98,0.0,0.0,3393.88,-215.84000000000003,13580.68,19.99392031369296
2022-10-19 06:00:00,148.28,19723.45,5190.21,639.95,8939.22,0.0,117.23,0.0,1.24,3106.58,-76.46000000000004,16615.63,15.756979635915622
2022-10-19 07:00:00,149.25,21327.99,5266.32,687.61,10098.57,27.55,118.1,0.0,80.64,3132.31,-104.86000000000013,18115.04,15.064476305549654
2022-10-19 08:00:00,156.56,22075.36,5156.17,682.97,10154.67,93.63,122.1,0.0,557.58,3307.43,-70.13999999999999,18210.350000000002,17.508253546035036
2022-10-19 09:00:00,140.7,22212.23,5150.05,586.51,9528.72,0.0,123.85,0.0,1305.68,3284.03,238.51999999999998,17622.52,20.662986111705127
2022-10-19 10:00:00,125.5,22005.69,5042.23,519.57,8814.55,0.0,122.23,0.0,1941.26,3393.14,224.20999999999992,16671.29,24.24100312237426
2022-10-19 11:00:00,114.16,22333.76,4974.2,519.5,8667.56,0.0,122.98,0.0,2407.23,3694.11,54.41000000000008,16232.419999999998,27.3189109222988
2022-10-19 12:00:00,107.59,22671.16,4981.86,562.66,8380.39,204.79,122.1,0.0,2753.08,3651.55,103.57999999999998,16266.529999999999,28.250120417305514
2022-10-19 13:00:00,106.8,22428.11,5000.53,590.54,8469.79,109.58,122.1,0.0,2648.63,3543.98,-42.16000000000008,16235.5,27.610931103869206
2022-10-19 14:00:00,116.36,22080.94,4920.33,582.64,8804.56,0.0,119.85,0.0,2623.1,3323.16,-156.92999999999984,16134.679999999998,26.929378912310803
2022-10-19 15:00:00,131.93,21974.18,4943.62,585.32,9230.6,0.0,119.2,0.0,2187.11,3189.11,-151.72000000000003,16597.96,24.466077915080337
2022-10-19 16:00:00,142.32,21597.49,4987.36,765.59,9936.41,0.0,132.1,0.0,1012.78,2883.56,-123.82999999999993,17701.15,18.04070750814099
2022-10-19 17:00:00,157.91,21812.4,5205.63,1072.43,10665.18,14.76,151.24,37.71,202.86,2438.3,-175.64,19171.24,12.108525425904531
2022-10-19 18:00:00,191.18,22882.54,5194.36,1133.93,11432.3,538.92,157.44,43.1,5.11,2231.94,-169.68999999999994,20645.49,9.776231135179923
2022-10-19 19:00:00,190.05,23039.05,5228.67,1185.52,11334.33,769.94,163.45,43.1,0.0,2148.84,-101.94000000000005,20890.21,9.326947074640666
2022-10-19 20:00:00,188.05,22437.95,5480.17,1210.14,10672.32,583.95,150.95,43.1,0.0,1824.39,215.59000000000015,20613.56,8.130823002992697
2022-10-19 21:00:00,166.1,20966.83,5573.84,1157.89,9921.93,105.25,143.21,43.1,0.0,1603.24,223.08000000000004,19363.59,7.646554104745447
2022-10-19 22:00:00,160.89,19492.33,5368.67,1053.36,8975.34,0.0,140.23,5.39,0.0,1443.15,464.5099999999999,18049.18,7.403681345431767
2022-10-19 23:00:00,143.0,18161.88,5019.0,1003.3,8510.87,0.0,139.63,0.0,0.0,1136.5,535.89,17025.38,6.257612097426037
2022-10-20 00:00:00,145.78,17065.19,4496.12,1013.49,8239.73,0.0,136.69,0.0,0.0,930.71,672.2299999999999,16134.48,5.453850792168151
2022-10-20 01:00:00,140.71,16590.9,4521.52,1012.28,8212.34,0.0,133.33,0.0,0.0,816.73,337.95000000000005,15774.170000000002,4.9227588617856775
2022-10-20 02:00:00,145.25,16312.0,4369.9,1012.18,8217.02,0.0,133.39,0.0,0.0,740.83,293.72000000000014,15571.17,4.541625796959294
2022-10-20 03:00:00,143.98,16350.24,4228.94,1009.65,8262.58,0.0,133.51,0.0,0.0,705.66,515.16,15644.58,4.315899950092476
2022-10-20 04:00:00,140.71,16745.13,4374.48,1017.41,8279.51,0.0,133.39,0.0,0.0,736.46,626.4100000000001,16008.670000000002,4.398054837436318
2022-10-20 05:00:00,154.55,17552.48,4831.94,1055.72,8601.18,0.25,133.51,0.0,0.0,762.01,566.9499999999998,16790.47,4.341323847114482
2022-10-20 06:00:00,188.85,20368.29,5563.68,1224.4,10026.12,281.63,133.45,37.71,0.14,828.89,109.63000000000005,19539.260000000002,4.070199314719105
2022-10-20 07:00:00,187.03,22159.98,5767.81,1230.43,10987.39,545.79,142.68,43.1,138.84,865.34,62.57999999999993,21155.8,4.531502284749355
2022-10-20 08:00:00,186.98,22939.96,5783.85,1210.48,11005.49,432.15,176.01,43.1,1188.09,857.94,-71.57999999999993,20893.93,8.91906524684437
2022-10-20 09:00:00,158.67,22861.25,5702.7,1082.51,10271.08,196.92,173.53,5.39,2754.55,714.6,-175.26,19392.1,15.1748045273115
2022-10-20 10:00:00,139.56,22214.4,5505.82,857.65,9204.1,0.0,162.46,0.0,4094.55,363.13,-29.839999999999918,17756.72,20.066623451454912
2022-10-20 11:00:00,122.63,21778.4,5392.31,812.64,8712.64,0.0,146.39,0.0,4915.48,281.38,-274.82000000000005,16581.54,23.862450868750688
2022-10-20 12:00:00,110.57,21907.89,5162.26,816.15,8560.46,0.0,137.31,0.0,5352.96,475.33,-397.3900000000001,16079.599999999999,26.60361175813828
2022-10-20 13:00:00,118.45,21836.95,5004.44,817.3,8598.09,0.0,137.48,0.0,5167.5,676.01,-298.92999999999995,15993.44,26.759735219433118
2022-10-20 14:00:00,134.27,21611.54,5305.24,809.88,8409.6,0.0,137.71,0.0,4658.63,789.43,-270.73000000000013,16163.48,25.20903184132181
2022-10-20 15:00:00,143.46,21810.25,5592.26,824.32,8968.73,0.0,139.89,0.0,3518.11,934.88,-194.51999999999998,17357.260000000002,20.416959915635996
2022-10-20 16:00:00,156.12,21907.23,5808.44,907.52,10074.56,0.0,153.85,0.0,1730.0,1029.25,40.24000000000001,19147.98,12.595156941338544
2022-10-20 17:00:00,171.77,22241.99,5916.68,1177.19,10911.46,230.68,155.5,37.71,287.64,1353.94,-115.7299999999999,20600.410000000003,7.380544636518584
2022-10-20 18:00:00,186.98,23173.49,5739.74,1192.19,11014.52,770.1,170.64,43.1,4.98,2180.66,-264.1999999999998,20987.850000000002,9.431639343059677
2022-10-20 19:00:00,185.01,23294.18,5727.75,1074.72,10369.71,762.16,173.48,43.1,0.0,3066.19,-153.12999999999977,20227.99,13.16290163465724
2022-10-20 20:00:00,148.96,22834.69,5454.61,1005.02,9542.6,844.54,161.49,5.39,0.0,3738.16,-101.69999999999993,19096.53,16.37053097721055
2022-10-20 21:00:00,131.13,21223.41,4531.91,1007.36,8808.08,764.12,147.89,0.0,0.0,4168.45,-150.19000000000005,17054.96,19.640811726296576
2022-10-20 22:00:00,117.83,19607.48,3881.57,1009.83,8309.88,218.33,136.11,0.0,0.0,4368.34,-149.4699999999999,15239.14,22.278946606091147
2022-10-20 23:00:00,104.63,18284.25,3646.25,913.49,8190.92,16.53,135.66,0.0,0.0,4528.18,-810.58,13756.07,24.76546754720593
2022-10-21 00:00:00,128.1,17331.33,3711.98,906.71,8341.06,0.0,125.76,0.0,0.0,4691.05,-1765.6200000000001,12640.280000000002,27.06687830651196
2022-10-21 01:00:00,118.62,16757.83,3793.62,908.6,8336.31,0.0,123.5,0.0,0.0,4687.24,-2218.38,12070.590000000002,27.97044724764483
2022-10-21 02:00:00,113.36,16364.85,3722.24,911.53,8369.91,0.0,123.79,0.0,0.0,4528.58,-2241.1299999999997,11836.27,27.672603170820388
2022-10-21 03:00:00,111.01,16449.14,3600.01,906.38,8290.53,0.0,125.56,0.0,0.0,4417.08,-1883.4400000000003,12032.06,26.852954014617183
2022-10-21 04:00:00,114.34,16802.86,4071.73,910.09,8333.86,0.0,125.54,0.0,0.0,4092.61,-1799.0500000000002,12710.25,24.35662738367159
2022-10-21 05:00:00,129.49,17709.28,4653.98,908.88,8367.78,0.0,124.51,0.0,0.0,3805.89,-1342.74,13903.39,21.490935825736564
2022-10-21 06:00:00,140.15,20270.54,5175.98,1039.45,8691.57,0.0,123.55,0.0,0.4,3550.44,-31.950000000000045,16719.7,17.51724423720335
2022-10-21 07:00:00,139.89,22023.4,5641.28,1230.88,9337.42,1.7,116.81,0.0,153.41,3377.11,30.299999999999955,18492.88,16.030767274807705
2022-10-21 08:00:00,144.86,22623.05,5473.65,1203.44,9661.77,11.5,119.65,0.0,879.15,3210.68,-37.11000000000013,18533.22,18.078154802292353
2022-10-21 09:00:00,144.65,22812.81,5529.99,1166.73,9191.1,21.42,124.81,0.0,1891.38,2744.09,60.1099999999999,18177.34,20.319592369374924
2022-10-21 10:00:00,141.49,22385.91,5437.14,914.98,9062.7,29.74,123.2,0.0,2512.75,2169.79,116.97000000000014,17703.37,20.9173538176469
2022-10-21 11:00:00,146.68,22580.04,5454.59,816.6,9433.9,45.45,116.09,0.0,2762.16,1799.06,47.77999999999997,18018.82,20.200229937590894
2022-10-21 12:00:00,150.68,22514.26,5629.65,738.4,9551.62,50.54,113.18,0.0,2640.15,1504.49,157.84000000000003,18369.62,18.408955035608546
2022-10-21 13:00:00,162.39,22508.18,5738.28,817.41,9765.29,27.16,114.53,0.0,2616.08,1359.36,-117.61000000000001,18532.74,17.662201030914094
2022-10-21 14:00:00,160.27,22132.63,5733.32,821.91,9918.87,0.0,114.48,0.0,2229.13,1280.26,-116.86999999999989,18623.24,15.85618157444461
2022-10-21 15:00:00,166.15,22073.68,5880.46,832.37,10322.45,90.08,114.4,0.0,1253.93,1341.81,43.530000000000086,19477.940000000002,11.759434765748166
2022-10-21 16:00:00,170.21,22039.68,5902.44,829.63,10577.24,291.86,124.9,0.0,446.2,1575.16,16.639999999999986,20018.32,9.171458024798909
2022-10-21 17:00:00,168.73,22279.65,5805.31,876.78,10819.49,313.95,126.4,37.71,116.55,2036.45,-126.65999999999997,20126.65,9.66352703027202
2022-10-21 18:00:00,168.76,22931.48,5795.13,911.19,11206.04,433.19,142.84,43.1,2.23,2454.8,-373.61,20474.45,10.714659498645531
2022-10-21 19:00:00,167.08,22893.29,5823.88,913.68,10521.15,414.17,145.15,43.1,0.0,2617.96,149.48000000000002,20275.33,11.435490486513732
2022-10-21 20:00:00,166.05,22295.51,5844.49,914.01,10241.95,244.46,136.25,43.1,0.0,2480.41,155.37,19815.1,11.125154795741384
2022-10-21 21:00:00,156.61,20876.01,5750.58,890.06,9663.82,28.58,130.05,5.39,0.0,2303.34,17.500000000000227,18572.67,11.033430238824375
2022-10-21 22:00:00,166.07,19337.69,5257.9,847.51,8814.04,50.69,121.75,0.0,0.0,2166.08,26.620000000000005,17171.61,11.201337905406488
2022-10-21 23:00:00,142.45,18059.39,4876.71,735.89,8304.5,6.86,112.38,0.0,0.0,1980.04,79.87000000000012,16079.349999999999,10.964046958396713
2022-10-22 00:00:00,152.47,16940.99,4311.67,653.82,7670.53,19.27,117.44,0.0,0.0,1653.85,759.3400000000001,15287.140000000001,9.76241648215364
2022-10-22 01:00:00,152.47,16302.65,4184.12,655.25,7505.09,7.73,118.4,0.0,0.0,1426.2,786.3300000000002,14876.449999999999,8.74827098661874
2022-10-22 02:00:00,154.08,16000.61,4047.2,685.4,7839.17,0.0,118.31,0.0,0.0,1356.84,404.6299999999998,14643.77,8.479926702794454
2022-10-22 03:00:00,154.07,15910.33,4027.3,663.77,7730.23,0.0,118.3,0.0,0.0,1336.94,629.24,14573.39,8.402968385947998
2022-10-22 04:00:00,154.07,15957.8,4035.45,653.66,7897.87,0.0,118.3,0.0,0.0,1197.04,588.2800000000001,14760.759999999998,7.501284638233341
2022-10-22 05:00:00,148.47,16195.78,4041.72,725.6,7924.79,0.0,118.18,0.0,0.0,1140.03,780.0,15055.75,7.039055852820919
2022-10-22 06:00:00,135.92,17028.36,4348.33,676.68,7944.77,0.0,117.43,0.0,0.3,963.68,1446.22,16064.380000000001,5.661026663753878
2022-10-22 07:00:00,155.6,17890.75,4520.89,751.11,8253.41,0.0,118.48,0.0,73.08,980.95,1402.3,16836.72,5.8914802341992365
2022-10-22 08:00:00,176.26,19164.71,4637.67,846.68,8826.88,0.0,118.6,0.0,445.44,897.04,1488.71,17822.23,7.004958593164207
2022-10-22 09:00:00,181.0,19921.21,4636.03,826.6,9198.55,0.0,129.88,0.0,849.33,774.63,1581.04,18297.25,8.151914467042916
2022-10-22 10:00:00,190.88,20338.16,4710.24,816.96,9369.66,39.16,138.78,0.0,1056.56,721.29,1436.12,18560.31,8.741449570659292
2022-10-22 11:00:00,189.6,20668.68,4747.02,792.05,9869.35,29.47,138.1,0.0,1110.48,639.24,1238.68,18918.96,8.46556238714809
2022-10-22 12:00:00,176.36,20633.79,4626.19,782.6,9997.33,123.55,127.5,0.0,955.63,610.7,1358.93,19067.46,7.591092087299521
2022-10-22 13:00:00,170.28,20428.86,4586.97,776.12,10059.24,134.26,120.48,0.0,736.99,699.74,1261.7400000000002,18992.13,7.032844710864923
2022-10-22 14:00:00,163.15,19893.34,4496.39,768.42,9841.15,101.71,120.43,0.0,551.01,826.18,1144.1599999999999,18516.15,6.922869663917673
2022-10-22 15:00:00,156.82,19696.2,4538.81,771.03,9426.19,2.56,121.3,0.0,409.26,980.64,1452.78,18306.3,7.0566911383921775
2022-10-22 16:00:00,166.92,19620.65,4579.54,774.82,9588.44,16.36,131.68,0.0,226.45,1200.35,1073.9499999999998,18193.850000000002,7.271930338699279
2022-10-22 17:00:00,188.25,19799.98,4609.81,745.17,9850.92,306.49,132.3,37.71,78.28,1290.54,724.85,18431.16,6.913239306302329
2022-10-22 18:00:00,188.32,20494.89,4638.89,701.55,9840.37,637.0,145.31,43.1,2.99,1356.98,1082.0,19134.92,6.635654058157912
2022-10-22 19:00:00,187.48,20366.1,4599.57,730.52,9546.47,678.93,161.11,43.1,0.0,1475.03,1062.27,18891.07,7.242574670653684
2022-10-22 20:00:00,177.84,19648.44,4579.57,685.65,8923.82,96.32,151.36,43.1,0.0,1614.61,1606.87,18033.829999999998,8.217497165169346
2022-10-22 21:00:00,143.0,18467.26,4514.6,591.77,8105.06,0.0,144.39,5.39,0.0,1837.26,1487.01,16630.0,9.948741719128881
2022-10-22 22:00:00,137.01,17304.34,4200.94,653.53,7558.31,0.0,123.43,0.0,0.0,1934.35,1113.7800000000002,15369.99,11.178409578175186
2022-10-22 23:00:00,132.42,16190.48,3862.14,745.2,7365.73,0.0,122.38,0.0,0.0,2031.01,326.09000000000003,14159.47,12.54447057777163
2022-10-23 00:00:00,111.49,15134.48,3716.97,779.07,6689.29,0.0,115.45,0.0,0.0,2127.38,61.960000000000036,13007.099999999999,14.056512017591619
2022-10-23 01:00:00,104.74,14503.36,3476.78,778.27,6565.19,0.0,114.3,0.0,0.0,2054.16,48.66000000000008,12449.2,14.163338702204179
2022-10-23 02:00:00,93.67,14170.85,3502.02,780.97,6465.92,0.0,114.3,0.0,0.0,1874.46,126.90000000000003,12296.39,13.22757632746095
2022-10-23 03:00:00,93.66,13890.58,3532.34,784.28,6541.51,0.0,114.3,0.0,0.0,1722.98,75.03999999999996,12167.6,12.403945695572109
2022-10-23 04:00:00,104.84,13936.71,3566.4,783.71,6539.16,0.0,114.3,0.0,0.0,1607.73,129.6500000000001,12328.98,11.535936386708197
2022-10-23 05:00:00,111.28,14079.94,3639.28,780.78,6568.25,0.0,114.43,0.0,0.0,1564.9,48.34000000000003,12515.04,11.114393953383324
2022-10-23 06:00:00,104.92,14475.28,3761.92,775.01,6595.46,0.0,115.18,0.0,0.31,1578.64,72.92000000000007,12896.33,10.907906444642176
2022-10-23 07:00:00,108.66,14927.43,4170.06,771.48,6724.38,0.0,114.3,0.0,51.54,1558.05,-140.17000000000007,13317.84,10.782767026876025
2022-10-23 08:00:00,119.18,15851.74,4301.05,851.88,6990.82,0.0,113.25,0.0,473.18,1428.59,-42.280000000000086,13949.97,11.997231849626603
2022-10-23 09:00:00,114.88,16735.13,4179.79,948.88,6825.85,0.0,113.1,0.0,1299.13,1280.79,406.95,14155.210000000001,15.416193360912045
2022-10-23 10:00:00,102.82,17224.78,3739.51,1028.78,6651.38,0.0,114.5,0.0,2100.85,1190.69,860.5500000000001,13933.239999999998,19.1093296982603
2022-10-23 11:00:00,93.43,17418.93,3399.58,1022.64,6621.2,0.0,114.58,0.0,2749.9,1140.46,1124.21,13528.57,22.334092851857147
2022-10-23 12:00:00,84.42,17351.11,3487.91,1082.81,6501.61,0.0,113.83,0.0,3032.65,1141.91,594.1300000000001,13176.55,24.059325311176057
2022-10-23 13:00:00,76.17,17251.28,3479.94,806.35,6511.52,0.0,114.58,0.0,3145.5,1062.91,656.1400000000001,13042.869999999999,24.394769547535024
2022-10-23 14:00:00,78.31,17023.48,3522.13,857.3,6529.41,0.0,113.13,0.0,2926.43,873.98,593.0600000000002,13223.07,22.324518841036028
2022-10-23 15:00:00,106.88,16827.85,4181.72,917.6,6727.34,0.0,115.73,0.0,2006.13,595.65,581.8100000000001,14226.069999999998,15.461155168366728
2022-10-23 16:00:00,129.17,17010.4,4589.59,1093.77,7707.02,0.0,127.23,0.0,846.54,425.76,398.53999999999996,15738.100000000002,7.479541927291539
2022-10-23 17:00:00,150.79,17707.8,4506.67,1223.98,8488.76,80.88,128.1,37.71,179.53,505.0,669.79,17023.27,3.8656976021866067
2022-10-23 18:00:00,165.15,18866.06,4434.13,1546.87,9001.56,706.69,148.36,43.1,3.54,690.11,271.9699999999999,18172.41,3.6767083323173995
2022-10-23 19:00:00,167.72,19030.29,4399.63,1659.67,8585.96,745.87,161.65,43.1,0.0,1098.58,459.6199999999999,17931.71,5.772796946341858
2022-10-23 20:00:00,152.68,18554.28,4413.99,1596.78,8274.78,232.8,153.99,43.1,0.0,1483.24,548.3299999999999,17071.039999999997,7.99405851372298
2022-10-23 21:00:00,141.13,17627.55,4285.04,1421.76,7618.31,90.57,144.53,5.39,0.0,1761.93,495.4599999999999,15865.619999999999,9.995319826067718
2022-10-23 22:00:00,123.6,16701.95,3996.29,1289.59,7313.95,11.57,137.28,0.0,0.0,2017.64,196.8599999999999,14684.310000000001,12.080266076715592
2022-10-23 23:00:00,109.36,15613.01,3314.6,1300.56,7087.35,33.38,134.78,0.0,0.0,2265.3,-39.3900000000001,13347.71,14.509053667422233
